{"type":"FeatureCollection","features":[{"type":"Feature","properties":{"wilayah_id":14,"kelurahan":"Citeureup","kecamatan":"Cimahi Utara","jumlah_rw":19},"geometry":{"type":"Polygon","coordinates":[[[107.542805,-6.867634],[107.542811,-6.867637],[107.542816,-6.867638],[107.542837,-6.867645],[107.54289,-6.867662],[107.543068,-6.86775],[107.543076,-6.867754],[107.543185,-6.867811],[107.543425,-6.867759],[107.543552,-6.867825],[107.54357,-6.867844],[107.543622,-6.867902],[107.543623,-6.867906],[107.543628,-6.868011],[107.543629,-6.868012],[107.543637,-6.868023],[107.543642,-6.868028],[107.543646,-6.868034],[107.543678,-6.868074],[107.54372,-6.868101],[107.543736,-6.868111],[107.543784,-6.868153],[107.543959,-6.868303],[107.544091,-6.868425],[107.544127,-6.868453],[107.544301,-6.868587],[107.544335,-6.868613],[107.544343,-6.868619],[107.544352,-6.868627],[107.544358,-6.868619],[107.544426,-6.868522],[107.544524,-6.868577],[107.544552,-6.868593],[107.544587,-6.868612],[107.544621,-6.868629],[107.544707,-6.86869],[107.544701,-6.868699],[107.544678,-6.868732],[107.544677,-6.868733],[107.544622,-6.868813],[107.544782,-6.868971],[107.54477,-6.869081],[107.54471,-6.869203],[107.544711,-6.86935],[107.544577,-6.869585],[107.544571,-6.869595],[107.544559,-6.869602],[107.544487,-6.869705],[107.544482,-6.869716],[107.544495,-6.869729],[107.544522,-6.86976],[107.544697,-6.869952],[107.544726,-6.869985],[107.54484,-6.870092],[107.544931,-6.870142],[107.545029,-6.870168],[107.545053,-6.870136],[107.545103,-6.870089],[107.545214,-6.86995],[107.545299,-6.869843],[107.545308,-6.869831],[107.545324,-6.869823],[107.545378,-6.869857],[107.545388,-6.869863],[107.545507,-6.869948],[107.545966,-6.870274],[107.546014,-6.870297],[107.546036,-6.870295],[107.54609,-6.870291],[107.546159,-6.8703],[107.546163,-6.870301],[107.546189,-6.870308],[107.546207,-6.870313],[107.546217,-6.870316],[107.546258,-6.870327],[107.546331,-6.870338],[107.546336,-6.870336],[107.546339,-6.870337],[107.546342,-6.870336],[107.546373,-6.870324],[107.546421,-6.870304],[107.546444,-6.870298],[107.546486,-6.870286],[107.546524,-6.870283],[107.546557,-6.870286],[107.546589,-6.870237],[107.5466,-6.870244],[107.546688,-6.870299],[107.546793,-6.870382],[107.54677,-6.870434],[107.546746,-6.87049],[107.546746,-6.870491],[107.546802,-6.870535],[107.546835,-6.870561],[107.54696,-6.870661],[107.547057,-6.870726],[107.547134,-6.870778],[107.547177,-6.870815],[107.547254,-6.870879],[107.547283,-6.870904],[107.547331,-6.870929],[107.547337,-6.870932],[107.547442,-6.870962],[107.547609,-6.871072],[107.54761,-6.871073],[107.547758,-6.87117],[107.547777,-6.871183],[107.547778,-6.871183],[107.54779,-6.871192],[107.547791,-6.871192],[107.547816,-6.871211],[107.547962,-6.871317],[107.547912,-6.871374],[107.547895,-6.871405],[107.547822,-6.871522],[107.547885,-6.871563],[107.547909,-6.871579],[107.547912,-6.87158],[107.548051,-6.871683],[107.54816,-6.871745],[107.548177,-6.871711],[107.548228,-6.871624],[107.54837,-6.871379],[107.548397,-6.871427],[107.548429,-6.871466],[107.548595,-6.871666],[107.548756,-6.871854],[107.548785,-6.87188],[107.548821,-6.871813],[107.548922,-6.871657],[107.548984,-6.871561],[107.549069,-6.871478],[107.549169,-6.87138],[107.549225,-6.871345],[107.549309,-6.871293],[107.549416,-6.87128],[107.549464,-6.871274],[107.549592,-6.871292],[107.549897,-6.871276],[107.550136,-6.871264],[107.550235,-6.871243],[107.550267,-6.871258],[107.550293,-6.87127],[107.550344,-6.871293],[107.550442,-6.871352],[107.55048,-6.871393],[107.550512,-6.871428],[107.550537,-6.871476],[107.55055,-6.871502],[107.550607,-6.871548],[107.550668,-6.871597],[107.550699,-6.871621],[107.550709,-6.871628],[107.55072,-6.871636],[107.550758,-6.871664],[107.550897,-6.871757],[107.550905,-6.871762],[107.550908,-6.871764],[107.550913,-6.87177],[107.551007,-6.87188],[107.551008,-6.87188],[107.551008,-6.871881],[107.551025,-6.871936],[107.551075,-6.871992],[107.551091,-6.87201],[107.551107,-6.872036],[107.551141,-6.872094],[107.551142,-6.872095],[107.551156,-6.872107],[107.551192,-6.872128],[107.551195,-6.87213],[107.551255,-6.872166],[107.551262,-6.87217],[107.55136,-6.872228],[107.551447,-6.872271],[107.55147,-6.872277],[107.551505,-6.872284],[107.551566,-6.872279],[107.551569,-6.872278],[107.551573,-6.872278],[107.551588,-6.872273],[107.551644,-6.872255],[107.551646,-6.872254],[107.551692,-6.872242],[107.551693,-6.872241],[107.551693,-6.87224],[107.551694,-6.872238],[107.551695,-6.872235],[107.551697,-6.872232],[107.551697,-6.872231],[107.551701,-6.872222],[107.551704,-6.872215],[107.551707,-6.872207],[107.551712,-6.872196],[107.551715,-6.87219],[107.551719,-6.872179],[107.551722,-6.872172],[107.551738,-6.872136],[107.55174,-6.87213],[107.551745,-6.87212],[107.551749,-6.87211],[107.551749,-6.872108],[107.55175,-6.872108],[107.55175,-6.872106],[107.551751,-6.872105],[107.551751,-6.872104],[107.551752,-6.872103],[107.551752,-6.872102],[107.551753,-6.872101],[107.551753,-6.8721],[107.551785,-6.872024],[107.551801,-6.871988],[107.551818,-6.871948],[107.551818,-6.871947],[107.551819,-6.871947],[107.551819,-6.871945],[107.55182,-6.871944],[107.551821,-6.871942],[107.551823,-6.871937],[107.551828,-6.871924],[107.551829,-6.871923],[107.551841,-6.871912],[107.551864,-6.871888],[107.551876,-6.871877],[107.551913,-6.871863],[107.55193,-6.871857],[107.551958,-6.871842],[107.551972,-6.871834],[107.551972,-6.871833],[107.551994,-6.87178],[107.551999,-6.871756],[107.552008,-6.871713],[107.552004,-6.871666],[107.552001,-6.871633],[107.551998,-6.871594],[107.551998,-6.871591],[107.551997,-6.871582],[107.551996,-6.871572],[107.551995,-6.87156],[107.551994,-6.871553],[107.551992,-6.871517],[107.551987,-6.871444],[107.551984,-6.871396],[107.552001,-6.871329],[107.552003,-6.871328],[107.552022,-6.871312],[107.552049,-6.871288],[107.552078,-6.871263],[107.552105,-6.871239],[107.55215,-6.871222],[107.552251,-6.871221],[107.552277,-6.871232],[107.552312,-6.871247],[107.552333,-6.871255],[107.552348,-6.871266],[107.55237,-6.871281],[107.552388,-6.871293],[107.552407,-6.871306],[107.552441,-6.87133],[107.552467,-6.871347],[107.552495,-6.871366],[107.552504,-6.871371],[107.552551,-6.871394],[107.552574,-6.871406],[107.552604,-6.87142],[107.552616,-6.871426],[107.552628,-6.871433],[107.55273,-6.871484],[107.55274,-6.871488],[107.552759,-6.871496],[107.552763,-6.871498],[107.552777,-6.871504],[107.552779,-6.871504],[107.55278,-6.871505],[107.552782,-6.871506],[107.552787,-6.871508],[107.552793,-6.87151],[107.552794,-6.871511],[107.552798,-6.871511],[107.552845,-6.871513],[107.552906,-6.87151],[107.552971,-6.87147],[107.553019,-6.87142],[107.553062,-6.871375],[107.553131,-6.871259],[107.55315,-6.871164],[107.553149,-6.871095],[107.553149,-6.871026],[107.553139,-6.870974],[107.553106,-6.870892],[107.553096,-6.870853],[107.553155,-6.870689],[107.553179,-6.87062],[107.553196,-6.87056],[107.55322,-6.870524],[107.553223,-6.87052],[107.553224,-6.870518],[107.553227,-6.870515],[107.55323,-6.870513],[107.553252,-6.870499],[107.55326,-6.870493],[107.553329,-6.87048],[107.553414,-6.870489],[107.553416,-6.870489],[107.553471,-6.870494],[107.553552,-6.870493],[107.55361,-6.870492],[107.553632,-6.870491],[107.553646,-6.870493],[107.553801,-6.870519],[107.553821,-6.870522],[107.553903,-6.870536],[107.553929,-6.87054],[107.553937,-6.870541],[107.553941,-6.870541],[107.553946,-6.87054],[107.553949,-6.87054],[107.554023,-6.870531],[107.554087,-6.870479],[107.554174,-6.870454],[107.554191,-6.870449],[107.554238,-6.870436],[107.554255,-6.870423],[107.554281,-6.870404],[107.554295,-6.870393],[107.554304,-6.870345],[107.554312,-6.870307],[107.554337,-6.870236],[107.554338,-6.870233],[107.554341,-6.870226],[107.554344,-6.870217],[107.554346,-6.870216],[107.554346,-6.870215],[107.554347,-6.870215],[107.554347,-6.870214],[107.554348,-6.870214],[107.554351,-6.870211],[107.554358,-6.870205],[107.554359,-6.870204],[107.554366,-6.870198],[107.554367,-6.870197],[107.55437,-6.870195],[107.554376,-6.87019],[107.554382,-6.870184],[107.554386,-6.870181],[107.554388,-6.870179],[107.554389,-6.870179],[107.55439,-6.870178],[107.554399,-6.87017],[107.554401,-6.870168],[107.554404,-6.870166],[107.554404,-6.870165],[107.554406,-6.870164],[107.554406,-6.870163],[107.554408,-6.870162],[107.55441,-6.87016],[107.554431,-6.870148],[107.554444,-6.87014],[107.554461,-6.87013],[107.554497,-6.870109],[107.554504,-6.870105],[107.554602,-6.87],[107.554627,-6.869972],[107.554651,-6.869947],[107.554686,-6.869909],[107.554701,-6.869895],[107.554713,-6.869885],[107.55478,-6.869825],[107.554871,-6.869744],[107.554935,-6.869702],[107.554936,-6.869701],[107.554946,-6.869694],[107.554969,-6.869679],[107.555114,-6.869582],[107.555168,-6.869546],[107.555217,-6.869513],[107.555337,-6.869433],[107.555431,-6.86937],[107.555462,-6.86934],[107.555479,-6.869324],[107.555498,-6.869316],[107.555607,-6.869276],[107.555647,-6.86926],[107.555698,-6.869242],[107.555708,-6.869239],[107.555756,-6.869222],[107.555832,-6.869195],[107.555883,-6.869177],[107.555907,-6.869169],[107.555918,-6.869165],[107.555919,-6.869165],[107.555922,-6.869164],[107.555923,-6.869163],[107.555924,-6.869163],[107.555925,-6.869162],[107.555926,-6.869162],[107.556079,-6.869118],[107.556182,-6.869002],[107.556183,-6.869001],[107.556194,-6.868976],[107.556193,-6.868944],[107.556191,-6.868903],[107.55619,-6.868877],[107.556166,-6.868803],[107.556139,-6.868739],[107.556113,-6.868674],[107.556098,-6.868631],[107.55604,-6.868457],[107.556039,-6.868304],[107.556017,-6.868156],[107.556026,-6.86807],[107.556028,-6.868064],[107.556039,-6.868029],[107.556049,-6.867996],[107.556094,-6.867939],[107.556106,-6.867924],[107.556117,-6.867916],[107.556155,-6.867887],[107.556185,-6.867864],[107.556196,-6.867862],[107.556223,-6.867839],[107.556236,-6.867829],[107.556273,-6.867834],[107.556319,-6.867848],[107.556391,-6.86787],[107.556463,-6.867941],[107.556561,-6.868017],[107.556581,-6.86803],[107.556635,-6.868067],[107.556669,-6.86809],[107.556683,-6.8681],[107.556691,-6.868105],[107.556778,-6.868176],[107.556855,-6.86824],[107.556931,-6.868283],[107.557008,-6.868294],[107.557049,-6.868311],[107.557068,-6.868337],[107.55709,-6.868394],[107.557127,-6.86841],[107.557171,-6.868427],[107.557272,-6.868384],[107.557407,-6.868275],[107.557439,-6.868247],[107.557591,-6.868109],[107.557636,-6.868069],[107.557741,-6.867964],[107.557749,-6.867958],[107.557751,-6.867954],[107.557755,-6.867951],[107.557755,-6.867947],[107.55777,-6.867921],[107.557792,-6.86788],[107.557798,-6.867868],[107.557809,-6.867849],[107.557809,-6.867848],[107.55782,-6.867759],[107.557829,-6.867688],[107.557792,-6.867645],[107.557785,-6.867638],[107.55778,-6.867635],[107.557715,-6.867621],[107.557669,-6.867626],[107.557619,-6.867582],[107.557587,-6.867504],[107.557568,-6.867432],[107.557562,-6.867407],[107.557543,-6.867317],[107.557541,-6.867308],[107.557514,-6.867193],[107.557507,-6.867169],[107.557482,-6.86709],[107.557489,-6.866964],[107.557483,-6.86688],[107.557481,-6.866849],[107.557493,-6.86676],[107.557494,-6.866757],[107.557505,-6.866735],[107.557506,-6.866735],[107.557506,-6.866734],[107.557514,-6.866718],[107.557547,-6.866653],[107.557601,-6.866528],[107.557627,-6.866512],[107.557647,-6.8665],[107.557696,-6.866435],[107.557796,-6.866421],[107.557818,-6.866424],[107.557826,-6.866433],[107.557883,-6.866498],[107.557898,-6.866514],[107.557963,-6.866595],[107.558057,-6.86664],[107.558179,-6.86664],[107.558284,-6.86661],[107.558336,-6.866565],[107.558345,-6.866529],[107.558367,-6.866471],[107.558419,-6.866338],[107.558432,-6.86628],[107.558449,-6.866198],[107.558439,-6.866166],[107.558432,-6.866146],[107.558386,-6.865999],[107.558379,-6.865978],[107.558409,-6.865788],[107.558414,-6.865775],[107.558431,-6.865723],[107.558459,-6.865638],[107.55855,-6.865541],[107.558589,-6.865498],[107.558617,-6.865495],[107.558671,-6.865489],[107.558679,-6.865488],[107.558931,-6.865367],[107.558969,-6.865348],[107.558974,-6.865344],[107.559042,-6.86529],[107.559069,-6.865268],[107.559149,-6.865068],[107.559146,-6.864994],[107.559139,-6.864848],[107.559146,-6.864825],[107.559147,-6.864821],[107.559171,-6.864743],[107.559199,-6.864648],[107.559265,-6.864517],[107.559319,-6.864408],[107.559429,-6.864308],[107.559475,-6.864288],[107.559519,-6.864268],[107.559523,-6.864269],[107.559529,-6.864263],[107.559632,-6.864258],[107.559719,-6.864244],[107.559754,-6.864239],[107.559802,-6.864245],[107.559816,-6.864247],[107.559885,-6.864255],[107.559971,-6.864276],[107.560042,-6.864306],[107.560049,-6.864309],[107.560052,-6.86431],[107.560069,-6.864315],[107.560069,-6.864316],[107.560078,-6.864319],[107.560112,-6.86433],[107.560119,-6.864332],[107.56012,-6.864332],[107.560123,-6.864333],[107.56013,-6.864336],[107.560159,-6.864346],[107.560199,-6.864357],[107.560245,-6.86437],[107.560256,-6.864373],[107.560261,-6.864375],[107.560295,-6.864387],[107.5603,-6.864389],[107.560368,-6.864412],[107.56042,-6.864427],[107.560437,-6.864431],[107.560442,-6.864433],[107.560474,-6.864435],[107.560566,-6.864442],[107.560688,-6.864424],[107.5607,-6.864419],[107.56084,-6.864363],[107.560886,-6.864336],[107.560931,-6.864307],[107.560953,-6.864258],[107.560971,-6.864195],[107.560983,-6.864127],[107.561007,-6.864079],[107.561018,-6.864055],[107.561018,-6.864054],[107.561025,-6.864038],[107.561034,-6.864017],[107.561049,-6.863981],[107.561054,-6.863936],[107.561053,-6.863929],[107.561051,-6.863919],[107.561041,-6.863856],[107.561037,-6.863842],[107.561017,-6.86381],[107.561016,-6.863809],[107.560995,-6.863772],[107.560993,-6.86374],[107.561005,-6.863705],[107.561006,-6.863704],[107.561019,-6.863658],[107.561053,-6.863614],[107.561055,-6.863611],[107.561095,-6.863565],[107.56112,-6.863554],[107.561183,-6.863525],[107.561259,-6.86349],[107.561273,-6.863478],[107.561277,-6.863472],[107.561279,-6.863468],[107.561412,-6.863288],[107.561419,-6.863278],[107.561496,-6.863194],[107.561512,-6.863176],[107.561543,-6.863148],[107.561561,-6.8631],[107.561555,-6.863025],[107.561546,-6.862984],[107.56154,-6.862953],[107.561532,-6.862915],[107.56148,-6.862852],[107.561416,-6.8628],[107.561284,-6.862727],[107.561113,-6.862678],[107.56096,-6.862632],[107.560908,-6.862582],[107.560866,-6.862514],[107.560827,-6.862413],[107.560813,-6.862312],[107.560811,-6.8623],[107.560812,-6.862107],[107.560849,-6.862024],[107.560918,-6.861911],[107.560931,-6.86189],[107.561022,-6.861748],[107.561044,-6.861703],[107.561048,-6.861701],[107.561171,-6.861661],[107.561263,-6.861637],[107.561298,-6.861641],[107.561391,-6.861652],[107.561443,-6.861651],[107.561479,-6.86165],[107.561554,-6.861621],[107.561668,-6.861608],[107.56172,-6.861621],[107.561753,-6.861657],[107.561897,-6.86167],[107.561954,-6.861621],[107.561965,-6.861555],[107.561969,-6.861532],[107.561961,-6.861509],[107.561929,-6.861423],[107.561925,-6.861412],[107.561903,-6.861353],[107.561895,-6.861336],[107.561852,-6.861245],[107.561848,-6.861237],[107.561772,-6.861074],[107.561761,-6.86105],[107.561715,-6.860963],[107.561703,-6.860941],[107.561713,-6.860884],[107.56173,-6.860789],[107.561738,-6.860747],[107.561743,-6.860724],[107.561743,-6.86072],[107.561746,-6.860705],[107.561753,-6.860669],[107.561753,-6.860467],[107.561762,-6.860446],[107.561812,-6.860332],[107.561861,-6.86031],[107.561886,-6.860298],[107.56198,-6.860326],[107.562019,-6.860326],[107.562083,-6.860325],[107.562444,-6.860215],[107.562581,-6.860173],[107.562587,-6.860134],[107.562591,-6.860104],[107.562554,-6.859988],[107.56247,-6.859736],[107.56246,-6.859708],[107.562459,-6.85963],[107.562458,-6.859543],[107.562457,-6.859492],[107.562528,-6.859374],[107.562554,-6.859354],[107.562668,-6.85927],[107.562746,-6.859225],[107.562798,-6.859197],[107.562918,-6.859145],[107.56292,-6.859144],[107.56297,-6.859122],[107.563115,-6.859006],[107.563272,-6.858879],[107.563244,-6.85881],[107.563183,-6.858763],[107.563159,-6.858745],[107.563096,-6.858725],[107.563002,-6.858696],[107.562908,-6.858596],[107.562937,-6.858507],[107.562944,-6.858484],[107.56302,-6.858404],[107.563164,-6.858329],[107.563226,-6.858294],[107.563278,-6.858201],[107.563286,-6.858171],[107.563293,-6.858146],[107.563327,-6.858024],[107.563338,-6.857894],[107.563339,-6.85788],[107.563347,-6.857809],[107.563354,-6.857744],[107.563354,-6.857743],[107.563364,-6.857653],[107.563384,-6.857533],[107.563374,-6.85719],[107.563372,-6.857147],[107.563332,-6.857095],[107.5633,-6.857054],[107.563262,-6.857007],[107.563154,-6.856873],[107.563102,-6.856665],[107.563106,-6.856628],[107.563113,-6.856566],[107.563128,-6.856432],[107.563148,-6.856395],[107.563164,-6.856364],[107.563176,-6.856342],[107.563254,-6.856195],[107.563238,-6.856085],[107.563156,-6.855969],[107.563086,-6.855912],[107.563075,-6.855874],[107.563062,-6.855827],[107.56306,-6.855822],[107.563003,-6.855749],[107.562921,-6.855745],[107.562904,-6.855744],[107.562717,-6.855767],[107.562651,-6.855775],[107.562484,-6.855775],[107.562322,-6.855754],[107.562183,-6.855612],[107.562182,-6.855611],[107.562155,-6.855583],[107.561813,-6.855435],[107.561444,-6.855358],[107.561255,-6.855312],[107.561087,-6.855272],[107.561012,-6.855255],[107.560837,-6.85519],[107.560698,-6.85514],[107.560527,-6.855083],[107.560261,-6.855006],[107.560301,-6.854909],[107.560312,-6.85488],[107.559906,-6.854698],[107.559873,-6.854683],[107.559688,-6.854587],[107.559527,-6.854509],[107.559352,-6.854423],[107.559327,-6.854509],[107.559288,-6.854564],[107.559274,-6.854584],[107.559259,-6.854631],[107.559249,-6.854662],[107.559249,-6.854716],[107.559222,-6.854762],[107.55921,-6.854783],[107.559154,-6.854909],[107.559124,-6.854978],[107.559113,-6.855001],[107.559109,-6.85501],[107.558955,-6.85534],[107.559231,-6.85549],[107.559213,-6.855569],[107.559142,-6.855736],[107.559027,-6.85599],[107.558683,-6.855792],[107.558598,-6.855735],[107.558464,-6.855644],[107.558432,-6.855616],[107.558285,-6.855487],[107.558275,-6.855477],[107.558185,-6.855394],[107.558103,-6.855337],[107.558093,-6.85533],[107.557975,-6.855247],[107.557859,-6.85518],[107.557814,-6.85523],[107.557805,-6.855222],[107.557791,-6.85521],[107.55779,-6.855209],[107.557746,-6.855172],[107.557682,-6.855125],[107.557639,-6.855094],[107.557622,-6.855078],[107.557575,-6.855033],[107.557423,-6.854956],[107.5574,-6.854944],[107.557344,-6.854914],[107.557328,-6.854905],[107.557214,-6.854844],[107.557126,-6.854807],[107.557112,-6.854801],[107.557088,-6.854791],[107.557086,-6.854791],[107.557081,-6.854796],[107.557047,-6.85484],[107.557029,-6.854862],[107.556961,-6.854905],[107.556954,-6.854908],[107.5569,-6.854933],[107.556896,-6.854935],[107.556808,-6.854976],[107.556784,-6.85497],[107.556761,-6.854963],[107.556756,-6.854962],[107.556754,-6.854962],[107.556729,-6.854988],[107.556682,-6.855037],[107.556665,-6.855055],[107.55664,-6.855064],[107.556634,-6.855066],[107.556627,-6.855069],[107.556626,-6.855069],[107.556612,-6.855062],[107.556583,-6.855048],[107.556548,-6.855037],[107.556465,-6.855012],[107.556395,-6.855008],[107.556394,-6.855008],[107.556221,-6.854908],[107.556179,-6.854883],[107.556134,-6.854854],[107.556041,-6.854793],[107.555958,-6.854739],[107.555933,-6.854723],[107.555845,-6.854668],[107.555732,-6.854598],[107.555729,-6.854596],[107.55571,-6.854584],[107.555698,-6.854576],[107.555655,-6.854541],[107.555644,-6.854531],[107.555654,-6.854499],[107.555661,-6.854479],[107.555664,-6.854469],[107.555681,-6.854417],[107.555685,-6.854405],[107.55569,-6.854388],[107.5557,-6.854357],[107.555706,-6.854337],[107.555712,-6.854318],[107.555726,-6.854272],[107.555727,-6.85427],[107.555744,-6.854208],[107.55575,-6.854189],[107.555756,-6.854169],[107.555752,-6.854165],[107.555742,-6.854153],[107.555725,-6.854132],[107.555698,-6.854118],[107.555674,-6.854105],[107.555621,-6.854075],[107.555571,-6.854047],[107.555514,-6.854016],[107.555504,-6.85401],[107.555488,-6.854001],[107.555393,-6.853949],[107.555373,-6.853938],[107.55537,-6.853926],[107.555364,-6.853896],[107.555362,-6.853884],[107.555354,-6.853874],[107.555343,-6.853859],[107.55533,-6.853841],[107.555321,-6.853832],[107.555302,-6.853814],[107.555301,-6.853813],[107.555256,-6.853799],[107.555255,-6.853798],[107.555227,-6.853814],[107.555224,-6.853816],[107.555223,-6.853816],[107.555198,-6.853796],[107.555184,-6.853784],[107.555168,-6.853772],[107.555148,-6.853756],[107.55512,-6.853733],[107.5551,-6.853716],[107.554975,-6.853615],[107.554938,-6.853585],[107.554933,-6.853581],[107.554925,-6.853574],[107.55496,-6.853558],[107.554971,-6.853553],[107.554979,-6.853549],[107.555057,-6.853441],[107.555057,-6.853405],[107.555056,-6.85335],[107.555052,-6.853317],[107.55505,-6.853297],[107.555037,-6.853174],[107.555035,-6.853151],[107.555034,-6.85314],[107.555031,-6.853115],[107.555038,-6.853104],[107.555071,-6.853047],[107.555079,-6.853032],[107.555136,-6.852935],[107.555148,-6.852914],[107.555155,-6.852902],[107.555163,-6.852889],[107.555186,-6.852842],[107.555261,-6.852696],[107.555273,-6.852671],[107.555276,-6.852615],[107.555286,-6.852436],[107.555286,-6.852435],[107.555284,-6.852364],[107.555281,-6.852229],[107.555281,-6.852224],[107.555285,-6.852167],[107.555288,-6.85212],[107.555298,-6.852077],[107.555325,-6.851966],[107.555336,-6.851918],[107.555345,-6.851882],[107.555407,-6.851623],[107.555418,-6.851577],[107.55542,-6.851556],[107.555426,-6.851487],[107.555441,-6.851391],[107.555445,-6.851369],[107.555479,-6.851244],[107.555511,-6.851125],[107.555493,-6.851075],[107.55549,-6.851067],[107.55548,-6.851041],[107.555445,-6.850944],[107.555431,-6.850817],[107.55543,-6.850811],[107.55543,-6.850809],[107.555437,-6.850788],[107.555464,-6.8507],[107.555485,-6.850674],[107.555513,-6.850638],[107.555492,-6.85063],[107.555454,-6.850615],[107.555366,-6.850579],[107.555297,-6.850532],[107.555225,-6.850482],[107.555196,-6.850462],[107.555194,-6.850461],[107.555192,-6.850465],[107.555162,-6.850521],[107.555162,-6.850522],[107.555103,-6.8505],[107.555076,-6.85049],[107.554942,-6.850449],[107.554888,-6.850433],[107.554778,-6.8504],[107.554675,-6.850369],[107.554659,-6.850365],[107.554666,-6.85029],[107.554657,-6.850273],[107.554644,-6.850249],[107.554637,-6.850236],[107.554643,-6.850186],[107.554645,-6.850172],[107.554641,-6.850126],[107.554639,-6.850121],[107.554623,-6.850083],[107.554581,-6.850054],[107.554538,-6.850054],[107.554498,-6.850076],[107.554473,-6.850097],[107.554472,-6.850102],[107.554465,-6.850128],[107.554465,-6.850131],[107.554464,-6.850136],[107.554459,-6.850154],[107.55443,-6.850144],[107.554316,-6.850104],[107.554313,-6.850102],[107.554296,-6.850089],[107.554223,-6.850033],[107.554201,-6.850015],[107.554124,-6.849954],[107.554084,-6.849924],[107.554027,-6.849879],[107.553959,-6.849829],[107.55392,-6.849779],[107.553909,-6.849729],[107.553913,-6.849672],[107.553921,-6.849641],[107.553938,-6.849572],[107.553774,-6.849555],[107.55372,-6.84954],[107.553677,-6.849501],[107.553642,-6.849451],[107.553631,-6.84938],[107.553631,-6.849308],[107.553644,-6.849257],[107.553645,-6.849251],[107.55367,-6.849183],[107.553727,-6.849116],[107.553746,-6.849094],[107.55377,-6.849066],[107.553821,-6.848958],[107.553832,-6.848936],[107.553875,-6.848844],[107.553899,-6.848796],[107.553906,-6.84878],[107.553909,-6.848773],[107.553889,-6.848764],[107.553868,-6.848754],[107.553775,-6.848714],[107.553756,-6.848705],[107.553743,-6.8487],[107.553516,-6.848616],[107.553507,-6.848613],[107.553443,-6.848589],[107.553399,-6.848573],[107.553399,-6.848571],[107.553406,-6.848548],[107.55341,-6.848535],[107.553419,-6.848505],[107.553434,-6.848452],[107.553435,-6.848448],[107.553449,-6.8484],[107.553413,-6.848388],[107.553331,-6.848359],[107.553197,-6.848313],[107.553031,-6.848255],[107.553034,-6.848246],[107.553038,-6.848227],[107.552885,-6.848166],[107.552771,-6.848119],[107.552709,-6.848094],[107.552615,-6.848055],[107.552607,-6.848052],[107.55261,-6.848034],[107.552551,-6.848008],[107.552326,-6.847908],[107.552303,-6.847898],[107.552117,-6.847836],[107.55205,-6.847813],[107.551927,-6.847766],[107.551959,-6.847665],[107.551995,-6.84755],[107.551904,-6.847493],[107.551886,-6.847481],[107.551886,-6.847442],[107.551882,-6.847402],[107.551854,-6.847374],[107.551843,-6.84737],[107.551828,-6.847364],[107.551811,-6.847357],[107.551807,-6.847356],[107.551743,-6.847345],[107.551643,-6.847335],[107.551591,-6.847316],[107.551572,-6.84731],[107.551532,-6.847278],[107.5515,-6.847252],[107.551579,-6.847174],[107.551575,-6.847168],[107.551537,-6.847112],[107.551489,-6.847042],[107.551483,-6.847026],[107.551458,-6.84696],[107.551429,-6.846881],[107.551429,-6.846842],[107.551425,-6.846843],[107.551422,-6.846844],[107.551422,-6.846847],[107.55141,-6.846869],[107.551396,-6.846895],[107.551364,-6.846953],[107.55135,-6.846979],[107.551223,-6.847211],[107.551178,-6.847331],[107.551172,-6.847348],[107.551137,-6.847443],[107.551134,-6.84745],[107.551125,-6.847476],[107.551111,-6.847514],[107.55111,-6.847515],[107.551095,-6.847556],[107.551084,-6.847587],[107.551083,-6.84759],[107.551081,-6.847595],[107.551076,-6.847607],[107.551008,-6.84766],[107.550998,-6.847668],[107.550994,-6.847671],[107.550981,-6.847679],[107.550923,-6.847718],[107.550907,-6.847728],[107.550839,-6.847773],[107.550826,-6.847781],[107.550817,-6.847795],[107.550791,-6.847833],[107.550783,-6.847845],[107.550744,-6.847903],[107.550735,-6.847917],[107.550717,-6.847943],[107.550688,-6.847959],[107.550657,-6.847976],[107.550628,-6.847991],[107.550587,-6.848013],[107.550509,-6.848055],[107.550498,-6.848061],[107.550468,-6.848077],[107.550379,-6.848125],[107.550359,-6.848135],[107.550358,-6.848136],[107.550301,-6.84817],[107.550234,-6.848209],[107.55019,-6.848236],[107.550189,-6.848236],[107.550184,-6.848239],[107.550184,-6.84824],[107.550182,-6.84824],[107.550143,-6.848299],[107.550137,-6.84832],[107.550129,-6.848354],[107.550128,-6.848356],[107.550114,-6.8484],[107.550092,-6.848423],[107.550066,-6.848437],[107.550054,-6.848453],[107.550051,-6.84847],[107.550045,-6.848483],[107.550038,-6.848497],[107.550036,-6.848503],[107.55,-6.848523],[107.549973,-6.848561],[107.549913,-6.848594],[107.54989,-6.848602],[107.549847,-6.848618],[107.549819,-6.848628],[107.549789,-6.848638],[107.549768,-6.848666],[107.549751,-6.848686],[107.549745,-6.848693],[107.549716,-6.84872],[107.549694,-6.84873],[107.549655,-6.848749],[107.54965,-6.84875],[107.549626,-6.848752],[107.549632,-6.84878],[107.549647,-6.848799],[107.549661,-6.848817],[107.549677,-6.848837],[107.549698,-6.848861],[107.549718,-6.848906],[107.549729,-6.848929],[107.549731,-6.848949],[107.549733,-6.848958],[107.549734,-6.848962],[107.549716,-6.84897],[107.549664,-6.848991],[107.549589,-6.849022],[107.549559,-6.849043],[107.549415,-6.849103],[107.549389,-6.849114],[107.549363,-6.849124],[107.549356,-6.849127],[107.549311,-6.849146],[107.54931,-6.849146],[107.5493,-6.849139],[107.549283,-6.849126],[107.549282,-6.849124],[107.54928,-6.849124],[107.549279,-6.849125],[107.549274,-6.849121],[107.549247,-6.849101],[107.549226,-6.849084],[107.549194,-6.849072],[107.549171,-6.849063],[107.549169,-6.849062],[107.549155,-6.849096],[107.549147,-6.8491],[107.549142,-6.849112],[107.549119,-6.849164],[107.549096,-6.849231],[107.549093,-6.84924],[107.549093,-6.84928],[107.549097,-6.849306],[107.549108,-6.849367],[107.549115,-6.849407],[107.549099,-6.849486],[107.549092,-6.849519],[107.549075,-6.849554],[107.549012,-6.849688],[107.549012,-6.849694],[107.548971,-6.849766],[107.548968,-6.849799],[107.548966,-6.849824],[107.548993,-6.849879],[107.549019,-6.849963],[107.549045,-6.850017],[107.549053,-6.850033],[107.549054,-6.850034],[107.549098,-6.850114],[107.549128,-6.850165],[107.54913,-6.850192],[107.54913,-6.8502],[107.549132,-6.850222],[107.549141,-6.850239],[107.54914,-6.850243],[107.549137,-6.850263],[107.549133,-6.850287],[107.549127,-6.850295],[107.549111,-6.850318],[107.549114,-6.850349],[107.549116,-6.850377],[107.549134,-6.850428],[107.549134,-6.850429],[107.549168,-6.850468],[107.549176,-6.850477],[107.549223,-6.850534],[107.549232,-6.850588],[107.549234,-6.850598],[107.549231,-6.850634],[107.549229,-6.850669],[107.549212,-6.850749],[107.549203,-6.850782],[107.549201,-6.850791],[107.549194,-6.850818],[107.549172,-6.85088],[107.549163,-6.85093],[107.549163,-6.85094],[107.549164,-6.850971],[107.549165,-6.850983],[107.549161,-6.851038],[107.549139,-6.851075],[107.549136,-6.85108],[107.549119,-6.85114],[107.549119,-6.851141],[107.549113,-6.851161],[107.549102,-6.851208],[107.54909,-6.851258],[107.549089,-6.851267],[107.549088,-6.851314],[107.549065,-6.85138],[107.549062,-6.8514],[107.549056,-6.851421],[107.549053,-6.851435],[107.549048,-6.851452],[107.549033,-6.851517],[107.54901,-6.851561],[107.548997,-6.851581],[107.54899,-6.851591],[107.548983,-6.85161],[107.548964,-6.851665],[107.54896,-6.851713],[107.548958,-6.851727],[107.548939,-6.851761],[107.548937,-6.851766],[107.54892,-6.851802],[107.5489,-6.851862],[107.548898,-6.851867],[107.548885,-6.851898],[107.548882,-6.851907],[107.548873,-6.85193],[107.548862,-6.851959],[107.548852,-6.85199],[107.548851,-6.851991],[107.54885,-6.852006],[107.548841,-6.852018],[107.548826,-6.852033],[107.548819,-6.852042],[107.548814,-6.852049],[107.548805,-6.852063],[107.548803,-6.852069],[107.548798,-6.852083],[107.5488,-6.852108],[107.548799,-6.852131],[107.548781,-6.852176],[107.548747,-6.852242],[107.548739,-6.852263],[107.548727,-6.852293],[107.548719,-6.852351],[107.548719,-6.852356],[107.548718,-6.852401],[107.548718,-6.852406],[107.548711,-6.852447],[107.54871,-6.852453],[107.548704,-6.852482],[107.548689,-6.852527],[107.548686,-6.852533],[107.548668,-6.852585],[107.548664,-6.852598],[107.548651,-6.852661],[107.548643,-6.8527],[107.54864,-6.852712],[107.548637,-6.85274],[107.5486,-6.852758],[107.54855,-6.852767],[107.548529,-6.852776],[107.548511,-6.852809],[107.548483,-6.85286],[107.548477,-6.852864],[107.54847,-6.852864],[107.548424,-6.852867],[107.54838,-6.852883],[107.548341,-6.852902],[107.54834,-6.852902],[107.548331,-6.852907],[107.548329,-6.852908],[107.548303,-6.852916],[107.54828,-6.852921],[107.548288,-6.852942],[107.548308,-6.852963],[107.548326,-6.852995],[107.548329,-6.853001],[107.548335,-6.853012],[107.548362,-6.853071],[107.548375,-6.853113],[107.548375,-6.853115],[107.5484,-6.853147],[107.548416,-6.85316],[107.548436,-6.853176],[107.548472,-6.853205],[107.548511,-6.853233],[107.548521,-6.853302],[107.548535,-6.853398],[107.548549,-6.853498],[107.548551,-6.853511],[107.548559,-6.853598],[107.548559,-6.853602],[107.548566,-6.853778],[107.548568,-6.853816],[107.548569,-6.853858],[107.548569,-6.854018],[107.548561,-6.854049],[107.548553,-6.854084],[107.548552,-6.854085],[107.548545,-6.854115],[107.548539,-6.854138],[107.548507,-6.854177],[107.548488,-6.854201],[107.548483,-6.854223],[107.54847,-6.854282],[107.548466,-6.854294],[107.548452,-6.854329],[107.548443,-6.854355],[107.548402,-6.85446],[107.548387,-6.854513],[107.548382,-6.854529],[107.548367,-6.854579],[107.548366,-6.854582],[107.548366,-6.854581],[107.548364,-6.854578],[107.548355,-6.854613],[107.548363,-6.854629],[107.548367,-6.854636],[107.548385,-6.854673],[107.548405,-6.854713],[107.548415,-6.854732],[107.548445,-6.854798],[107.548454,-6.854817],[107.548454,-6.854818],[107.548457,-6.85485],[107.54845,-6.85491],[107.548451,-6.854926],[107.548451,-6.855101],[107.548452,-6.855172],[107.548448,-6.855183],[107.548432,-6.85523],[107.548431,-6.855233],[107.548416,-6.855327],[107.548413,-6.855347],[107.548406,-6.855386],[107.548408,-6.855436],[107.548409,-6.855478],[107.548409,-6.855481],[107.548392,-6.85558],[107.54839,-6.855593],[107.548389,-6.855598],[107.548352,-6.855706],[107.548353,-6.855726],[107.548355,-6.855742],[107.548361,-6.855817],[107.548364,-6.855847],[107.548366,-6.855866],[107.548362,-6.855887],[107.548347,-6.855984],[107.548344,-6.856007],[107.548343,-6.85601],[107.548337,-6.85609],[107.548339,-6.856108],[107.54834,-6.856136],[107.548342,-6.856172],[107.548346,-6.856281],[107.548346,-6.856282],[107.548347,-6.85632],[107.548349,-6.856358],[107.548349,-6.856368],[107.548346,-6.856428],[107.548341,-6.856534],[107.548329,-6.856768],[107.548259,-6.856898],[107.548139,-6.856968],[107.548039,-6.856988],[107.547909,-6.856978],[107.547669,-6.857238],[107.547579,-6.857518],[107.547612,-6.85779],[107.547615,-6.857817],[107.547619,-6.857848],[107.547619,-6.857948],[107.547559,-6.857998],[107.547369,-6.858128],[107.547229,-6.858338],[107.547152,-6.858442],[107.547144,-6.858454],[107.547119,-6.858487],[107.547059,-6.858568],[107.546903,-6.85869],[107.546689,-6.858858],[107.546659,-6.859148],[107.546639,-6.859238],[107.546549,-6.859388],[107.546489,-6.859468],[107.546409,-6.859488],[107.546397,-6.859489],[107.546224,-6.859501],[107.545944,-6.85981],[107.545707,-6.860061],[107.545706,-6.860062],[107.545675,-6.8601],[107.545584,-6.860212],[107.545461,-6.860362],[107.545283,-6.860547],[107.545178,-6.860598],[107.545136,-6.860607],[107.545135,-6.860608],[107.545128,-6.860609],[107.545097,-6.860624],[107.545079,-6.860636],[107.545041,-6.860691],[107.545014,-6.86073],[107.544964,-6.860769],[107.544941,-6.860797],[107.544904,-6.860843],[107.544852,-6.860898],[107.544813,-6.860932],[107.544783,-6.86095],[107.544764,-6.86097],[107.54468,-6.861062],[107.544631,-6.861091],[107.544626,-6.861101],[107.544609,-6.861174],[107.544538,-6.861365],[107.54445,-6.861799],[107.544415,-6.861976],[107.544362,-6.862239],[107.544349,-6.862303],[107.544343,-6.862333],[107.544335,-6.862371],[107.54433,-6.862397],[107.544322,-6.862438],[107.544157,-6.863084],[107.544016,-6.863575],[107.543951,-6.863805],[107.543896,-6.864004],[107.543881,-6.864055],[107.543859,-6.864128],[107.543798,-6.864327],[107.54379,-6.864357],[107.543599,-6.865028],[107.543532,-6.86526],[107.543498,-6.865378],[107.543474,-6.86546],[107.543374,-6.865795],[107.54328,-6.866108],[107.543139,-6.866542],[107.542961,-6.867083],[107.542891,-6.867294],[107.542862,-6.867409],[107.542861,-6.867409],[107.542855,-6.867434],[107.542855,-6.867435],[107.542847,-6.867465],[107.542839,-6.867499],[107.542839,-6.8675],[107.542838,-6.867501],[107.542834,-6.867518],[107.542828,-6.86754],[107.542821,-6.867569],[107.542805,-6.867634]]]}},{"type":"Feature","properties":{"wilayah_id":10,"kelurahan":"Padasuka","kecamatan":"Cimahi Tengah","jumlah_rw":21},"geometry":{"type":"Polygon","coordinates":[[[107.518952,-6.879986],[107.519349,-6.880337],[107.519351,-6.880338],[107.519627,-6.880582],[107.519626,-6.880584],[107.519911,-6.880771],[107.520108,-6.880884],[107.520131,-6.881231],[107.520531,-6.881498],[107.521169,-6.881826],[107.52161,-6.881828],[107.522055,-6.881919],[107.522444,-6.882036],[107.522626,-6.882165],[107.522684,-6.882356],[107.522664,-6.882413],[107.522737,-6.882449],[107.522771,-6.882464],[107.522939,-6.882536],[107.522997,-6.882557],[107.523237,-6.882642],[107.52347,-6.882739],[107.523671,-6.882799],[107.523699,-6.882811],[107.523795,-6.882843],[107.523892,-6.882787],[107.523963,-6.882752],[107.524011,-6.882774],[107.524137,-6.882901],[107.524195,-6.88296],[107.524282,-6.883024],[107.524396,-6.883103],[107.524482,-6.883183],[107.524559,-6.883236],[107.524617,-6.883285],[107.524666,-6.883331],[107.524674,-6.883377],[107.524746,-6.883428],[107.524786,-6.883471],[107.524811,-6.883518],[107.524816,-6.88356],[107.524816,-6.883562],[107.524838,-6.883655],[107.524859,-6.883703],[107.524888,-6.883738],[107.524979,-6.883832],[107.525044,-6.883906],[107.525045,-6.883908],[107.525067,-6.883945],[107.52507,-6.883982],[107.525066,-6.884036],[107.52506,-6.884077],[107.525065,-6.884118],[107.525087,-6.884165],[107.525089,-6.884198],[107.525082,-6.884238],[107.525029,-6.884329],[107.524998,-6.884382],[107.524991,-6.884413],[107.525002,-6.884448],[107.525105,-6.884589],[107.525148,-6.884662],[107.525169,-6.884714],[107.525187,-6.88476],[107.52521,-6.884816],[107.525221,-6.884847],[107.525237,-6.884892],[107.525243,-6.884938],[107.525239,-6.884981],[107.525242,-6.885014],[107.525254,-6.88506],[107.525268,-6.8851],[107.525281,-6.885131],[107.525287,-6.885154],[107.525303,-6.885191],[107.525321,-6.885218],[107.525335,-6.885238],[107.525342,-6.885249],[107.525362,-6.885274],[107.52537,-6.885297],[107.525371,-6.885314],[107.525361,-6.885355],[107.525353,-6.885389],[107.525354,-6.885407],[107.52536,-6.885429],[107.525364,-6.88545],[107.525364,-6.885452],[107.525365,-6.885479],[107.525363,-6.885529],[107.525361,-6.885552],[107.525366,-6.88557],[107.525384,-6.885589],[107.52543,-6.88563],[107.525438,-6.885655],[107.52544,-6.885678],[107.525437,-6.885713],[107.525412,-6.885803],[107.525398,-6.885851],[107.525385,-6.885896],[107.525335,-6.886059],[107.525317,-6.886133],[107.525308,-6.886173],[107.525293,-6.886222],[107.525279,-6.886272],[107.525261,-6.886339],[107.525256,-6.886359],[107.525431,-6.886324],[107.525483,-6.886313],[107.525829,-6.886257],[107.526195,-6.88618],[107.526296,-6.886159],[107.526402,-6.886134],[107.526451,-6.886131],[107.52646,-6.886135],[107.526482,-6.886144],[107.526497,-6.886175],[107.526519,-6.886242],[107.526524,-6.886256],[107.526551,-6.886345],[107.526572,-6.886384],[107.526609,-6.886418],[107.526665,-6.886442],[107.526736,-6.886461],[107.526743,-6.886464],[107.526796,-6.886483],[107.526898,-6.886519],[107.526934,-6.886534],[107.526983,-6.886556],[107.527045,-6.886604],[107.527212,-6.886728],[107.52728,-6.886779],[107.527325,-6.886802],[107.52734,-6.886803],[107.527379,-6.886805],[107.527453,-6.886793],[107.527479,-6.886787],[107.527602,-6.886762],[107.527678,-6.88674],[107.527965,-6.886658],[107.528123,-6.886613],[107.528234,-6.886592],[107.528301,-6.886605],[107.528373,-6.886623],[107.528377,-6.886625],[107.52838,-6.886627],[107.528428,-6.88666],[107.528456,-6.88671],[107.528477,-6.886759],[107.528486,-6.88682],[107.528498,-6.886867],[107.528541,-6.886893],[107.528677,-6.88693],[107.528692,-6.886934],[107.528778,-6.886941],[107.528873,-6.886944],[107.528998,-6.886927],[107.52908,-6.886905],[107.529141,-6.886867],[107.529183,-6.886816],[107.529189,-6.886801],[107.529212,-6.886743],[107.529236,-6.886686],[107.529251,-6.886673],[107.529285,-6.886678],[107.529327,-6.8867],[107.529366,-6.886721],[107.529404,-6.88674],[107.529477,-6.886775],[107.529652,-6.886861],[107.529755,-6.886909],[107.529755,-6.88691],[107.529757,-6.886907],[107.529798,-6.886864],[107.529882,-6.886723],[107.530021,-6.886527],[107.530124,-6.886426],[107.530175,-6.886364],[107.530217,-6.886259],[107.530245,-6.886127],[107.530225,-6.885989],[107.530195,-6.885861],[107.530208,-6.885769],[107.530235,-6.885715],[107.530264,-6.885653],[107.530271,-6.885638],[107.530337,-6.885532],[107.53036,-6.885496],[107.530443,-6.885329],[107.530481,-6.885206],[107.530467,-6.885151],[107.530454,-6.885096],[107.53042,-6.884982],[107.530372,-6.884829],[107.530329,-6.884682],[107.530325,-6.884607],[107.5304,-6.88445],[107.530411,-6.884389],[107.53007,-6.884279],[107.529651,-6.884145],[107.529573,-6.884129],[107.529313,-6.884038],[107.529309,-6.884037],[107.529276,-6.884024],[107.52925,-6.884014],[107.529087,-6.883952],[107.528707,-6.883807],[107.528609,-6.88377],[107.528598,-6.883766],[107.528659,-6.883685],[107.528757,-6.883557],[107.528758,-6.883556],[107.528761,-6.883551],[107.528803,-6.883497],[107.528836,-6.883453],[107.529019,-6.883213],[107.529112,-6.88309],[107.529546,-6.882378],[107.529552,-6.882369],[107.530224,-6.881266],[107.530306,-6.881132],[107.530445,-6.881265],[107.530931,-6.881729],[107.531044,-6.881589],[107.531094,-6.881477],[107.531236,-6.881269],[107.531237,-6.881261],[107.53125,-6.881172],[107.531267,-6.881107],[107.531275,-6.881078],[107.531292,-6.88102],[107.531292,-6.881019],[107.53129,-6.881018],[107.531298,-6.880998],[107.531212,-6.880919],[107.530807,-6.880562],[107.530796,-6.880552],[107.530864,-6.880475],[107.530888,-6.880449],[107.530978,-6.880358],[107.530983,-6.880352],[107.530984,-6.880352],[107.531014,-6.880322],[107.531033,-6.880302],[107.530968,-6.880238],[107.530965,-6.880235],[107.531088,-6.880108],[107.53112,-6.880074],[107.531255,-6.879938],[107.531271,-6.879921],[107.531355,-6.879858],[107.53137,-6.879838],[107.531391,-6.879809],[107.531431,-6.879756],[107.531439,-6.879717],[107.531455,-6.879646],[107.53146,-6.879637],[107.531473,-6.879607],[107.531474,-6.879607],[107.531477,-6.8796],[107.531489,-6.879575],[107.531491,-6.879577],[107.531516,-6.8796],[107.531524,-6.879607],[107.531548,-6.879629],[107.531564,-6.879648],[107.531595,-6.879682],[107.53177,-6.87988],[107.531831,-6.879949],[107.531832,-6.879948],[107.531834,-6.879955],[107.53184,-6.879959],[107.531907,-6.880001],[107.531913,-6.880004],[107.53193,-6.880018],[107.531985,-6.880061],[107.531989,-6.880055],[107.531997,-6.880045],[107.532028,-6.880003],[107.532038,-6.879991],[107.53223,-6.879733],[107.532252,-6.879677],[107.532255,-6.879675],[107.532275,-6.879658],[107.532274,-6.879657],[107.532275,-6.879656],[107.532261,-6.879637],[107.532255,-6.879629],[107.532135,-6.879464],[107.53206,-6.879418],[107.532065,-6.87941],[107.53211,-6.879331],[107.532142,-6.879277],[107.532149,-6.879265],[107.532153,-6.879252],[107.532156,-6.879245],[107.532173,-6.879196],[107.532037,-6.879123],[107.532024,-6.879117],[107.531964,-6.879085],[107.531919,-6.879063],[107.531959,-6.878935],[107.531985,-6.878855],[107.532039,-6.878688],[107.532111,-6.878484],[107.532193,-6.878252],[107.532212,-6.878199],[107.532248,-6.878121],[107.53258,-6.877585],[107.532593,-6.877564],[107.532626,-6.87751],[107.532742,-6.877378],[107.532773,-6.877308],[107.532866,-6.876945],[107.532876,-6.876907],[107.532891,-6.876739],[107.532901,-6.876615],[107.532912,-6.876489],[107.532912,-6.876488],[107.532786,-6.876442],[107.533027,-6.875857],[107.533242,-6.875864],[107.53326,-6.875826],[107.533379,-6.875862],[107.53339,-6.875837],[107.533474,-6.875612],[107.533499,-6.875404],[107.533499,-6.875347],[107.533435,-6.875309],[107.533369,-6.875272],[107.533291,-6.875241],[107.533279,-6.875228],[107.533285,-6.875095],[107.533286,-6.875082],[107.533287,-6.875048],[107.533289,-6.875],[107.533409,-6.87473],[107.533469,-6.87466],[107.533859,-6.87429],[107.533889,-6.87419],[107.533899,-6.874126],[107.5339,-6.874123],[107.533949,-6.87382],[107.533989,-6.87365],[107.534069,-6.87335],[107.534081,-6.873331],[107.534082,-6.873329],[107.534199,-6.87314],[107.534204,-6.873127],[107.534236,-6.87304],[107.534269,-6.87295],[107.534269,-6.872948],[107.534239,-6.872829],[107.534279,-6.87277],[107.534329,-6.87273],[107.534494,-6.872587],[107.534727,-6.87238],[107.53478,-6.872333],[107.534799,-6.872297],[107.534821,-6.872269],[107.534886,-6.872171],[107.534896,-6.872145],[107.534916,-6.872092],[107.535053,-6.872225],[107.535179,-6.872377],[107.535245,-6.872458],[107.535265,-6.87248],[107.535392,-6.872394],[107.53542,-6.872375],[107.535527,-6.872304],[107.535567,-6.872268],[107.535598,-6.87224],[107.535615,-6.872224],[107.53572,-6.87213],[107.535717,-6.872128],[107.535741,-6.872114],[107.535714,-6.87207],[107.53568,-6.872045],[107.535626,-6.872006],[107.53551,-6.871873],[107.53551,-6.871872],[107.535469,-6.871826],[107.535413,-6.871762],[107.535419,-6.871752],[107.535473,-6.871677],[107.535557,-6.871591],[107.535649,-6.871504],[107.535691,-6.871483],[107.535754,-6.871451],[107.535867,-6.871403],[107.535915,-6.871384],[107.535988,-6.871354],[107.536111,-6.871293],[107.536407,-6.871281],[107.536439,-6.87128],[107.536472,-6.871282],[107.536491,-6.87128],[107.536606,-6.871263],[107.536792,-6.871261],[107.536833,-6.871256],[107.536928,-6.871246],[107.537288,-6.87124],[107.537299,-6.871238],[107.537307,-6.871239],[107.537434,-6.871197],[107.537551,-6.871153],[107.53759,-6.871139],[107.537621,-6.871128],[107.537644,-6.871111],[107.537677,-6.871086],[107.537726,-6.871044],[107.53777,-6.871005],[107.537781,-6.870994],[107.538139,-6.8712],[107.538313,-6.871294],[107.53833,-6.871303],[107.538331,-6.871304],[107.538489,-6.87139],[107.538489,-6.871389],[107.53849,-6.871389],[107.538489,-6.871388],[107.538492,-6.871383],[107.538498,-6.871369],[107.53855,-6.871254],[107.538651,-6.871034],[107.538651,-6.871033],[107.538783,-6.871055],[107.538878,-6.871038],[107.538892,-6.871036],[107.538907,-6.871033],[107.538945,-6.871065],[107.539004,-6.871125],[107.539073,-6.871268],[107.539079,-6.871279],[107.539085,-6.871292],[107.539108,-6.871273],[107.53914,-6.871253],[107.539267,-6.871193],[107.539697,-6.870991],[107.539842,-6.870915],[107.539984,-6.870846],[107.539985,-6.870846],[107.540039,-6.870816],[107.540141,-6.870771],[107.540184,-6.870755],[107.540203,-6.870758],[107.540216,-6.870761],[107.540224,-6.870777],[107.540251,-6.870815],[107.540279,-6.870833],[107.540291,-6.870846],[107.540308,-6.870848],[107.540356,-6.87081],[107.540458,-6.870719],[107.540491,-6.870661],[107.540682,-6.870456],[107.540789,-6.870342],[107.5408,-6.870319],[107.540859,-6.870203],[107.54086,-6.8702],[107.540886,-6.870148],[107.540914,-6.870093],[107.540929,-6.870062],[107.540935,-6.870053],[107.54097,-6.870007],[107.540971,-6.870005],[107.540976,-6.869998],[107.541038,-6.869913],[107.541018,-6.869895],[107.541013,-6.86989],[107.541049,-6.869835],[107.541059,-6.869819],[107.541091,-6.869769],[107.541057,-6.869744],[107.541032,-6.869734],[107.541033,-6.869732],[107.541035,-6.869727],[107.541075,-6.86965],[107.541134,-6.869577],[107.541138,-6.869571],[107.541259,-6.869449],[107.54126,-6.869448],[107.541294,-6.869423],[107.541329,-6.86942],[107.541352,-6.869403],[107.541411,-6.869373],[107.541436,-6.869357],[107.541451,-6.869348],[107.541457,-6.869344],[107.541528,-6.869306],[107.541564,-6.869292],[107.541654,-6.869221],[107.541758,-6.869145],[107.54181,-6.869105],[107.541859,-6.869068],[107.541906,-6.869031],[107.541919,-6.869021],[107.541929,-6.869013],[107.541964,-6.86897],[107.541965,-6.868964],[107.541976,-6.868925],[107.541987,-6.86892],[107.541993,-6.868916],[107.541994,-6.868913],[107.542024,-6.868802],[107.542015,-6.868792],[107.542005,-6.868782],[107.542002,-6.868721],[107.542001,-6.868694],[107.542,-6.868689],[107.542,-6.868685],[107.542001,-6.868634],[107.542001,-6.868561],[107.542005,-6.868539],[107.54201,-6.868512],[107.542021,-6.868472],[107.542032,-6.868417],[107.542035,-6.868398],[107.542038,-6.868384],[107.542046,-6.86838],[107.542049,-6.868379],[107.542058,-6.868375],[107.542089,-6.868357],[107.542111,-6.868327],[107.542113,-6.868323],[107.542144,-6.868279],[107.542192,-6.868194],[107.542204,-6.868186],[107.542309,-6.868186],[107.542358,-6.86819],[107.542377,-6.868191],[107.542378,-6.868193],[107.542381,-6.868206],[107.542376,-6.868218],[107.542636,-6.868302],[107.542639,-6.868292],[107.542678,-6.868135],[107.542684,-6.868111],[107.542698,-6.868056],[107.542712,-6.867999],[107.542726,-6.867945],[107.542727,-6.867938],[107.542728,-6.867938],[107.542775,-6.86775],[107.542796,-6.867664],[107.542797,-6.867664],[107.542798,-6.867659],[107.5428,-6.867654],[107.5428,-6.867651],[107.542801,-6.867648],[107.542805,-6.867634],[107.542821,-6.867569],[107.542828,-6.86754],[107.542834,-6.867518],[107.542838,-6.867501],[107.542839,-6.8675],[107.542839,-6.867499],[107.542847,-6.867465],[107.542855,-6.867435],[107.542855,-6.867434],[107.542861,-6.867409],[107.542262,-6.867209],[107.542212,-6.867198],[107.542123,-6.867324],[107.542122,-6.867324],[107.542122,-6.867325],[107.542084,-6.86737],[107.541939,-6.867577],[107.54186,-6.86769],[107.541839,-6.867856],[107.54164,-6.867884],[107.541538,-6.867845],[107.54131,-6.867698],[107.541206,-6.867651],[107.541127,-6.867616],[107.541125,-6.867615],[107.540945,-6.867687],[107.54075,-6.867702],[107.540655,-6.86771],[107.540606,-6.867698],[107.540588,-6.867693],[107.540298,-6.86766],[107.540198,-6.867678],[107.540061,-6.867762],[107.540013,-6.867817],[107.539927,-6.867879],[107.539925,-6.867881],[107.539804,-6.867969],[107.539663,-6.868091],[107.539631,-6.868114],[107.539336,-6.868331],[107.539206,-6.868406],[107.539114,-6.868482],[107.539031,-6.868549],[107.539017,-6.868554],[107.538346,-6.868809],[107.538284,-6.868834],[107.538242,-6.868818],[107.538223,-6.868811],[107.538146,-6.868782],[107.538062,-6.86875],[107.537674,-6.868589],[107.537594,-6.868532],[107.537585,-6.868503],[107.537558,-6.868477],[107.537457,-6.86842],[107.537425,-6.868408],[107.537404,-6.8684],[107.537381,-6.868392],[107.537376,-6.868387],[107.537215,-6.868264],[107.537029,-6.868113],[107.53698,-6.868073],[107.536883,-6.867991],[107.536776,-6.86791],[107.536669,-6.867837],[107.536663,-6.867828],[107.536654,-6.867826],[107.536443,-6.867645],[107.53631,-6.867769],[107.53631,-6.86777],[107.536256,-6.86782],[107.536186,-6.867886],[107.536164,-6.867915],[107.536116,-6.867901],[107.536037,-6.86784],[107.536036,-6.867839],[107.535948,-6.867736],[107.535867,-6.867682],[107.535842,-6.867702],[107.535834,-6.867709],[107.535835,-6.867707],[107.535802,-6.867734],[107.535753,-6.867779],[107.535681,-6.867866],[107.535471,-6.86766],[107.535239,-6.867462],[107.535077,-6.867324],[107.535053,-6.867297],[107.535035,-6.867276],[107.535011,-6.867299],[107.534882,-6.867421],[107.534881,-6.867424],[107.53469,-6.867454],[107.534593,-6.867532],[107.534452,-6.867555],[107.534336,-6.867606],[107.534236,-6.86763],[107.534207,-6.867637],[107.534113,-6.86766],[107.534111,-6.867661],[107.53407,-6.86771],[107.533928,-6.867653],[107.533823,-6.867518],[107.533778,-6.867486],[107.533771,-6.867478],[107.533755,-6.867459],[107.533752,-6.867464],[107.53375,-6.867468],[107.533623,-6.867661],[107.533623,-6.867662],[107.533642,-6.867674],[107.533682,-6.867701],[107.533676,-6.867711],[107.533676,-6.867713],[107.533615,-6.867802],[107.533616,-6.867803],[107.533615,-6.867803],[107.533668,-6.867856],[107.533635,-6.86791],[107.533589,-6.867986],[107.533437,-6.867898],[107.53341,-6.867878],[107.533309,-6.8678],[107.533302,-6.867795],[107.533168,-6.867718],[107.533078,-6.867846],[107.533077,-6.867847],[107.533003,-6.867913],[107.532995,-6.867913],[107.532972,-6.86791],[107.532936,-6.86788],[107.532859,-6.867814],[107.532748,-6.867689],[107.532687,-6.867657],[107.532632,-6.867627],[107.53251,-6.86759],[107.532494,-6.867592],[107.532471,-6.867595],[107.532471,-6.867594],[107.532462,-6.867586],[107.532189,-6.867347],[107.53218,-6.867339],[107.532097,-6.867311],[107.532045,-6.867341],[107.532037,-6.867347],[107.531926,-6.867441],[107.531912,-6.867454],[107.531848,-6.867515],[107.531738,-6.867419],[107.531679,-6.867383],[107.531643,-6.86735],[107.531609,-6.867326],[107.531565,-6.867296],[107.531484,-6.86724],[107.531461,-6.867224],[107.531426,-6.867203],[107.53137,-6.867169],[107.531288,-6.86712],[107.531154,-6.867034],[107.531106,-6.866999],[107.531103,-6.866997],[107.531074,-6.866975],[107.531052,-6.866963],[107.531044,-6.866955],[107.531004,-6.866894],[107.53097,-6.866843],[107.530888,-6.866731],[107.53082,-6.866672],[107.530747,-6.866608],[107.530681,-6.866551],[107.530634,-6.866511],[107.530623,-6.8665],[107.530608,-6.866484],[107.530581,-6.866471],[107.530568,-6.866453],[107.530452,-6.866361],[107.530433,-6.866372],[107.53038,-6.8664],[107.530353,-6.866421],[107.530311,-6.866453],[107.530284,-6.866481],[107.530255,-6.866512],[107.53023,-6.866527],[107.53018,-6.866558],[107.53017,-6.866564],[107.530136,-6.866574],[107.530031,-6.866622],[107.529945,-6.86668],[107.529818,-6.866695],[107.529666,-6.86676],[107.529486,-6.86684],[107.529412,-6.866902],[107.529368,-6.866939],[107.529331,-6.866971],[107.529228,-6.867019],[107.529134,-6.867091],[107.529118,-6.867103],[107.529085,-6.867129],[107.528994,-6.867199],[107.528943,-6.867238],[107.528865,-6.867298],[107.528816,-6.867336],[107.528775,-6.867367],[107.52877,-6.867371],[107.528695,-6.867468],[107.528684,-6.867482],[107.528652,-6.867523],[107.528617,-6.867568],[107.528492,-6.867596],[107.528445,-6.867586],[107.52838,-6.867571],[107.528248,-6.867587],[107.528099,-6.867625],[107.527996,-6.86767],[107.527887,-6.867672],[107.52784,-6.867673],[107.527763,-6.867653],[107.527717,-6.867641],[107.527676,-6.867636],[107.527609,-6.867628],[107.527504,-6.867657],[107.527346,-6.867667],[107.527212,-6.867694],[107.527073,-6.86769],[107.527045,-6.867689],[107.526943,-6.867673],[107.526942,-6.867673],[107.526819,-6.867654],[107.526808,-6.867653],[107.526796,-6.867651],[107.526768,-6.867646],[107.526766,-6.867646],[107.526752,-6.867644],[107.526416,-6.867644],[107.526378,-6.86765],[107.526329,-6.867657],[107.526149,-6.867665],[107.526134,-6.867663],[107.52612,-6.867665],[107.526075,-6.867675],[107.526074,-6.867678],[107.526044,-6.867734],[107.525931,-6.86793],[107.52589,-6.868016],[107.525979,-6.868028],[107.525998,-6.868069],[107.526048,-6.868087],[107.526003,-6.868278],[107.52597,-6.868419],[107.525854,-6.868385],[107.525723,-6.868376],[107.525667,-6.868372],[107.525654,-6.868371],[107.525523,-6.868362],[107.525456,-6.86837],[107.525418,-6.868374],[107.525429,-6.868463],[107.525439,-6.868497],[107.525439,-6.868559],[107.525428,-6.868589],[107.525425,-6.868597],[107.525421,-6.868617],[107.525419,-6.868625],[107.525408,-6.868658],[107.52541,-6.868702],[107.525406,-6.868738],[107.525389,-6.868763],[107.525343,-6.868771],[107.525298,-6.868779],[107.525263,-6.868785],[107.525223,-6.868791],[107.525196,-6.868808],[107.525162,-6.868818],[107.525133,-6.868824],[107.525085,-6.86884],[107.525001,-6.86884],[107.524971,-6.86885],[107.524936,-6.868867],[107.524896,-6.86889],[107.524875,-6.868904],[107.524849,-6.868946],[107.524816,-6.868984],[107.524795,-6.86899],[107.524738,-6.86899],[107.524677,-6.869002],[107.52464,-6.869025],[107.524608,-6.869046],[107.524572,-6.869068],[107.524503,-6.869094],[107.524471,-6.869101],[107.524449,-6.869113],[107.524432,-6.869123],[107.524374,-6.869134],[107.524373,-6.869135],[107.52427,-6.869167],[107.524235,-6.869214],[107.524188,-6.869239],[107.524117,-6.869257],[107.524063,-6.869283],[107.524027,-6.869312],[107.524006,-6.86933],[107.523966,-6.869355],[107.523923,-6.869391],[107.523918,-6.869394],[107.523897,-6.869404],[107.523863,-6.86942],[107.523787,-6.869446],[107.523727,-6.869467],[107.523633,-6.869507],[107.523598,-6.869526],[107.523606,-6.869559],[107.523619,-6.869608],[107.523631,-6.869655],[107.523639,-6.869699],[107.52365,-6.869762],[107.523667,-6.869822],[107.523669,-6.869829],[107.523685,-6.86992],[107.52369,-6.869945],[107.523699,-6.869977],[107.523693,-6.870014],[107.52367,-6.870043],[107.523645,-6.870062],[107.523602,-6.870062],[107.523532,-6.870063],[107.523532,-6.870066],[107.523535,-6.870116],[107.52353,-6.870195],[107.523512,-6.870192],[107.523516,-6.870232],[107.52352,-6.870279],[107.523523,-6.870302],[107.523587,-6.870304],[107.523618,-6.870318],[107.523619,-6.870365],[107.52362,-6.870425],[107.523621,-6.870452],[107.523623,-6.87055],[107.523623,-6.870555],[107.523596,-6.87063],[107.523584,-6.870695],[107.523579,-6.870718],[107.523494,-6.870695],[107.523491,-6.870694],[107.523491,-6.870695],[107.523479,-6.87074],[107.52346,-6.870806],[107.523578,-6.870835],[107.523604,-6.870842],[107.523595,-6.870881],[107.523581,-6.87094],[107.52357,-6.870985],[107.523555,-6.871044],[107.523566,-6.871053],[107.523561,-6.871081],[107.523561,-6.871083],[107.523558,-6.871097],[107.523552,-6.871129],[107.523528,-6.871256],[107.523528,-6.871257],[107.523471,-6.871419],[107.523471,-6.87142],[107.523444,-6.871538],[107.523442,-6.871544],[107.523389,-6.871778],[107.523383,-6.871813],[107.523379,-6.871836],[107.523377,-6.871847],[107.523375,-6.871864],[107.523356,-6.871981],[107.523347,-6.872015],[107.523346,-6.872019],[107.523322,-6.872111],[107.52332,-6.872119],[107.523319,-6.872122],[107.523293,-6.872212],[107.523293,-6.872213],[107.523266,-6.872306],[107.523232,-6.872427],[107.523232,-6.872428],[107.523218,-6.872476],[107.523194,-6.87256],[107.52317,-6.872684],[107.52318,-6.872738],[107.523217,-6.872757],[107.52321,-6.87277],[107.523196,-6.872801],[107.523166,-6.872793],[107.52316,-6.872806],[107.523113,-6.872914],[107.523093,-6.872914],[107.523081,-6.872937],[107.523057,-6.872988],[107.523009,-6.873087],[107.523018,-6.873127],[107.522992,-6.873196],[107.522953,-6.873268],[107.522331,-6.872963],[107.5223,-6.872948],[107.522097,-6.872849],[107.521972,-6.873127],[107.521902,-6.873282],[107.521956,-6.873305],[107.521975,-6.873339],[107.521979,-6.873391],[107.521968,-6.873413],[107.521937,-6.873477],[107.521903,-6.873558],[107.521856,-6.873665],[107.52179,-6.87382],[107.521761,-6.873899],[107.521755,-6.873916],[107.521727,-6.873994],[107.521677,-6.874131],[107.521664,-6.874167],[107.521644,-6.874209],[107.521458,-6.874139],[107.52131,-6.874543],[107.520954,-6.8749],[107.520209,-6.875368],[107.51999,-6.875505],[107.519747,-6.875662],[107.519673,-6.875719],[107.519616,-6.875774],[107.519612,-6.875833],[107.519618,-6.875876],[107.519635,-6.875944],[107.519693,-6.876135],[107.519795,-6.876386],[107.519831,-6.876466],[107.519876,-6.876656],[107.519897,-6.876849],[107.519927,-6.877019],[107.519927,-6.87702],[107.519947,-6.877136],[107.519986,-6.877297],[107.520007,-6.877386],[107.520061,-6.877612],[107.520066,-6.877698],[107.520058,-6.877824],[107.520049,-6.877954],[107.520049,-6.877955],[107.520039,-6.8781],[107.520009,-6.878249],[107.520006,-6.878265],[107.519986,-6.878367],[107.519984,-6.878375],[107.519973,-6.878432],[107.519956,-6.878512],[107.519921,-6.878636],[107.519885,-6.878762],[107.51982,-6.879018],[107.51979,-6.879137],[107.519677,-6.879258],[107.519529,-6.879405],[107.519198,-6.879735],[107.518952,-6.879986]]]}},{"type":"Feature","properties":{"wilayah_id":11,"kelurahan":"Cimahi","kecamatan":"Cimahi Tengah","jumlah_rw":10},"geometry":{"type":"Polygon","coordinates":[[[107.538489,-6.871388],[107.53849,-6.871389],[107.538648,-6.871474],[107.538649,-6.871475],[107.538878,-6.871599],[107.539097,-6.871718],[107.539117,-6.871728],[107.539118,-6.871729],[107.539135,-6.871738],[107.539148,-6.871745],[107.539224,-6.871794],[107.53927,-6.871822],[107.539328,-6.871859],[107.539391,-6.871899],[107.539424,-6.871921],[107.539483,-6.871957],[107.539543,-6.871996],[107.539648,-6.872062],[107.539681,-6.872083],[107.539712,-6.872103],[107.539757,-6.872132],[107.539891,-6.872216],[107.540028,-6.872303],[107.540101,-6.872346],[107.540306,-6.872466],[107.54039,-6.87252],[107.540408,-6.872531],[107.540527,-6.872607],[107.540722,-6.872732],[107.541011,-6.872893],[107.541045,-6.872912],[107.54113,-6.87296],[107.541176,-6.872985],[107.541191,-6.872994],[107.541199,-6.872998],[107.541294,-6.873066],[107.541398,-6.873141],[107.541607,-6.873265],[107.541681,-6.873309],[107.541735,-6.87334],[107.541845,-6.873406],[107.541976,-6.873485],[107.541978,-6.873487],[107.541992,-6.873495],[107.541994,-6.873497],[107.542009,-6.873506],[107.542023,-6.873514],[107.542034,-6.873521],[107.54205,-6.873531],[107.542057,-6.873535],[107.54206,-6.873537],[107.542061,-6.873537],[107.542167,-6.873604],[107.542174,-6.873607],[107.542295,-6.873682],[107.542572,-6.873851],[107.542594,-6.873865],[107.542987,-6.87411],[107.54336,-6.874334],[107.543388,-6.87435],[107.543477,-6.874404],[107.543478,-6.874405],[107.543491,-6.874412],[107.543506,-6.874421],[107.543528,-6.874435],[107.543593,-6.874474],[107.543664,-6.874517],[107.543714,-6.874547],[107.543801,-6.874599],[107.543845,-6.874625],[107.54385,-6.874627],[107.543919,-6.874668],[107.544224,-6.87485],[107.544383,-6.87495],[107.544391,-6.874955],[107.544534,-6.875046],[107.544575,-6.875071],[107.544577,-6.875073],[107.544623,-6.8751],[107.544634,-6.875107],[107.544636,-6.875108],[107.544642,-6.875112],[107.544682,-6.875136],[107.544771,-6.87519],[107.544854,-6.875241],[107.545385,-6.875566],[107.545447,-6.875604],[107.545938,-6.875899],[107.546108,-6.876001],[107.54611,-6.876002],[107.546704,-6.876358],[107.546996,-6.876544],[107.547007,-6.876551],[107.547019,-6.876558],[107.54702,-6.876559],[107.547021,-6.876559],[107.547022,-6.87656],[107.547024,-6.876561],[107.547025,-6.876562],[107.547026,-6.876562],[107.547028,-6.876563],[107.547028,-6.876564],[107.547029,-6.876564],[107.54703,-6.876565],[107.547032,-6.876566],[107.547033,-6.876566],[107.547033,-6.876567],[107.547034,-6.876567],[107.547034,-6.876568],[107.547046,-6.87658],[107.547046,-6.876581],[107.547048,-6.876582],[107.547054,-6.876588],[107.547054,-6.876589],[107.547056,-6.87659],[107.547057,-6.876591],[107.547057,-6.876592],[107.547068,-6.876536],[107.547073,-6.876514],[107.547076,-6.876496],[107.54708,-6.876477],[107.54714,-6.876344],[107.547227,-6.876143],[107.547271,-6.876063],[107.547353,-6.875984],[107.547406,-6.875913],[107.547434,-6.875782],[107.547467,-6.875574],[107.547465,-6.875509],[107.547438,-6.875473],[107.547418,-6.875459],[107.547363,-6.875421],[107.547269,-6.875374],[107.547211,-6.875325],[107.547203,-6.875271],[107.547231,-6.875136],[107.547278,-6.874992],[107.547289,-6.87496],[107.547336,-6.874848],[107.547374,-6.874811],[107.547476,-6.874743],[107.547543,-6.874662],[107.54755,-6.874649],[107.547566,-6.874623],[107.547594,-6.874601],[107.54766,-6.874585],[107.547749,-6.874569],[107.547845,-6.87457],[107.547863,-6.874573],[107.547907,-6.874581],[107.54791,-6.874582],[107.547934,-6.874594],[107.547985,-6.874619],[107.548109,-6.874719],[107.548182,-6.874805],[107.548247,-6.874879],[107.548285,-6.874916],[107.548327,-6.874927],[107.548358,-6.874916],[107.548381,-6.874888],[107.548411,-6.874851],[107.548446,-6.874755],[107.548459,-6.874719],[107.548488,-6.874574],[107.548523,-6.874526],[107.548561,-6.874504],[107.54858,-6.8745],[107.548623,-6.87449],[107.548677,-6.874492],[107.548707,-6.874461],[107.548719,-6.874407],[107.548709,-6.874291],[107.548707,-6.874276],[107.548699,-6.874231],[107.548719,-6.874188],[107.548796,-6.874135],[107.548796,-6.874134],[107.548827,-6.874116],[107.548896,-6.874076],[107.548906,-6.874066],[107.548932,-6.874039],[107.548966,-6.874003],[107.548979,-6.873978],[107.548992,-6.87395],[107.549001,-6.873931],[107.549023,-6.873887],[107.549023,-6.873886],[107.549024,-6.873886],[107.549024,-6.873884],[107.549025,-6.873884],[107.549025,-6.873883],[107.549026,-6.873882],[107.549026,-6.87388],[107.549029,-6.873876],[107.549029,-6.873874],[107.549031,-6.873871],[107.549037,-6.873859],[107.549039,-6.873854],[107.549044,-6.873844],[107.549044,-6.873843],[107.549046,-6.87384],[107.549046,-6.873839],[107.549047,-6.873837],[107.549048,-6.873836],[107.549051,-6.87383],[107.549051,-6.873829],[107.549057,-6.873817],[107.549057,-6.873816],[107.549058,-6.873815],[107.549058,-6.873814],[107.549059,-6.873813],[107.549059,-6.873812],[107.54906,-6.873811],[107.54906,-6.873809],[107.549061,-6.873809],[107.549061,-6.873807],[107.549062,-6.873806],[107.549063,-6.873804],[107.549063,-6.873802],[107.549064,-6.873801],[107.549065,-6.873799],[107.549066,-6.873798],[107.549066,-6.873796],[107.549067,-6.873795],[107.549067,-6.873794],[107.549068,-6.873793],[107.549069,-6.873791],[107.549069,-6.873789],[107.54907,-6.873787],[107.549071,-6.873786],[107.549071,-6.873785],[107.549074,-6.87378],[107.549076,-6.873776],[107.549078,-6.87377],[107.549081,-6.873764],[107.549085,-6.873754],[107.549086,-6.873753],[107.549088,-6.873748],[107.54909,-6.873744],[107.549091,-6.873741],[107.549093,-6.873737],[107.549095,-6.873734],[107.549095,-6.873732],[107.549098,-6.873726],[107.549099,-6.873725],[107.549099,-6.873724],[107.5491,-6.873723],[107.5491,-6.873721],[107.549101,-6.873721],[107.549101,-6.87372],[107.54914,-6.873675],[107.54915,-6.873667],[107.549162,-6.873657],[107.54918,-6.873643],[107.549187,-6.873637],[107.549221,-6.873621],[107.549254,-6.873605],[107.54926,-6.873601],[107.549277,-6.873587],[107.549287,-6.873579],[107.549344,-6.873532],[107.549356,-6.873519],[107.549394,-6.873477],[107.549438,-6.873428],[107.549457,-6.873406],[107.549506,-6.873347],[107.549512,-6.873341],[107.54954,-6.873307],[107.549545,-6.873301],[107.549561,-6.873282],[107.549582,-6.873263],[107.549584,-6.873262],[107.549613,-6.873236],[107.549625,-6.873225],[107.549646,-6.873198],[107.549661,-6.873178],[107.549674,-6.873162],[107.549697,-6.873132],[107.549717,-6.873107],[107.549773,-6.873016],[107.549808,-6.87296],[107.549841,-6.872897],[107.549857,-6.872868],[107.549887,-6.87281],[107.5499,-6.872745],[107.549899,-6.872744],[107.549884,-6.872682],[107.549875,-6.872667],[107.549852,-6.872623],[107.549834,-6.872588],[107.549824,-6.87257],[107.549814,-6.872551],[107.549809,-6.872522],[107.549804,-6.872492],[107.549814,-6.872469],[107.549819,-6.872458],[107.549836,-6.872442],[107.549876,-6.872404],[107.549886,-6.872394],[107.549899,-6.872384],[107.549905,-6.87238],[107.549921,-6.872367],[107.549923,-6.872365],[107.54993,-6.87236],[107.549954,-6.872341],[107.549975,-6.872332],[107.549976,-6.872332],[107.549978,-6.872331],[107.549981,-6.87233],[107.550005,-6.872321],[107.550008,-6.872319],[107.550015,-6.872317],[107.550029,-6.872311],[107.550044,-6.872306],[107.550085,-6.872303],[107.550106,-6.872311],[107.550135,-6.872323],[107.550165,-6.872335],[107.550191,-6.872354],[107.550207,-6.872365],[107.550218,-6.872373],[107.550249,-6.872394],[107.550255,-6.872398],[107.550282,-6.872418],[107.550307,-6.872435],[107.550316,-6.872442],[107.550325,-6.872448],[107.550339,-6.872457],[107.55036,-6.872469],[107.550389,-6.872487],[107.550415,-6.872502],[107.55044,-6.872517],[107.550458,-6.872529],[107.550485,-6.872546],[107.550521,-6.872568],[107.550561,-6.872594],[107.550599,-6.872625],[107.550611,-6.872634],[107.55063,-6.87265],[107.550647,-6.872661],[107.550676,-6.872679],[107.550708,-6.8727],[107.550748,-6.872725],[107.55077,-6.872739],[107.550796,-6.872749],[107.550823,-6.872758],[107.550845,-6.872767],[107.550863,-6.872773],[107.550883,-6.87278],[107.550897,-6.872783],[107.550911,-6.872785],[107.550955,-6.872793],[107.550968,-6.872796],[107.551009,-6.872804],[107.551036,-6.87281],[107.551069,-6.872817],[107.551108,-6.872826],[107.55112,-6.872829],[107.551159,-6.872838],[107.551165,-6.872839],[107.551202,-6.872831],[107.551203,-6.872831],[107.551204,-6.87283],[107.551206,-6.87283],[107.551209,-6.872829],[107.551213,-6.872828],[107.551214,-6.872828],[107.551224,-6.872826],[107.551225,-6.872825],[107.55123,-6.872824],[107.551238,-6.872821],[107.55124,-6.872821],[107.551243,-6.87282],[107.551274,-6.872809],[107.551277,-6.872809],[107.551278,-6.872808],[107.55128,-6.872808],[107.551282,-6.872807],[107.551283,-6.872807],[107.551295,-6.872803],[107.5513,-6.872799],[107.551306,-6.872794],[107.551307,-6.872793],[107.551311,-6.872791],[107.551315,-6.872787],[107.551316,-6.872787],[107.551324,-6.87278],[107.551329,-6.872776],[107.551338,-6.872769],[107.551339,-6.872768],[107.551342,-6.872766],[107.551343,-6.872765],[107.551344,-6.872765],[107.551349,-6.87276],[107.551353,-6.872758],[107.551355,-6.872755],[107.551357,-6.872754],[107.551359,-6.872752],[107.55136,-6.872752],[107.551364,-6.872749],[107.551369,-6.872745],[107.551371,-6.872743],[107.551378,-6.872737],[107.55138,-6.872736],[107.551393,-6.872723],[107.551398,-6.872719],[107.551421,-6.872696],[107.551434,-6.872684],[107.551445,-6.872673],[107.551468,-6.872651],[107.551468,-6.87265],[107.551469,-6.87265],[107.55147,-6.872649],[107.55147,-6.872648],[107.551471,-6.872648],[107.551471,-6.872647],[107.551473,-6.872646],[107.551477,-6.872642],[107.551478,-6.87264],[107.551479,-6.87264],[107.551489,-6.87263],[107.551489,-6.872629],[107.55149,-6.872629],[107.55149,-6.872628],[107.551493,-6.872624],[107.551497,-6.872616],[107.5515,-6.872611],[107.551502,-6.872608],[107.551504,-6.872604],[107.551507,-6.872599],[107.551511,-6.872593],[107.551514,-6.872588],[107.551517,-6.872582],[107.551518,-6.872581],[107.551518,-6.87258],[107.551519,-6.872578],[107.551521,-6.872576],[107.551522,-6.872573],[107.551523,-6.872573],[107.551523,-6.872572],[107.551524,-6.872571],[107.551524,-6.87257],[107.551525,-6.872569],[107.551525,-6.872568],[107.551526,-6.872568],[107.551526,-6.872567],[107.551527,-6.872566],[107.551527,-6.872565],[107.551548,-6.87253],[107.551563,-6.872497],[107.551564,-6.872497],[107.551564,-6.872495],[107.551565,-6.872495],[107.551565,-6.872493],[107.551566,-6.872492],[107.551566,-6.872491],[107.551567,-6.87249],[107.551567,-6.872489],[107.551568,-6.872488],[107.551569,-6.872486],[107.551569,-6.872485],[107.551572,-6.87248],[107.551574,-6.872475],[107.551577,-6.872469],[107.551578,-6.872465],[107.551581,-6.87246],[107.551584,-6.872454],[107.551586,-6.872448],[107.551588,-6.872446],[107.551588,-6.872445],[107.551592,-6.872438],[107.551594,-6.872435],[107.5516,-6.872425],[107.551601,-6.872423],[107.551606,-6.872415],[107.551608,-6.872411],[107.551611,-6.872406],[107.551615,-6.8724],[107.551621,-6.87239],[107.551625,-6.872383],[107.551625,-6.872382],[107.551631,-6.872373],[107.551634,-6.872368],[107.551637,-6.872362],[107.551641,-6.872356],[107.551642,-6.872354],[107.551646,-6.872348],[107.551648,-6.872344],[107.551651,-6.87234],[107.551651,-6.872338],[107.551654,-6.872334],[107.551657,-6.872328],[107.551658,-6.872327],[107.551661,-6.87232],[107.551661,-6.872319],[107.551664,-6.872312],[107.551664,-6.872311],[107.551666,-6.872307],[107.551667,-6.872304],[107.551667,-6.872303],[107.551678,-6.872276],[107.551679,-6.872276],[107.551683,-6.872266],[107.551684,-6.872264],[107.551686,-6.872257],[107.551687,-6.872256],[107.551688,-6.872252],[107.551689,-6.872251],[107.551689,-6.87225],[107.55169,-6.872249],[107.551691,-6.872246],[107.551691,-6.872245],[107.551692,-6.872244],[107.551692,-6.872242],[107.551646,-6.872254],[107.551644,-6.872255],[107.551588,-6.872273],[107.551573,-6.872278],[107.551569,-6.872278],[107.551566,-6.872279],[107.551505,-6.872284],[107.55147,-6.872277],[107.551447,-6.872271],[107.55136,-6.872228],[107.551262,-6.87217],[107.551255,-6.872166],[107.551195,-6.87213],[107.551192,-6.872128],[107.551156,-6.872107],[107.551142,-6.872095],[107.551141,-6.872094],[107.551107,-6.872036],[107.551091,-6.87201],[107.551075,-6.871992],[107.551025,-6.871936],[107.551008,-6.871881],[107.551008,-6.87188],[107.551007,-6.87188],[107.550913,-6.87177],[107.550908,-6.871764],[107.550905,-6.871762],[107.550897,-6.871757],[107.550758,-6.871664],[107.55072,-6.871636],[107.550709,-6.871628],[107.550699,-6.871621],[107.550668,-6.871597],[107.550607,-6.871548],[107.55055,-6.871502],[107.550537,-6.871476],[107.550512,-6.871428],[107.55048,-6.871393],[107.550442,-6.871352],[107.550344,-6.871293],[107.550293,-6.87127],[107.550267,-6.871258],[107.550235,-6.871243],[107.550136,-6.871264],[107.549897,-6.871276],[107.549592,-6.871292],[107.549464,-6.871274],[107.549416,-6.87128],[107.549309,-6.871293],[107.549225,-6.871345],[107.549169,-6.87138],[107.549069,-6.871478],[107.548984,-6.871561],[107.548922,-6.871657],[107.548821,-6.871813],[107.548785,-6.87188],[107.548756,-6.871854],[107.548595,-6.871666],[107.548429,-6.871466],[107.548397,-6.871427],[107.54837,-6.871379],[107.548228,-6.871624],[107.548177,-6.871711],[107.54816,-6.871745],[107.548051,-6.871683],[107.547912,-6.87158],[107.547909,-6.871579],[107.547885,-6.871563],[107.547822,-6.871522],[107.547895,-6.871405],[107.547912,-6.871374],[107.547962,-6.871317],[107.547816,-6.871211],[107.547791,-6.871192],[107.54779,-6.871192],[107.547778,-6.871183],[107.547777,-6.871183],[107.547758,-6.87117],[107.54761,-6.871073],[107.547609,-6.871072],[107.547442,-6.870962],[107.547337,-6.870932],[107.547331,-6.870929],[107.547283,-6.870904],[107.547254,-6.870879],[107.547177,-6.870815],[107.547134,-6.870778],[107.547057,-6.870726],[107.54696,-6.870661],[107.546835,-6.870561],[107.546802,-6.870535],[107.546746,-6.870491],[107.546746,-6.87049],[107.54677,-6.870434],[107.546793,-6.870382],[107.546688,-6.870299],[107.5466,-6.870244],[107.546589,-6.870237],[107.546557,-6.870286],[107.546524,-6.870283],[107.546486,-6.870286],[107.546444,-6.870298],[107.546421,-6.870304],[107.546373,-6.870324],[107.546342,-6.870336],[107.546339,-6.870337],[107.546336,-6.870336],[107.546331,-6.870338],[107.546258,-6.870327],[107.546217,-6.870316],[107.546207,-6.870313],[107.546189,-6.870308],[107.546163,-6.870301],[107.546159,-6.8703],[107.54609,-6.870291],[107.546036,-6.870295],[107.546014,-6.870297],[107.545966,-6.870274],[107.545507,-6.869948],[107.545388,-6.869863],[107.545378,-6.869857],[107.545324,-6.869823],[107.545308,-6.869831],[107.545299,-6.869843],[107.545214,-6.86995],[107.545103,-6.870089],[107.545053,-6.870136],[107.545029,-6.870168],[107.544931,-6.870142],[107.54484,-6.870092],[107.544726,-6.869985],[107.544697,-6.869952],[107.544522,-6.86976],[107.544495,-6.869729],[107.544482,-6.869716],[107.544487,-6.869705],[107.544559,-6.869602],[107.544571,-6.869595],[107.544577,-6.869585],[107.544711,-6.86935],[107.54471,-6.869203],[107.54477,-6.869081],[107.544782,-6.868971],[107.544622,-6.868813],[107.544677,-6.868733],[107.544678,-6.868732],[107.544701,-6.868699],[107.544707,-6.86869],[107.544621,-6.868629],[107.544587,-6.868612],[107.544552,-6.868593],[107.544524,-6.868577],[107.544426,-6.868522],[107.544358,-6.868619],[107.544352,-6.868627],[107.544343,-6.868619],[107.544335,-6.868613],[107.544301,-6.868587],[107.544127,-6.868453],[107.544091,-6.868425],[107.543959,-6.868303],[107.543784,-6.868153],[107.543736,-6.868111],[107.54372,-6.868101],[107.543678,-6.868074],[107.543646,-6.868034],[107.543642,-6.868028],[107.543637,-6.868023],[107.543629,-6.868012],[107.543628,-6.868011],[107.543623,-6.867906],[107.543622,-6.867902],[107.54357,-6.867844],[107.543552,-6.867825],[107.543425,-6.867759],[107.543185,-6.867811],[107.543076,-6.867754],[107.543068,-6.86775],[107.54289,-6.867662],[107.542837,-6.867645],[107.542816,-6.867638],[107.542811,-6.867637],[107.542805,-6.867634],[107.542801,-6.867648],[107.5428,-6.867651],[107.5428,-6.867654],[107.542798,-6.867659],[107.542797,-6.867664],[107.542796,-6.867664],[107.542775,-6.86775],[107.542728,-6.867938],[107.542727,-6.867938],[107.542726,-6.867945],[107.542712,-6.867999],[107.542698,-6.868056],[107.542684,-6.868111],[107.542678,-6.868135],[107.542639,-6.868292],[107.542636,-6.868302],[107.542376,-6.868218],[107.542381,-6.868206],[107.542378,-6.868193],[107.542377,-6.868191],[107.542358,-6.86819],[107.542309,-6.868186],[107.542204,-6.868186],[107.542192,-6.868194],[107.542144,-6.868279],[107.542113,-6.868323],[107.542111,-6.868327],[107.542089,-6.868357],[107.542058,-6.868375],[107.542049,-6.868379],[107.542046,-6.86838],[107.542038,-6.868384],[107.542035,-6.868398],[107.542032,-6.868417],[107.542021,-6.868472],[107.54201,-6.868512],[107.542005,-6.868539],[107.542001,-6.868561],[107.542001,-6.868634],[107.542,-6.868685],[107.542,-6.868689],[107.542001,-6.868694],[107.542002,-6.868721],[107.542005,-6.868782],[107.542015,-6.868792],[107.542024,-6.868802],[107.541994,-6.868913],[107.541993,-6.868916],[107.541987,-6.86892],[107.541976,-6.868925],[107.541965,-6.868964],[107.541964,-6.86897],[107.541929,-6.869013],[107.541919,-6.869021],[107.541906,-6.869031],[107.541859,-6.869068],[107.54181,-6.869105],[107.541758,-6.869145],[107.541654,-6.869221],[107.541564,-6.869292],[107.541528,-6.869306],[107.541457,-6.869344],[107.541451,-6.869348],[107.541436,-6.869357],[107.541411,-6.869373],[107.541352,-6.869403],[107.541329,-6.86942],[107.541294,-6.869423],[107.54126,-6.869448],[107.541259,-6.869449],[107.541138,-6.869571],[107.541134,-6.869577],[107.541075,-6.86965],[107.541035,-6.869727],[107.541033,-6.869732],[107.541032,-6.869734],[107.541057,-6.869744],[107.541091,-6.869769],[107.541059,-6.869819],[107.541049,-6.869835],[107.541013,-6.86989],[107.541018,-6.869895],[107.541038,-6.869913],[107.540976,-6.869998],[107.540971,-6.870005],[107.54097,-6.870007],[107.540935,-6.870053],[107.540929,-6.870062],[107.540914,-6.870093],[107.540886,-6.870148],[107.54086,-6.8702],[107.540859,-6.870203],[107.5408,-6.870319],[107.540789,-6.870342],[107.540682,-6.870456],[107.540491,-6.870661],[107.540458,-6.870719],[107.540356,-6.87081],[107.540308,-6.870848],[107.540291,-6.870846],[107.540279,-6.870833],[107.540251,-6.870815],[107.540224,-6.870777],[107.540216,-6.870761],[107.540203,-6.870758],[107.540184,-6.870755],[107.540141,-6.870771],[107.540039,-6.870816],[107.539985,-6.870846],[107.539984,-6.870846],[107.539842,-6.870915],[107.539697,-6.870991],[107.539267,-6.871193],[107.53914,-6.871253],[107.539108,-6.871273],[107.539085,-6.871292],[107.539079,-6.871279],[107.539073,-6.871268],[107.539004,-6.871125],[107.538945,-6.871065],[107.538907,-6.871033],[107.538892,-6.871036],[107.538878,-6.871038],[107.538783,-6.871055],[107.538651,-6.871033],[107.538651,-6.871034],[107.53855,-6.871254],[107.538498,-6.871369],[107.538492,-6.871383],[107.538489,-6.871388]]]}},{"type":"Feature","properties":{"wilayah_id":7,"kelurahan":"Cigugur Tengah","kecamatan":"Cimahi Tengah","jumlah_rw":19},"geometry":{"type":"Polygon","coordinates":[[[107.544513,-6.893862],[107.544568,-6.894124],[107.545148,-6.89443],[107.545273,-6.894496],[107.545335,-6.894529],[107.545628,-6.894683],[107.54563,-6.894684],[107.546032,-6.894897],[107.546396,-6.895162],[107.546404,-6.895168],[107.546417,-6.895177],[107.546455,-6.895206],[107.546465,-6.895213],[107.546494,-6.895223],[107.546522,-6.895232],[107.546525,-6.895233],[107.546545,-6.89524],[107.546566,-6.895247],[107.546567,-6.895248],[107.546576,-6.895251],[107.546703,-6.895294],[107.546794,-6.895325],[107.546893,-6.895359],[107.546899,-6.895361],[107.546906,-6.895364],[107.546988,-6.895385],[107.547135,-6.895423],[107.547278,-6.89546],[107.547302,-6.895466],[107.547478,-6.895511],[107.547736,-6.895578],[107.547809,-6.895597],[107.548143,-6.895683],[107.548277,-6.895715],[107.548257,-6.895917],[107.548255,-6.895936],[107.548255,-6.895937],[107.548254,-6.895941],[107.548213,-6.896354],[107.548211,-6.896367],[107.548184,-6.896526],[107.548152,-6.896719],[107.548176,-6.896935],[107.548182,-6.896971],[107.548192,-6.897024],[107.548196,-6.897048],[107.548213,-6.897141],[107.548179,-6.897416],[107.548171,-6.897482],[107.548163,-6.897545],[107.548157,-6.897596],[107.548185,-6.897868],[107.548204,-6.89805],[107.548204,-6.898053],[107.548224,-6.898202],[107.548233,-6.898272],[107.548237,-6.898375],[107.54824,-6.898461],[107.548241,-6.898469],[107.548246,-6.89852],[107.548247,-6.89853],[107.548265,-6.898581],[107.548275,-6.898584],[107.548325,-6.898598],[107.548325,-6.898599],[107.548328,-6.898602],[107.548336,-6.898604],[107.548347,-6.898607],[107.548407,-6.898629],[107.548409,-6.898633],[107.548452,-6.89871],[107.54845,-6.898762],[107.54845,-6.898771],[107.548449,-6.898796],[107.548448,-6.898806],[107.548455,-6.898876],[107.548461,-6.898933],[107.548481,-6.899006],[107.548485,-6.899022],[107.54849,-6.899043],[107.5485,-6.899194],[107.5485,-6.899197],[107.548506,-6.899228],[107.548526,-6.899336],[107.548543,-6.899427],[107.548556,-6.899495],[107.548583,-6.899641],[107.548598,-6.899722],[107.548601,-6.899738],[107.548618,-6.899829],[107.548635,-6.899916],[107.548646,-6.899965],[107.548651,-6.899984],[107.548658,-6.900013],[107.548666,-6.900046],[107.548667,-6.90005],[107.548671,-6.900068],[107.548678,-6.900095],[107.548947,-6.900002],[107.549714,-6.899749],[107.550125,-6.899637],[107.550183,-6.899612],[107.550329,-6.899576],[107.550397,-6.899559],[107.550491,-6.899536],[107.550494,-6.899589],[107.550503,-6.89971],[107.550503,-6.899719],[107.5505,-6.899791],[107.550499,-6.899831],[107.550495,-6.899928],[107.550494,-6.89995],[107.550493,-6.900019],[107.550482,-6.900079],[107.550477,-6.900107],[107.55047,-6.900174],[107.550468,-6.900196],[107.55043,-6.900329],[107.550429,-6.900332],[107.550387,-6.9005],[107.550364,-6.900552],[107.550706,-6.900651],[107.550843,-6.900691],[107.550883,-6.900703],[107.550903,-6.900711],[107.550908,-6.900763],[107.550908,-6.900796],[107.551006,-6.900828],[107.550973,-6.90088],[107.550925,-6.900998],[107.550897,-6.901094],[107.550832,-6.901099],[107.550775,-6.901161],[107.550763,-6.901196],[107.550733,-6.901256],[107.550666,-6.901243],[107.550455,-6.901204],[107.550453,-6.901213],[107.550365,-6.901527],[107.550357,-6.901554],[107.550318,-6.901748],[107.550344,-6.901755],[107.55045,-6.901787],[107.550677,-6.901855],[107.550678,-6.901855],[107.551164,-6.902001],[107.551239,-6.902024],[107.551314,-6.902039],[107.551223,-6.902296],[107.551077,-6.902708],[107.550794,-6.903503],[107.550772,-6.903567],[107.551072,-6.903642],[107.551075,-6.903645],[107.55116,-6.903704],[107.550948,-6.904418],[107.550617,-6.905137],[107.550596,-6.90518],[107.550221,-6.905959],[107.55025,-6.90597],[107.550604,-6.906102],[107.55075,-6.906156],[107.550773,-6.906165],[107.550818,-6.906181],[107.550838,-6.906136],[107.550886,-6.906033],[107.550929,-6.906054],[107.551057,-6.906114],[107.551089,-6.905983],[107.551284,-6.90518],[107.551338,-6.904955],[107.55185,-6.90518],[107.552365,-6.905407],[107.552442,-6.90518],[107.55264,-6.904602],[107.552653,-6.904547],[107.552647,-6.904535],[107.552678,-6.90442],[107.552692,-6.904368],[107.552695,-6.90437],[107.552694,-6.904369],[107.552813,-6.904427],[107.553022,-6.904533],[107.553095,-6.90457],[107.553095,-6.904563],[107.553094,-6.904527],[107.553093,-6.904482],[107.553103,-6.904422],[107.553107,-6.904396],[107.553116,-6.904353],[107.553135,-6.90427],[107.553189,-6.904163],[107.553251,-6.904065],[107.553303,-6.903983],[107.553364,-6.903962],[107.553422,-6.903943],[107.553538,-6.903911],[107.553589,-6.903897],[107.55367,-6.903878],[107.553809,-6.903844],[107.553838,-6.903836],[107.553916,-6.903815],[107.553944,-6.903792],[107.553983,-6.90376],[107.554037,-6.903642],[107.55406,-6.903592],[107.554083,-6.903555],[107.554117,-6.903499],[107.554133,-6.90347],[107.554167,-6.903406],[107.554193,-6.903392],[107.554212,-6.903381],[107.554277,-6.903371],[107.554306,-6.903367],[107.55432,-6.903364],[107.554366,-6.903354],[107.55438,-6.903343],[107.55441,-6.903318],[107.554506,-6.903294],[107.554609,-6.903222],[107.554621,-6.903197],[107.554652,-6.903135],[107.554677,-6.90308],[107.554708,-6.903025],[107.554753,-6.902934],[107.554801,-6.902869],[107.554843,-6.902842],[107.554925,-6.902819],[107.554964,-6.902834],[107.554969,-6.902836],[107.554992,-6.90287],[107.555006,-6.902891],[107.555031,-6.902935],[107.55505,-6.902943],[107.555079,-6.902955],[107.555121,-6.902963],[107.555174,-6.902972],[107.555234,-6.902899],[107.555258,-6.90287],[107.555287,-6.902778],[107.555319,-6.902679],[107.555323,-6.902671],[107.555381,-6.902526],[107.555458,-6.902364],[107.555464,-6.902357],[107.555527,-6.902274],[107.555538,-6.902205],[107.555547,-6.902151],[107.555508,-6.902083],[107.555438,-6.902027],[107.555402,-6.901973],[107.555403,-6.901941],[107.555405,-6.901892],[107.555423,-6.901873],[107.555444,-6.90185],[107.555501,-6.90178],[107.555537,-6.901736],[107.555542,-6.90173],[107.555616,-6.901646],[107.555654,-6.90162],[107.555719,-6.901598],[107.555871,-6.901549],[107.55592,-6.901488],[107.555947,-6.901454],[107.555952,-6.901448],[107.556025,-6.901297],[107.556055,-6.901269],[107.55612,-6.901207],[107.556154,-6.901207],[107.556257,-6.901203],[107.556385,-6.901162],[107.556391,-6.901155],[107.556427,-6.901119],[107.556483,-6.901061],[107.55649,-6.901053],[107.556517,-6.901025],[107.556611,-6.900926],[107.556614,-6.900914],[107.556625,-6.900879],[107.556634,-6.90084],[107.556652,-6.900791],[107.556693,-6.90074],[107.556723,-6.900702],[107.556752,-6.900667],[107.556789,-6.900621],[107.556812,-6.900592],[107.556817,-6.900566],[107.556819,-6.900554],[107.556836,-6.900462],[107.556845,-6.900425],[107.556854,-6.900382],[107.556897,-6.900313],[107.556902,-6.900304],[107.556906,-6.900299],[107.556964,-6.900255],[107.557007,-6.900195],[107.557015,-6.900185],[107.557018,-6.900183],[107.557099,-6.900123],[107.55714,-6.899968],[107.557146,-6.899956],[107.557154,-6.899941],[107.557187,-6.899874],[107.557209,-6.899804],[107.557247,-6.899678],[107.557336,-6.899707],[107.557463,-6.89975],[107.557542,-6.899777],[107.557548,-6.899779],[107.557553,-6.89978],[107.557557,-6.899756],[107.557575,-6.899643],[107.557598,-6.899554],[107.557626,-6.899469],[107.557626,-6.899468],[107.557655,-6.899478],[107.557844,-6.899544],[107.557876,-6.899555],[107.55804,-6.899613],[107.558185,-6.899226],[107.558443,-6.898537],[107.558533,-6.8983],[107.558535,-6.898293],[107.558538,-6.898283],[107.55866,-6.897835],[107.558698,-6.897719],[107.558712,-6.897674],[107.55872,-6.897649],[107.55873,-6.897619],[107.558415,-6.897199],[107.558401,-6.897181],[107.558398,-6.897176],[107.558395,-6.897172],[107.558388,-6.897163],[107.55848,-6.897128],[107.558484,-6.897126],[107.558525,-6.897114],[107.558809,-6.897024],[107.558814,-6.897023],[107.559736,-6.896759],[107.559774,-6.896745],[107.56,-6.896664],[107.560146,-6.896611],[107.560163,-6.896605],[107.560295,-6.896557],[107.560453,-6.896476],[107.560468,-6.896468],[107.560536,-6.896434],[107.560534,-6.89643],[107.560444,-6.896271],[107.560111,-6.895744],[107.559833,-6.895292],[107.559722,-6.89511],[107.559712,-6.895094],[107.559711,-6.895092],[107.55971,-6.895091],[107.559705,-6.895083],[107.55968,-6.895042],[107.559677,-6.895037],[107.559675,-6.895034],[107.559651,-6.894996],[107.559639,-6.894976],[107.559635,-6.89497],[107.559612,-6.894934],[107.559587,-6.894894],[107.559573,-6.89487],[107.559541,-6.89482],[107.559391,-6.89458],[107.559389,-6.894577],[107.559106,-6.894109],[107.559058,-6.89403],[107.558943,-6.893835],[107.558843,-6.893679],[107.558697,-6.893454],[107.558569,-6.893254],[107.558512,-6.893173],[107.558468,-6.893078],[107.55843,-6.892996],[107.558295,-6.892759],[107.558283,-6.892738],[107.55826,-6.892698],[107.558063,-6.892354],[107.557987,-6.892224],[107.557977,-6.892207],[107.557935,-6.892134],[107.557745,-6.891804],[107.557639,-6.891638],[107.557536,-6.891478],[107.557457,-6.891355],[107.557317,-6.891124],[107.557269,-6.891045],[107.557243,-6.891002],[107.557128,-6.890813],[107.557121,-6.890802],[107.55711,-6.890784],[107.557047,-6.890682],[107.556927,-6.890487],[107.556656,-6.890056],[107.556496,-6.889764],[107.556438,-6.889656],[107.556455,-6.889642],[107.556433,-6.889611],[107.556408,-6.889574],[107.556396,-6.889558],[107.556342,-6.889482],[107.556332,-6.889467],[107.556317,-6.889446],[107.556243,-6.889341],[107.556239,-6.889334],[107.556228,-6.889319],[107.556159,-6.889208],[107.556119,-6.889146],[107.556087,-6.889096],[107.556056,-6.889048],[107.55603,-6.889007],[107.556028,-6.889005],[107.556021,-6.888993],[107.555972,-6.888915],[107.555971,-6.888913],[107.555966,-6.888905],[107.555963,-6.8889],[107.555961,-6.888896],[107.555913,-6.88882],[107.555913,-6.888819],[107.555892,-6.888786],[107.555889,-6.888781],[107.55587,-6.888751],[107.555753,-6.888566],[107.555733,-6.888534],[107.555699,-6.888481],[107.555555,-6.888254],[107.555516,-6.888193],[107.555468,-6.888116],[107.555427,-6.888051],[107.555389,-6.887991],[107.555274,-6.88782],[107.555267,-6.88781],[107.555262,-6.887802],[107.555259,-6.887798],[107.555247,-6.887775],[107.555241,-6.887762],[107.555216,-6.887713],[107.555215,-6.88771],[107.55519,-6.887661],[107.555176,-6.887637],[107.555079,-6.887477],[107.555062,-6.887451],[107.555023,-6.887385],[107.554979,-6.887312],[107.554859,-6.887112],[107.554856,-6.887108],[107.554714,-6.886872],[107.554672,-6.886803],[107.554661,-6.886783],[107.554649,-6.886763],[107.554647,-6.886761],[107.554626,-6.886725],[107.554622,-6.886716],[107.554622,-6.886715],[107.55462,-6.886709],[107.554611,-6.886684],[107.554609,-6.886682],[107.554595,-6.886657],[107.554593,-6.886653],[107.554572,-6.886616],[107.554546,-6.886569],[107.554521,-6.886524],[107.55447,-6.886432],[107.55442,-6.886342],[107.554393,-6.886299],[107.554336,-6.886207],[107.554297,-6.886145],[107.554272,-6.886104],[107.554263,-6.886089],[107.554252,-6.886071],[107.554237,-6.886051],[107.554211,-6.886014],[107.554136,-6.885908],[107.55413,-6.885899],[107.554103,-6.885852],[107.554008,-6.885687],[107.55396,-6.885609],[107.553889,-6.885493],[107.553859,-6.885443],[107.553771,-6.8853],[107.553682,-6.885147],[107.553653,-6.885098],[107.553652,-6.885097],[107.553652,-6.885096],[107.553651,-6.885096],[107.553651,-6.885094],[107.55365,-6.885094],[107.55365,-6.885093],[107.553649,-6.885092],[107.553649,-6.885091],[107.553648,-6.88509],[107.553648,-6.885089],[107.553647,-6.885088],[107.553647,-6.885087],[107.553645,-6.885085],[107.553645,-6.885084],[107.553644,-6.885083],[107.553644,-6.885082],[107.553643,-6.885082],[107.553643,-6.885081],[107.553642,-6.88508],[107.553642,-6.885079],[107.553641,-6.885079],[107.553641,-6.885078],[107.55364,-6.885077],[107.553639,-6.885074],[107.553638,-6.885073],[107.553636,-6.885069],[107.553634,-6.885066],[107.553633,-6.885065],[107.553632,-6.885062],[107.553631,-6.88506],[107.553629,-6.885058],[107.553628,-6.885056],[107.553628,-6.885055],[107.553626,-6.885052],[107.553625,-6.885051],[107.553623,-6.885047],[107.553622,-6.885046],[107.553622,-6.885045],[107.553621,-6.885044],[107.55362,-6.885042],[107.553612,-6.885029],[107.553611,-6.885027],[107.553601,-6.88501],[107.5536,-6.885009],[107.553594,-6.884998],[107.553589,-6.88499],[107.553583,-6.884978],[107.553581,-6.884976],[107.553574,-6.884964],[107.55357,-6.884958],[107.553565,-6.884948],[107.55356,-6.88494],[107.553554,-6.88493],[107.55355,-6.884924],[107.553543,-6.884911],[107.55354,-6.884906],[107.553533,-6.884893],[107.553529,-6.884887],[107.553521,-6.884874],[107.55352,-6.884871],[107.55351,-6.884855],[107.553508,-6.884852],[107.553501,-6.88484],[107.553493,-6.884826],[107.553487,-6.884815],[107.55348,-6.884804],[107.553478,-6.884801],[107.553478,-6.8848],[107.553472,-6.88479],[107.553471,-6.884789],[107.55347,-6.884786],[107.553468,-6.884784],[107.553468,-6.884783],[107.553466,-6.884781],[107.553465,-6.884779],[107.553465,-6.884778],[107.553464,-6.884777],[107.553464,-6.884776],[107.553463,-6.884775],[107.55346,-6.884771],[107.55346,-6.884769],[107.553457,-6.884764],[107.553456,-6.884763],[107.553453,-6.884758],[107.553452,-6.884756],[107.553449,-6.884752],[107.553447,-6.884749],[107.553444,-6.884743],[107.553444,-6.884742],[107.553441,-6.884738],[107.553441,-6.884737],[107.553438,-6.884733],[107.553438,-6.884732],[107.553435,-6.884728],[107.553435,-6.884727],[107.553433,-6.884725],[107.553433,-6.884723],[107.553431,-6.884721],[107.55343,-6.884719],[107.55343,-6.884718],[107.553429,-6.884718],[107.553426,-6.884712],[107.553425,-6.884711],[107.553424,-6.884709],[107.553424,-6.884708],[107.553423,-6.884708],[107.553423,-6.884706],[107.553422,-6.884706],[107.553422,-6.884705],[107.553355,-6.884592],[107.553298,-6.884495],[107.553282,-6.884467],[107.553275,-6.884455],[107.553269,-6.884449],[107.553251,-6.884433],[107.553245,-6.884427],[107.553175,-6.884299],[107.553133,-6.884222],[107.553063,-6.884093],[107.553039,-6.884049],[107.552992,-6.883979],[107.552938,-6.883897],[107.552937,-6.883897],[107.552937,-6.883896],[107.552936,-6.883895],[107.552935,-6.883893],[107.552935,-6.883892],[107.552934,-6.883892],[107.552934,-6.883891],[107.552933,-6.883889],[107.552932,-6.883889],[107.55293,-6.883885],[107.552928,-6.883882],[107.552927,-6.88388],[107.552926,-6.883879],[107.552922,-6.88387],[107.552919,-6.883866],[107.552916,-6.883861],[107.552914,-6.883856],[107.55291,-6.883849],[107.552908,-6.883846],[107.552902,-6.883836],[107.552901,-6.883834],[107.552901,-6.883833],[107.5529,-6.883832],[107.552899,-6.883829],[107.552898,-6.883828],[107.552897,-6.883826],[107.552895,-6.883824],[107.552895,-6.883822],[107.552894,-6.883822],[107.552894,-6.88382],[107.552893,-6.88382],[107.552893,-6.883819],[107.552892,-6.883818],[107.552892,-6.883817],[107.55289,-6.883814],[107.552889,-6.883811],[107.552863,-6.883767],[107.552822,-6.883699],[107.552812,-6.883684],[107.552807,-6.883676],[107.55279,-6.883648],[107.552764,-6.883606],[107.552674,-6.88346],[107.552642,-6.883409],[107.55261,-6.883367],[107.552604,-6.883359],[107.552597,-6.883351],[107.552584,-6.883338],[107.552564,-6.883316],[107.552551,-6.883302],[107.552499,-6.883223],[107.552429,-6.883115],[107.552407,-6.883072],[107.552291,-6.88284],[107.552225,-6.882725],[107.552214,-6.882707],[107.552178,-6.882645],[107.552122,-6.882548],[107.552091,-6.882495],[107.55208,-6.882476],[107.55207,-6.882459],[107.55207,-6.882458],[107.552069,-6.882458],[107.552069,-6.882457],[107.552065,-6.88245],[107.552059,-6.882443],[107.552052,-6.882432],[107.55205,-6.882428],[107.552047,-6.882424],[107.552043,-6.882418],[107.552036,-6.882407],[107.552019,-6.882381],[107.552017,-6.882379],[107.552007,-6.882363],[107.551995,-6.882346],[107.551969,-6.882306],[107.551943,-6.882265],[107.551935,-6.882254],[107.551931,-6.882247],[107.551924,-6.882237],[107.551918,-6.882229],[107.55191,-6.882216],[107.551907,-6.882211],[107.551896,-6.882195],[107.551895,-6.882193],[107.551886,-6.882179],[107.55188,-6.88217],[107.551873,-6.882159],[107.551871,-6.882157],[107.551864,-6.882146],[107.551858,-6.882136],[107.55185,-6.882125],[107.551847,-6.882121],[107.551845,-6.882117],[107.551838,-6.882107],[107.551836,-6.882104],[107.551832,-6.882097],[107.551828,-6.882091],[107.551827,-6.88209],[107.551827,-6.882089],[107.551826,-6.882088],[107.551826,-6.882087],[107.551824,-6.882086],[107.551824,-6.882084],[107.551823,-6.882084],[107.551823,-6.882083],[107.551821,-6.882081],[107.551821,-6.88208],[107.551819,-6.882078],[107.551819,-6.882077],[107.551818,-6.882077],[107.551818,-6.882075],[107.551817,-6.882075],[107.551815,-6.882071],[107.551815,-6.88207],[107.551813,-6.882068],[107.551813,-6.882066],[107.551812,-6.882066],[107.551812,-6.882065],[107.551811,-6.882063],[107.551808,-6.882059],[107.551806,-6.882055],[107.551804,-6.882052],[107.551803,-6.882051],[107.551799,-6.882043],[107.551799,-6.882042],[107.551794,-6.882035],[107.551791,-6.88203],[107.551791,-6.882028],[107.551789,-6.882026],[107.551785,-6.882018],[107.551778,-6.882007],[107.551776,-6.882003],[107.551776,-6.882002],[107.551771,-6.881995],[107.551769,-6.881991],[107.551768,-6.88199],[107.551765,-6.881984],[107.551765,-6.881983],[107.551762,-6.881979],[107.551751,-6.881961],[107.551748,-6.881955],[107.551739,-6.881939],[107.551734,-6.88193],[107.551732,-6.881926],[107.551721,-6.881908],[107.551721,-6.881907],[107.55171,-6.881888],[107.551709,-6.881887],[107.551705,-6.88188],[107.551692,-6.881858],[107.551688,-6.88185],[107.551676,-6.88183],[107.551669,-6.881818],[107.55166,-6.881803],[107.551656,-6.881795],[107.551653,-6.88179],[107.551646,-6.881778],[107.551644,-6.881774],[107.551638,-6.881764],[107.551631,-6.881752],[107.551623,-6.881738],[107.551621,-6.881734],[107.551618,-6.881729],[107.551612,-6.881718],[107.551607,-6.88171],[107.551599,-6.881696],[107.551596,-6.881691],[107.551588,-6.881678],[107.551586,-6.881673],[107.551584,-6.881671],[107.551578,-6.881659],[107.551577,-6.881658],[107.551575,-6.881655],[107.55157,-6.881647],[107.55157,-6.881645],[107.551566,-6.881638],[107.551548,-6.881608],[107.551547,-6.881607],[107.551544,-6.881601],[107.551544,-6.8816],[107.551543,-6.8816],[107.551543,-6.881598],[107.551542,-6.881598],[107.551542,-6.881597],[107.551541,-6.881595],[107.551539,-6.881593],[107.551539,-6.881592],[107.551538,-6.88159],[107.551537,-6.881589],[107.551536,-6.881587],[107.551521,-6.88156],[107.551515,-6.881551],[107.551512,-6.881545],[107.551509,-6.881541],[107.551462,-6.881461],[107.551423,-6.881394],[107.551405,-6.881364],[107.551321,-6.881222],[107.551315,-6.881211],[107.551265,-6.881142],[107.551257,-6.881131],[107.551238,-6.881104],[107.551196,-6.881041],[107.551169,-6.881],[107.550941,-6.880659],[107.550936,-6.880651],[107.550926,-6.880637],[107.550911,-6.880613],[107.550704,-6.880298],[107.55059,-6.8801],[107.550588,-6.880097],[107.550587,-6.880094],[107.550584,-6.880088],[107.550475,-6.879878],[107.550469,-6.879868],[107.550466,-6.879864],[107.550464,-6.879862],[107.550461,-6.879856],[107.55046,-6.879855],[107.550458,-6.879852],[107.550457,-6.87985],[107.550455,-6.879847],[107.550453,-6.879845],[107.550452,-6.879843],[107.550451,-6.879842],[107.550451,-6.879841],[107.550447,-6.879836],[107.550445,-6.879832],[107.550436,-6.879818],[107.55043,-6.87981],[107.550424,-6.8798],[107.550422,-6.879797],[107.550421,-6.879796],[107.550419,-6.879792],[107.550413,-6.879784],[107.550413,-6.879783],[107.550405,-6.879772],[107.550393,-6.879752],[107.550371,-6.87972],[107.550364,-6.87971],[107.550347,-6.879682],[107.550346,-6.879681],[107.550333,-6.879661],[107.550331,-6.879659],[107.550327,-6.879653],[107.550324,-6.879647],[107.550322,-6.879645],[107.550316,-6.879636],[107.550315,-6.879635],[107.550315,-6.879634],[107.550313,-6.879631],[107.550311,-6.879629],[107.550302,-6.879614],[107.5503,-6.879611],[107.550293,-6.8796],[107.550285,-6.879588],[107.55028,-6.87958],[107.550272,-6.879568],[107.550265,-6.879559],[107.550257,-6.879546],[107.550252,-6.879538],[107.550246,-6.879528],[107.550239,-6.879518],[107.550231,-6.879507],[107.550225,-6.879497],[107.550216,-6.879483],[107.55021,-6.879475],[107.550202,-6.879462],[107.550184,-6.879435],[107.550181,-6.87943],[107.55017,-6.879414],[107.55017,-6.879413],[107.550165,-6.879404],[107.550163,-6.8794],[107.550155,-6.879387],[107.550149,-6.879375],[107.550147,-6.879373],[107.550147,-6.879372],[107.550146,-6.87937],[107.550144,-6.879368],[107.550142,-6.879363],[107.55014,-6.87936],[107.550135,-6.879352],[107.55013,-6.879342],[107.550127,-6.879337],[107.550125,-6.879334],[107.550123,-6.87933],[107.550121,-6.879327],[107.55012,-6.879325],[107.550118,-6.87932],[107.550117,-6.87932],[107.550115,-6.879315],[107.550113,-6.879313],[107.550113,-6.879312],[107.550112,-6.879311],[107.550112,-6.87931],[107.550111,-6.879309],[107.550111,-6.879308],[107.55011,-6.879308],[107.55011,-6.879306],[107.550109,-6.879306],[107.550109,-6.879305],[107.550073,-6.879241],[107.550065,-6.879228],[107.550056,-6.879211],[107.55003,-6.879165],[107.550029,-6.879163],[107.550028,-6.879162],[107.55001,-6.87913],[107.550003,-6.879117],[107.550002,-6.879116],[107.549993,-6.879099],[107.549988,-6.879091],[107.549985,-6.879085],[107.549981,-6.879078],[107.54998,-6.879076],[107.549971,-6.879061],[107.54989,-6.879135],[107.549847,-6.879175],[107.549775,-6.879241],[107.549772,-6.879257],[107.549747,-6.879287],[107.549676,-6.879373],[107.549671,-6.879376],[107.549669,-6.879377],[107.549663,-6.879381],[107.549662,-6.879387],[107.549662,-6.879392],[107.549661,-6.879399],[107.549661,-6.879402],[107.549659,-6.879414],[107.549653,-6.879461],[107.549611,-6.879529],[107.549557,-6.879616],[107.549523,-6.879652],[107.549472,-6.879726],[107.549459,-6.879745],[107.549494,-6.879771],[107.549476,-6.87982],[107.549465,-6.87987],[107.549463,-6.879876],[107.549455,-6.879911],[107.549446,-6.879934],[107.549425,-6.879984],[107.549375,-6.880105],[107.549273,-6.880261],[107.549168,-6.880413],[107.54915,-6.880461],[107.549196,-6.880507],[107.549242,-6.880545],[107.549287,-6.880581],[107.549399,-6.880673],[107.549479,-6.880751],[107.549562,-6.880833],[107.54973,-6.881044],[107.549828,-6.881123],[107.549856,-6.88115],[107.549868,-6.881161],[107.549963,-6.881224],[107.550107,-6.881325],[107.550182,-6.881363],[107.550167,-6.881378],[107.550088,-6.881452],[107.550077,-6.881463],[107.54988,-6.881542],[107.549565,-6.881658],[107.549492,-6.881684],[107.549472,-6.881691],[107.549503,-6.881759],[107.549543,-6.881847],[107.549554,-6.881871],[107.549555,-6.881873],[107.549548,-6.881889],[107.549507,-6.881972],[107.549447,-6.882106],[107.549341,-6.882239],[107.549306,-6.882302],[107.549302,-6.882309],[107.549296,-6.882344],[107.549288,-6.882395],[107.549275,-6.882476],[107.549273,-6.882482],[107.54925,-6.882548],[107.549239,-6.882582],[107.549188,-6.882745],[107.549083,-6.882956],[107.549057,-6.883008],[107.549074,-6.883031],[107.549082,-6.883042],[107.549106,-6.883073],[107.549135,-6.883091],[107.549263,-6.883172],[107.549439,-6.883262],[107.549564,-6.883326],[107.549614,-6.88336],[107.549639,-6.883376],[107.549694,-6.883411],[107.549792,-6.883473],[107.549836,-6.883501],[107.549941,-6.883567],[107.549972,-6.883587],[107.549969,-6.883592],[107.549969,-6.883593],[107.549961,-6.883609],[107.549941,-6.883651],[107.549919,-6.883697],[107.54991,-6.883715],[107.549882,-6.883772],[107.549874,-6.883792],[107.549819,-6.883916],[107.5498,-6.88396],[107.549793,-6.883977],[107.549712,-6.884219],[107.549711,-6.884284],[107.549744,-6.884366],[107.54976,-6.884405],[107.549762,-6.88441],[107.549764,-6.884414],[107.549829,-6.884519],[107.549854,-6.884538],[107.549894,-6.884569],[107.549956,-6.884663],[107.549993,-6.884788],[107.550009,-6.884841],[107.550009,-6.884853],[107.550012,-6.884891],[107.550015,-6.884935],[107.550005,-6.884987],[107.550001,-6.88501],[107.55,-6.885011],[107.549991,-6.885023],[107.549968,-6.885052],[107.549892,-6.88515],[107.549832,-6.88517],[107.549791,-6.885185],[107.549539,-6.885288],[107.549535,-6.885297],[107.549516,-6.885347],[107.549505,-6.885374],[107.549494,-6.885402],[107.549516,-6.885535],[107.549518,-6.88554],[107.549537,-6.885578],[107.549539,-6.885583],[107.549543,-6.885592],[107.549544,-6.885594],[107.549618,-6.88549],[107.549667,-6.88544],[107.549767,-6.885335],[107.549824,-6.885366],[107.549807,-6.885378],[107.549794,-6.885374],[107.549776,-6.885384],[107.549778,-6.885395],[107.549785,-6.885405],[107.549765,-6.885421],[107.549845,-6.885499],[107.549825,-6.885531],[107.549831,-6.885533],[107.549856,-6.885543],[107.550003,-6.885634],[107.550059,-6.885669],[107.550068,-6.885701],[107.550035,-6.885781],[107.550022,-6.88581],[107.550014,-6.88583],[107.550013,-6.885831],[107.549998,-6.885869],[107.549968,-6.885939],[107.549933,-6.886024],[107.549937,-6.886045],[107.550136,-6.886196],[107.550246,-6.886276],[107.550119,-6.886495],[107.550121,-6.886512],[107.550145,-6.886538],[107.550149,-6.886542],[107.550118,-6.886633],[107.550088,-6.88667],[107.550034,-6.886712],[107.549972,-6.886814],[107.549972,-6.886815],[107.549952,-6.886849],[107.549821,-6.887066],[107.549801,-6.88708],[107.549771,-6.887066],[107.54947,-6.886927],[107.549169,-6.886779],[107.548951,-6.886672],[107.548925,-6.886666],[107.54889,-6.886736],[107.548814,-6.886886],[107.54874,-6.887047],[107.548711,-6.887112],[107.548682,-6.88717],[107.548586,-6.887361],[107.548554,-6.887424],[107.548504,-6.887522],[107.548496,-6.887537],[107.548494,-6.887541],[107.54849,-6.887551],[107.548482,-6.887567],[107.548479,-6.887572],[107.548478,-6.887573],[107.548431,-6.887546],[107.548306,-6.887475],[107.548416,-6.887273],[107.548565,-6.887044],[107.548402,-6.886957],[107.548315,-6.887114],[107.548141,-6.887427],[107.54807,-6.887505],[107.548044,-6.887534],[107.548038,-6.887527],[107.548029,-6.887517],[107.548013,-6.8875],[107.548011,-6.887499],[107.54799,-6.887479],[107.547986,-6.887476],[107.547968,-6.887459],[107.547948,-6.887441],[107.547923,-6.887417],[107.547903,-6.8874],[107.547902,-6.8874],[107.547873,-6.887411],[107.547786,-6.887445],[107.547747,-6.88746],[107.547709,-6.887479],[107.547691,-6.887489],[107.54762,-6.887526],[107.54756,-6.887576],[107.547507,-6.887621],[107.547485,-6.887639],[107.547405,-6.887707],[107.547371,-6.887743],[107.547369,-6.887745],[107.547364,-6.887743],[107.54734,-6.887731],[107.547271,-6.887699],[107.547267,-6.887686],[107.5473,-6.887626],[107.547314,-6.887603],[107.547369,-6.887515],[107.547407,-6.887454],[107.547417,-6.887437],[107.547339,-6.88739],[107.547117,-6.887295],[107.547115,-6.887167],[107.547102,-6.887112],[107.547097,-6.887094],[107.547083,-6.887035],[107.547093,-6.886991],[107.547099,-6.886963],[107.547137,-6.88691],[107.547148,-6.886862],[107.547151,-6.88685],[107.547141,-6.886847],[107.547126,-6.886844],[107.547127,-6.886821],[107.547129,-6.886757],[107.547133,-6.886633],[107.547133,-6.886609],[107.547134,-6.886601],[107.547143,-6.886596],[107.547161,-6.886587],[107.547147,-6.88658],[107.547146,-6.88658],[107.547024,-6.886521],[107.547058,-6.886422],[107.547064,-6.886407],[107.547072,-6.886385],[107.547025,-6.886368],[107.546757,-6.88627],[107.546712,-6.886254],[107.546492,-6.886174],[107.546421,-6.886151],[107.546252,-6.886097],[107.54625,-6.886097],[107.54624,-6.886135],[107.546229,-6.886184],[107.546221,-6.886221],[107.546218,-6.886234],[107.54621,-6.886257],[107.546204,-6.886274],[107.546187,-6.886322],[107.546162,-6.886395],[107.546313,-6.886426],[107.546352,-6.886434],[107.546297,-6.886648],[107.546283,-6.886702],[107.546234,-6.886898],[107.546165,-6.887176],[107.546076,-6.88755],[107.54604,-6.887663],[107.546004,-6.887777],[107.545984,-6.887877],[107.545968,-6.887954],[107.545967,-6.887957],[107.545966,-6.887962],[107.545964,-6.887975],[107.545958,-6.888005],[107.545934,-6.888119],[107.545933,-6.888125],[107.545903,-6.888264],[107.545852,-6.888338],[107.545848,-6.888344],[107.545824,-6.888429],[107.545817,-6.888455],[107.545807,-6.88849],[107.54579,-6.888545],[107.545773,-6.888603],[107.545746,-6.888648],[107.545688,-6.888636],[107.545631,-6.888624],[107.545507,-6.888599],[107.545441,-6.888586],[107.545397,-6.888578],[107.545316,-6.888564],[107.545283,-6.888528],[107.545267,-6.888507],[107.545248,-6.888482],[107.545241,-6.888472],[107.545194,-6.88844],[107.545114,-6.888407],[107.545085,-6.888395],[107.545083,-6.888394],[107.545066,-6.888387],[107.544986,-6.888361],[107.544972,-6.888357],[107.544898,-6.888357],[107.544874,-6.888368],[107.544862,-6.888374],[107.544846,-6.8884],[107.54484,-6.888438],[107.544814,-6.888501],[107.544791,-6.888554],[107.544798,-6.888556],[107.544874,-6.888577],[107.544923,-6.888589],[107.545031,-6.888618],[107.545074,-6.88863],[107.545133,-6.888645],[107.545143,-6.888648],[107.545147,-6.888679],[107.545147,-6.888681],[107.545153,-6.888729],[107.545154,-6.888731],[107.545118,-6.888807],[107.545114,-6.888816],[107.545101,-6.888844],[107.545074,-6.888901],[107.545078,-6.888903],[107.545145,-6.888927],[107.54519,-6.888942],[107.545192,-6.888943],[107.545195,-6.888944],[107.545269,-6.88897],[107.545326,-6.888991],[107.54553,-6.889065],[107.545529,-6.889069],[107.545637,-6.889103],[107.545846,-6.889209],[107.545857,-6.889214],[107.545761,-6.889355],[107.545756,-6.889363],[107.545736,-6.889393],[107.545663,-6.889496],[107.545657,-6.889509],[107.545654,-6.889515],[107.545613,-6.889594],[107.54561,-6.8896],[107.545572,-6.889674],[107.545547,-6.889732],[107.545506,-6.889852],[107.545487,-6.889908],[107.545485,-6.889916],[107.545458,-6.890001],[107.545405,-6.890174],[107.545394,-6.890209],[107.545366,-6.890305],[107.545349,-6.890366],[107.545247,-6.890349],[107.545205,-6.89034],[107.545203,-6.890341],[107.545183,-6.890426],[107.545177,-6.890448],[107.54517,-6.890481],[107.545166,-6.890495],[107.545142,-6.890596],[107.545122,-6.890683],[107.545083,-6.890867],[107.545069,-6.890934],[107.545059,-6.890984],[107.545019,-6.891195],[107.545,-6.891295],[107.544997,-6.891309],[107.544947,-6.891575],[107.544914,-6.891747],[107.544862,-6.892021],[107.544847,-6.892096],[107.544707,-6.892787],[107.544605,-6.893354],[107.54456,-6.893604],[107.544558,-6.893611],[107.54452,-6.893823],[107.544513,-6.893862]]]}},{"type":"Feature","properties":{"wilayah_id":15,"kelurahan":"Cipageran","kecamatan":"Cimahi Utara","jumlah_rw":29},"geometry":{"type":"Polygon","coordinates":[[[107.522285,-6.865528],[107.522329,-6.865518],[107.522403,-6.8655],[107.522467,-6.865518],[107.522512,-6.865533],[107.522557,-6.865584],[107.522592,-6.865623],[107.522648,-6.865617],[107.522679,-6.86563],[107.522716,-6.865644],[107.522765,-6.865667],[107.522811,-6.865685],[107.522846,-6.865681],[107.522929,-6.865647],[107.523033,-6.865572],[107.523097,-6.865521],[107.52313,-6.8655],[107.523149,-6.865489],[107.523194,-6.865476],[107.52326,-6.865457],[107.523271,-6.865455],[107.523445,-6.86542],[107.523495,-6.865425],[107.523618,-6.865437],[107.52389,-6.865571],[107.524147,-6.865625],[107.524183,-6.865633],[107.524359,-6.865704],[107.524361,-6.865706],[107.52439,-6.865739],[107.524422,-6.865776],[107.524433,-6.865912],[107.524427,-6.866074],[107.524426,-6.866232],[107.524426,-6.866237],[107.524478,-6.866354],[107.524514,-6.866508],[107.52448,-6.866652],[107.52448,-6.866655],[107.524461,-6.866854],[107.524457,-6.866896],[107.524485,-6.866994],[107.524498,-6.86704],[107.524509,-6.867077],[107.524674,-6.867311],[107.524838,-6.867464],[107.524865,-6.867472],[107.524929,-6.86749],[107.524934,-6.86749],[107.525141,-6.86748],[107.525483,-6.867479],[107.52564,-6.867478],[107.525763,-6.867522],[107.525822,-6.867566],[107.525888,-6.867614],[107.525922,-6.867639],[107.526037,-6.867674],[107.526038,-6.867674],[107.526075,-6.867675],[107.52612,-6.867665],[107.526134,-6.867663],[107.526149,-6.867665],[107.526329,-6.867657],[107.526378,-6.86765],[107.526416,-6.867644],[107.526752,-6.867644],[107.526766,-6.867646],[107.526768,-6.867646],[107.526796,-6.867651],[107.526808,-6.867653],[107.526819,-6.867654],[107.526942,-6.867673],[107.526943,-6.867673],[107.527045,-6.867689],[107.527073,-6.86769],[107.527212,-6.867694],[107.527346,-6.867667],[107.527504,-6.867657],[107.527609,-6.867628],[107.527676,-6.867636],[107.527717,-6.867641],[107.527763,-6.867653],[107.52784,-6.867673],[107.527887,-6.867672],[107.527996,-6.86767],[107.528099,-6.867625],[107.528248,-6.867587],[107.52838,-6.867571],[107.528445,-6.867586],[107.528492,-6.867596],[107.528617,-6.867568],[107.528652,-6.867523],[107.528684,-6.867482],[107.528695,-6.867468],[107.52877,-6.867371],[107.528775,-6.867367],[107.528816,-6.867336],[107.528865,-6.867298],[107.528943,-6.867238],[107.528994,-6.867199],[107.529085,-6.867129],[107.529118,-6.867103],[107.529134,-6.867091],[107.529228,-6.867019],[107.529331,-6.866971],[107.529368,-6.866939],[107.529412,-6.866902],[107.529486,-6.86684],[107.529666,-6.86676],[107.529818,-6.866695],[107.529945,-6.86668],[107.530031,-6.866622],[107.530136,-6.866574],[107.53017,-6.866564],[107.53018,-6.866558],[107.53023,-6.866527],[107.530255,-6.866512],[107.530284,-6.866481],[107.530311,-6.866453],[107.530353,-6.866421],[107.53038,-6.8664],[107.530433,-6.866372],[107.530452,-6.866361],[107.530568,-6.866453],[107.530581,-6.866471],[107.530608,-6.866484],[107.530623,-6.8665],[107.530634,-6.866511],[107.530681,-6.866551],[107.530747,-6.866608],[107.53082,-6.866672],[107.530888,-6.866731],[107.53097,-6.866843],[107.531004,-6.866894],[107.531044,-6.866955],[107.531052,-6.866963],[107.531074,-6.866975],[107.531103,-6.866997],[107.531106,-6.866999],[107.531154,-6.867034],[107.531288,-6.86712],[107.53137,-6.867169],[107.531426,-6.867203],[107.531461,-6.867224],[107.531484,-6.86724],[107.531565,-6.867296],[107.531609,-6.867326],[107.531643,-6.86735],[107.531679,-6.867383],[107.531738,-6.867419],[107.531848,-6.867515],[107.531912,-6.867454],[107.531926,-6.867441],[107.532037,-6.867347],[107.532045,-6.867341],[107.532097,-6.867311],[107.53218,-6.867339],[107.532189,-6.867347],[107.532462,-6.867586],[107.532471,-6.867594],[107.532471,-6.867595],[107.532494,-6.867592],[107.53251,-6.86759],[107.532632,-6.867627],[107.532687,-6.867657],[107.532748,-6.867689],[107.532859,-6.867814],[107.532936,-6.86788],[107.532972,-6.86791],[107.532995,-6.867913],[107.533003,-6.867913],[107.533077,-6.867847],[107.533078,-6.867846],[107.533168,-6.867718],[107.533302,-6.867795],[107.533309,-6.8678],[107.53341,-6.867878],[107.533437,-6.867898],[107.533589,-6.867986],[107.533635,-6.86791],[107.533668,-6.867856],[107.533615,-6.867803],[107.533616,-6.867803],[107.533615,-6.867802],[107.533676,-6.867713],[107.533676,-6.867711],[107.533682,-6.867701],[107.533642,-6.867674],[107.533623,-6.867662],[107.533623,-6.867661],[107.53375,-6.867468],[107.533752,-6.867464],[107.533755,-6.867459],[107.533771,-6.867478],[107.533778,-6.867486],[107.533823,-6.867518],[107.533928,-6.867653],[107.53407,-6.86771],[107.534111,-6.867661],[107.534113,-6.86766],[107.534207,-6.867637],[107.534236,-6.86763],[107.534336,-6.867606],[107.534452,-6.867555],[107.534593,-6.867532],[107.53469,-6.867454],[107.534881,-6.867424],[107.534882,-6.867421],[107.535011,-6.867299],[107.535035,-6.867276],[107.535053,-6.867297],[107.535077,-6.867324],[107.535239,-6.867462],[107.535471,-6.86766],[107.535681,-6.867866],[107.535753,-6.867779],[107.535802,-6.867734],[107.535835,-6.867707],[107.535834,-6.867709],[107.535842,-6.867702],[107.535867,-6.867682],[107.535948,-6.867736],[107.536036,-6.867839],[107.536037,-6.86784],[107.536116,-6.867901],[107.536164,-6.867915],[107.536186,-6.867886],[107.536256,-6.86782],[107.53631,-6.86777],[107.53631,-6.867769],[107.536443,-6.867645],[107.536654,-6.867826],[107.536663,-6.867828],[107.536669,-6.867837],[107.536776,-6.86791],[107.536883,-6.867991],[107.53698,-6.868073],[107.537029,-6.868113],[107.537215,-6.868264],[107.537376,-6.868387],[107.537381,-6.868392],[107.537404,-6.8684],[107.537425,-6.868408],[107.537457,-6.86842],[107.537558,-6.868477],[107.537585,-6.868503],[107.537594,-6.868532],[107.537674,-6.868589],[107.538062,-6.86875],[107.538146,-6.868782],[107.538223,-6.868811],[107.538242,-6.868818],[107.538284,-6.868834],[107.538346,-6.868809],[107.539017,-6.868554],[107.539031,-6.868549],[107.539114,-6.868482],[107.539206,-6.868406],[107.539336,-6.868331],[107.539631,-6.868114],[107.539663,-6.868091],[107.539804,-6.867969],[107.539925,-6.867881],[107.539927,-6.867879],[107.540013,-6.867817],[107.540061,-6.867762],[107.540198,-6.867678],[107.540298,-6.86766],[107.540588,-6.867693],[107.540606,-6.867698],[107.540655,-6.86771],[107.54075,-6.867702],[107.540945,-6.867687],[107.541125,-6.867615],[107.541127,-6.867616],[107.541206,-6.867651],[107.54131,-6.867698],[107.541538,-6.867845],[107.54164,-6.867884],[107.541839,-6.867856],[107.54186,-6.86769],[107.541939,-6.867577],[107.542084,-6.86737],[107.542122,-6.867325],[107.542122,-6.867324],[107.542123,-6.867324],[107.542212,-6.867198],[107.542262,-6.867209],[107.542861,-6.867409],[107.542862,-6.867409],[107.542891,-6.867294],[107.542961,-6.867083],[107.543139,-6.866542],[107.54328,-6.866108],[107.543374,-6.865795],[107.543474,-6.86546],[107.543498,-6.865378],[107.543532,-6.86526],[107.543599,-6.865028],[107.54379,-6.864357],[107.543798,-6.864327],[107.543859,-6.864128],[107.543881,-6.864055],[107.543896,-6.864004],[107.543951,-6.863805],[107.544016,-6.863575],[107.544157,-6.863084],[107.544322,-6.862438],[107.54433,-6.862397],[107.544335,-6.862371],[107.544343,-6.862333],[107.544349,-6.862303],[107.544362,-6.862239],[107.544415,-6.861976],[107.54445,-6.861799],[107.544538,-6.861365],[107.544609,-6.861174],[107.544626,-6.861101],[107.544631,-6.861091],[107.54468,-6.861062],[107.544764,-6.86097],[107.544783,-6.86095],[107.544813,-6.860932],[107.544852,-6.860898],[107.544904,-6.860843],[107.544941,-6.860797],[107.544964,-6.860769],[107.545014,-6.86073],[107.545041,-6.860691],[107.545079,-6.860636],[107.545097,-6.860624],[107.545128,-6.860609],[107.545135,-6.860608],[107.545136,-6.860607],[107.545178,-6.860598],[107.545283,-6.860547],[107.545461,-6.860362],[107.545584,-6.860212],[107.545675,-6.8601],[107.545706,-6.860062],[107.545707,-6.860061],[107.545944,-6.85981],[107.546224,-6.859501],[107.546397,-6.859489],[107.546409,-6.859488],[107.546489,-6.859468],[107.546549,-6.859388],[107.546639,-6.859238],[107.546659,-6.859148],[107.546689,-6.858858],[107.546903,-6.85869],[107.547059,-6.858568],[107.547119,-6.858487],[107.547144,-6.858454],[107.547152,-6.858442],[107.547229,-6.858338],[107.547369,-6.858128],[107.547559,-6.857998],[107.547619,-6.857948],[107.547619,-6.857848],[107.547615,-6.857817],[107.547612,-6.85779],[107.547579,-6.857518],[107.547669,-6.857238],[107.547909,-6.856978],[107.548039,-6.856988],[107.548139,-6.856968],[107.548259,-6.856898],[107.548329,-6.856768],[107.548341,-6.856534],[107.548346,-6.856428],[107.548349,-6.856368],[107.548349,-6.856358],[107.548347,-6.85632],[107.548346,-6.856282],[107.548346,-6.856281],[107.548342,-6.856172],[107.54834,-6.856136],[107.548339,-6.856108],[107.548337,-6.85609],[107.548343,-6.85601],[107.548344,-6.856007],[107.548347,-6.855984],[107.548362,-6.855887],[107.548366,-6.855866],[107.548364,-6.855847],[107.548361,-6.855817],[107.548355,-6.855742],[107.548353,-6.855726],[107.548352,-6.855706],[107.548389,-6.855598],[107.54839,-6.855593],[107.548392,-6.85558],[107.548409,-6.855481],[107.548409,-6.855478],[107.548408,-6.855436],[107.548406,-6.855386],[107.548413,-6.855347],[107.548416,-6.855327],[107.548431,-6.855233],[107.548432,-6.85523],[107.548448,-6.855183],[107.548452,-6.855172],[107.548451,-6.855101],[107.548451,-6.854926],[107.54845,-6.85491],[107.548457,-6.85485],[107.548454,-6.854818],[107.548454,-6.854817],[107.548445,-6.854798],[107.548415,-6.854732],[107.548405,-6.854713],[107.548385,-6.854673],[107.548367,-6.854636],[107.548363,-6.854629],[107.548355,-6.854613],[107.548364,-6.854578],[107.548366,-6.854581],[107.548366,-6.854582],[107.548367,-6.854579],[107.548382,-6.854529],[107.548387,-6.854513],[107.548402,-6.85446],[107.548443,-6.854355],[107.548452,-6.854329],[107.548466,-6.854294],[107.54847,-6.854282],[107.548483,-6.854223],[107.548488,-6.854201],[107.548507,-6.854177],[107.548539,-6.854138],[107.548545,-6.854115],[107.548552,-6.854085],[107.548553,-6.854084],[107.548561,-6.854049],[107.548569,-6.854018],[107.548569,-6.853858],[107.548568,-6.853816],[107.548566,-6.853778],[107.548559,-6.853602],[107.548559,-6.853598],[107.548551,-6.853511],[107.548549,-6.853498],[107.548535,-6.853398],[107.548521,-6.853302],[107.548511,-6.853233],[107.548472,-6.853205],[107.548436,-6.853176],[107.548416,-6.85316],[107.5484,-6.853147],[107.548375,-6.853115],[107.548375,-6.853113],[107.548362,-6.853071],[107.548335,-6.853012],[107.548329,-6.853001],[107.548326,-6.852995],[107.548308,-6.852963],[107.548288,-6.852942],[107.54828,-6.852921],[107.548303,-6.852916],[107.548329,-6.852908],[107.548331,-6.852907],[107.54834,-6.852902],[107.548341,-6.852902],[107.54838,-6.852883],[107.548424,-6.852867],[107.54847,-6.852864],[107.548477,-6.852864],[107.548483,-6.85286],[107.548511,-6.852809],[107.548529,-6.852776],[107.54855,-6.852767],[107.5486,-6.852758],[107.548637,-6.85274],[107.54864,-6.852712],[107.548643,-6.8527],[107.548651,-6.852661],[107.548664,-6.852598],[107.548668,-6.852585],[107.548686,-6.852533],[107.548689,-6.852527],[107.548704,-6.852482],[107.54871,-6.852453],[107.548711,-6.852447],[107.548718,-6.852406],[107.548718,-6.852401],[107.548719,-6.852356],[107.548719,-6.852351],[107.548727,-6.852293],[107.548739,-6.852263],[107.548747,-6.852242],[107.548781,-6.852176],[107.548799,-6.852131],[107.5488,-6.852108],[107.548798,-6.852083],[107.548803,-6.852069],[107.548805,-6.852063],[107.548814,-6.852049],[107.548819,-6.852042],[107.548826,-6.852033],[107.548841,-6.852018],[107.54885,-6.852006],[107.548851,-6.851991],[107.548852,-6.85199],[107.548862,-6.851959],[107.548873,-6.85193],[107.548882,-6.851907],[107.548885,-6.851898],[107.548898,-6.851867],[107.5489,-6.851862],[107.54892,-6.851802],[107.548937,-6.851766],[107.548939,-6.851761],[107.548958,-6.851727],[107.54896,-6.851713],[107.548964,-6.851665],[107.548983,-6.85161],[107.54899,-6.851591],[107.548997,-6.851581],[107.54901,-6.851561],[107.549033,-6.851517],[107.549048,-6.851452],[107.549053,-6.851435],[107.549056,-6.851421],[107.549062,-6.8514],[107.549065,-6.85138],[107.549088,-6.851314],[107.549089,-6.851267],[107.54909,-6.851258],[107.549102,-6.851208],[107.549113,-6.851161],[107.549119,-6.851141],[107.549119,-6.85114],[107.549136,-6.85108],[107.549139,-6.851075],[107.549161,-6.851038],[107.549165,-6.850983],[107.549164,-6.850971],[107.549163,-6.85094],[107.549163,-6.85093],[107.549172,-6.85088],[107.549194,-6.850818],[107.549201,-6.850791],[107.549203,-6.850782],[107.549212,-6.850749],[107.549229,-6.850669],[107.549231,-6.850634],[107.549234,-6.850598],[107.549232,-6.850588],[107.549223,-6.850534],[107.549176,-6.850477],[107.549168,-6.850468],[107.549134,-6.850429],[107.549134,-6.850428],[107.549116,-6.850377],[107.549114,-6.850349],[107.549111,-6.850318],[107.549127,-6.850295],[107.549133,-6.850287],[107.549137,-6.850263],[107.54914,-6.850243],[107.549141,-6.850239],[107.549132,-6.850222],[107.54913,-6.8502],[107.54913,-6.850192],[107.549128,-6.850165],[107.549098,-6.850114],[107.549054,-6.850034],[107.549053,-6.850033],[107.549045,-6.850017],[107.549019,-6.849963],[107.548993,-6.849879],[107.548966,-6.849824],[107.548968,-6.849799],[107.548971,-6.849766],[107.549012,-6.849694],[107.549012,-6.849688],[107.549075,-6.849554],[107.549092,-6.849519],[107.549099,-6.849486],[107.549115,-6.849407],[107.549108,-6.849367],[107.549097,-6.849306],[107.549093,-6.84928],[107.549093,-6.84924],[107.549096,-6.849231],[107.549119,-6.849164],[107.549142,-6.849112],[107.549147,-6.8491],[107.549155,-6.849096],[107.549169,-6.849062],[107.549171,-6.849063],[107.549194,-6.849072],[107.549226,-6.849084],[107.549247,-6.849101],[107.549274,-6.849121],[107.549279,-6.849125],[107.54928,-6.849124],[107.549282,-6.849124],[107.549283,-6.849126],[107.5493,-6.849139],[107.54931,-6.849146],[107.549311,-6.849146],[107.549356,-6.849127],[107.549363,-6.849124],[107.549389,-6.849114],[107.549415,-6.849103],[107.549559,-6.849043],[107.549589,-6.849022],[107.549664,-6.848991],[107.549716,-6.84897],[107.549734,-6.848962],[107.549733,-6.848958],[107.549731,-6.848949],[107.549729,-6.848929],[107.549718,-6.848906],[107.549698,-6.848861],[107.549677,-6.848837],[107.549661,-6.848817],[107.549647,-6.848799],[107.549632,-6.84878],[107.549626,-6.848752],[107.54965,-6.84875],[107.549655,-6.848749],[107.549694,-6.84873],[107.549716,-6.84872],[107.549745,-6.848693],[107.549751,-6.848686],[107.549768,-6.848666],[107.549789,-6.848638],[107.549819,-6.848628],[107.549847,-6.848618],[107.54989,-6.848602],[107.549913,-6.848594],[107.549973,-6.848561],[107.55,-6.848523],[107.550036,-6.848503],[107.550038,-6.848497],[107.550045,-6.848483],[107.550051,-6.84847],[107.550054,-6.848453],[107.550066,-6.848437],[107.550092,-6.848423],[107.550114,-6.8484],[107.550128,-6.848356],[107.550129,-6.848354],[107.550137,-6.84832],[107.550143,-6.848299],[107.550182,-6.84824],[107.550184,-6.84824],[107.550184,-6.848239],[107.550189,-6.848236],[107.55019,-6.848236],[107.550234,-6.848209],[107.550301,-6.84817],[107.550358,-6.848136],[107.550359,-6.848135],[107.550379,-6.848125],[107.550468,-6.848077],[107.550498,-6.848061],[107.550509,-6.848055],[107.550587,-6.848013],[107.550628,-6.847991],[107.550657,-6.847976],[107.550688,-6.847959],[107.550717,-6.847943],[107.550735,-6.847917],[107.550744,-6.847903],[107.550783,-6.847845],[107.550791,-6.847833],[107.550817,-6.847795],[107.550826,-6.847781],[107.550839,-6.847773],[107.550907,-6.847728],[107.550923,-6.847718],[107.550981,-6.847679],[107.550994,-6.847671],[107.550998,-6.847668],[107.551008,-6.84766],[107.551076,-6.847607],[107.551081,-6.847595],[107.551083,-6.84759],[107.551084,-6.847587],[107.551095,-6.847556],[107.55111,-6.847515],[107.551111,-6.847514],[107.551125,-6.847476],[107.551134,-6.84745],[107.551137,-6.847443],[107.551172,-6.847348],[107.551178,-6.847331],[107.551223,-6.847211],[107.55135,-6.846979],[107.551364,-6.846953],[107.551396,-6.846895],[107.55141,-6.846869],[107.551422,-6.846847],[107.551422,-6.846844],[107.551425,-6.846843],[107.551429,-6.846842],[107.551429,-6.846787],[107.551428,-6.846693],[107.551428,-6.846687],[107.551528,-6.84614],[107.551535,-6.846103],[107.551536,-6.846102],[107.551612,-6.846048],[107.551639,-6.84603],[107.551762,-6.845963],[107.551774,-6.845957],[107.55179,-6.845906],[107.551824,-6.845804],[107.551834,-6.84574],[107.551866,-6.845543],[107.55187,-6.845517],[107.551929,-6.845401],[107.552121,-6.845245],[107.552273,-6.845177],[107.552321,-6.845155],[107.552492,-6.845078],[107.552678,-6.844963],[107.552705,-6.844951],[107.552724,-6.844942],[107.55304,-6.844799],[107.553046,-6.844788],[107.553136,-6.844632],[107.553177,-6.844509],[107.553236,-6.844329],[107.553272,-6.844175],[107.553274,-6.844168],[107.553279,-6.844153],[107.553299,-6.844096],[107.553314,-6.844051],[107.55333,-6.844029],[107.553483,-6.843811],[107.553608,-6.84371],[107.553857,-6.843577],[107.553969,-6.843435],[107.55403,-6.843353],[107.554141,-6.843203],[107.554393,-6.842957],[107.554468,-6.842867],[107.554555,-6.842762],[107.554591,-6.84255],[107.554682,-6.841995],[107.554692,-6.841922],[107.554724,-6.841695],[107.554798,-6.84141],[107.554868,-6.841142],[107.554922,-6.841029],[107.554929,-6.841014],[107.554932,-6.841009],[107.55497,-6.840971],[107.555012,-6.840928],[107.555046,-6.840893],[107.555071,-6.840853],[107.555092,-6.840822],[107.555113,-6.840795],[107.555151,-6.840772],[107.5552,-6.840757],[107.555248,-6.840743],[107.555313,-6.840737],[107.555369,-6.840737],[107.555442,-6.840746],[107.555453,-6.840746],[107.555457,-6.840699],[107.555461,-6.840668],[107.55547,-6.840624],[107.555498,-6.840568],[107.555531,-6.840483],[107.55556,-6.840408],[107.555574,-6.840336],[107.555569,-6.840305],[107.55556,-6.840247],[107.555544,-6.840202],[107.555519,-6.840176],[107.555488,-6.840164],[107.555446,-6.840152],[107.555411,-6.840147],[107.555355,-6.840127],[107.555264,-6.840109],[107.555175,-6.840084],[107.555079,-6.840049],[107.554989,-6.840026],[107.554909,-6.840005],[107.554665,-6.839955],[107.554355,-6.839911],[107.5542,-6.839891],[107.55406,-6.839867],[107.553928,-6.83986],[107.553851,-6.839856],[107.553744,-6.839857],[107.553647,-6.839848],[107.55356,-6.839837],[107.553424,-6.839816],[107.553375,-6.839808],[107.553369,-6.839845],[107.553287,-6.840408],[107.553064,-6.840291],[107.553014,-6.840267],[107.553016,-6.840225],[107.553055,-6.840145],[107.553103,-6.840034],[107.553123,-6.839984],[107.553125,-6.839958],[107.553046,-6.839928],[107.55293,-6.839904],[107.552851,-6.839882],[107.552833,-6.839825],[107.552836,-6.839776],[107.552836,-6.839764],[107.552812,-6.83976],[107.55275,-6.839737],[107.552546,-6.839664],[107.551893,-6.839389],[107.551717,-6.839345],[107.551749,-6.839178],[107.551235,-6.839005],[107.550754,-6.838882],[107.550378,-6.83881],[107.550293,-6.838782],[107.550083,-6.83871],[107.549731,-6.838644],[107.549593,-6.83861],[107.549357,-6.838545],[107.549369,-6.838377],[107.549358,-6.838077],[107.549357,-6.838059],[107.549351,-6.83789],[107.549395,-6.837469],[107.549406,-6.837356],[107.549444,-6.83722],[107.549486,-6.83713],[107.549509,-6.837081],[107.549585,-6.83692],[107.549607,-6.836782],[107.549599,-6.836752],[107.549579,-6.836669],[107.549554,-6.836626],[107.549477,-6.836498],[107.549391,-6.836166],[107.549387,-6.836153],[107.549446,-6.835906],[107.549451,-6.835887],[107.549473,-6.835804],[107.549474,-6.835799],[107.549532,-6.835578],[107.549538,-6.835565],[107.549543,-6.835552],[107.5496,-6.835413],[107.54982,-6.835075],[107.549871,-6.834998],[107.549905,-6.834952],[107.55011,-6.834673],[107.550139,-6.834625],[107.550186,-6.834547],[107.550202,-6.83452],[107.550231,-6.834416],[107.550224,-6.834264],[107.550219,-6.834255],[107.550183,-6.834181],[107.550144,-6.8341],[107.550081,-6.833963],[107.550109,-6.833812],[107.550115,-6.833799],[107.550248,-6.833526],[107.550289,-6.833442],[107.550558,-6.832896],[107.550569,-6.832881],[107.550695,-6.832687],[107.550975,-6.832256],[107.551014,-6.832166],[107.551143,-6.831908],[107.551253,-6.831803],[107.551291,-6.831748],[107.551358,-6.831653],[107.551476,-6.831381],[107.551501,-6.831238],[107.551509,-6.831191],[107.551456,-6.831127],[107.551426,-6.831059],[107.551445,-6.830924],[107.55151,-6.830704],[107.551507,-6.830466],[107.551616,-6.829846],[107.551714,-6.829587],[107.551732,-6.829484],[107.55175,-6.829351],[107.55143,-6.829307],[107.55133,-6.82923],[107.551235,-6.829183],[107.551125,-6.829159],[107.55083,-6.829059],[107.550193,-6.828888],[107.549725,-6.828783],[107.54966,-6.828766],[107.549386,-6.828707],[107.5491,-6.82861],[107.548843,-6.828531],[107.548462,-6.828417],[107.548055,-6.828312],[107.548024,-6.828304],[107.548014,-6.828337],[107.548002,-6.828381],[107.547936,-6.828357],[107.547881,-6.828321],[107.547814,-6.828299],[107.547767,-6.828274],[107.547706,-6.828238],[107.547663,-6.828202],[107.547637,-6.828165],[107.547621,-6.828124],[107.547622,-6.828099],[107.547587,-6.828044],[107.547534,-6.828021],[107.547485,-6.827993],[107.547459,-6.827964],[107.547429,-6.827924],[107.547406,-6.827857],[107.547371,-6.827791],[107.547353,-6.827737],[107.547327,-6.827642],[107.547281,-6.827552],[107.547259,-6.827503],[107.547197,-6.827433],[107.547169,-6.827403],[107.547109,-6.827365],[107.547077,-6.827352],[107.547028,-6.827352],[107.546939,-6.82737],[107.546907,-6.827377],[107.546913,-6.827389],[107.546953,-6.827465],[107.546965,-6.827635],[107.546975,-6.827779],[107.54698,-6.827845],[107.546978,-6.827855],[107.546951,-6.828035],[107.546926,-6.828079],[107.546864,-6.828189],[107.54677,-6.828361],[107.54673,-6.828433],[107.546726,-6.828451],[107.546702,-6.82856],[107.546744,-6.828787],[107.546762,-6.828885],[107.546805,-6.829105],[107.546851,-6.829346],[107.546842,-6.829388],[107.546818,-6.829502],[107.546792,-6.829627],[107.546764,-6.829762],[107.546702,-6.829882],[107.546692,-6.829903],[107.546683,-6.8299],[107.546385,-6.829773],[107.545856,-6.829602],[107.54584,-6.82963],[107.545828,-6.829661],[107.54579,-6.829754],[107.545759,-6.82983],[107.545636,-6.830011],[107.545559,-6.830122],[107.545558,-6.830188],[107.54555,-6.830212],[107.545539,-6.830248],[107.545525,-6.830306],[107.545494,-6.830405],[107.545411,-6.830563],[107.545394,-6.830583],[107.545354,-6.830631],[107.545311,-6.830654],[107.545277,-6.830656],[107.545225,-6.830637],[107.545179,-6.830617],[107.545097,-6.830573],[107.545034,-6.830551],[107.544973,-6.830527],[107.544948,-6.830515],[107.54493,-6.830507],[107.544886,-6.830481],[107.544844,-6.830515],[107.544841,-6.830518],[107.544784,-6.830585],[107.544741,-6.830664],[107.544671,-6.830854],[107.544625,-6.830894],[107.544532,-6.830835],[107.544416,-6.830762],[107.544392,-6.830731],[107.544325,-6.830722],[107.544228,-6.830785],[107.544144,-6.830838],[107.544001,-6.83096],[107.543969,-6.831012],[107.54394,-6.831059],[107.543873,-6.831193],[107.543838,-6.831346],[107.543793,-6.831459],[107.543756,-6.83159],[107.54375,-6.831605],[107.54372,-6.831676],[107.543692,-6.831744],[107.543623,-6.831883],[107.543612,-6.831917],[107.543574,-6.832028],[107.543516,-6.832262],[107.543498,-6.832293],[107.543433,-6.832406],[107.543388,-6.832487],[107.543167,-6.832491],[107.543035,-6.832432],[107.542879,-6.832386],[107.542857,-6.832379],[107.542786,-6.832358],[107.542647,-6.832293],[107.542616,-6.832279],[107.542379,-6.832151],[107.542268,-6.832074],[107.542061,-6.83198],[107.541954,-6.832113],[107.541801,-6.832293],[107.54178,-6.832318],[107.541779,-6.832318],[107.541666,-6.832293],[107.541579,-6.832274],[107.541528,-6.832247],[107.54147,-6.832216],[107.541437,-6.832194],[107.541432,-6.83219],[107.541251,-6.832027],[107.541059,-6.832127],[107.540931,-6.832149],[107.540722,-6.832164],[107.540712,-6.832164],[107.540466,-6.832169],[107.540413,-6.832168],[107.539994,-6.832139],[107.539655,-6.832054],[107.539599,-6.83205],[107.539573,-6.832125],[107.539568,-6.83214],[107.539558,-6.832177],[107.539558,-6.832178],[107.539553,-6.832194],[107.539503,-6.832344],[107.539484,-6.8324],[107.539479,-6.832428],[107.539455,-6.832562],[107.539486,-6.832641],[107.539579,-6.832746],[107.539621,-6.832793],[107.539639,-6.832824],[107.539644,-6.832894],[107.539648,-6.832946],[107.539649,-6.833042],[107.539649,-6.833108],[107.539637,-6.833236],[107.539637,-6.833382],[107.539642,-6.833406],[107.539647,-6.833429],[107.539648,-6.833465],[107.53965,-6.833598],[107.539635,-6.833649],[107.539591,-6.833791],[107.539578,-6.833806],[107.539473,-6.833929],[107.539364,-6.834058],[107.539181,-6.834261],[107.539105,-6.834391],[107.539089,-6.834418],[107.539068,-6.834453],[107.539044,-6.834513],[107.539026,-6.83462],[107.538993,-6.834813],[107.538975,-6.834917],[107.538965,-6.834972],[107.538959,-6.835009],[107.538962,-6.835282],[107.538961,-6.835462],[107.53896,-6.835484],[107.538956,-6.835607],[107.538943,-6.835988],[107.538951,-6.836077],[107.538974,-6.836147],[107.538989,-6.836193],[107.538986,-6.836209],[107.538975,-6.836276],[107.538971,-6.836297],[107.538915,-6.836488],[107.538839,-6.836743],[107.53877,-6.836977],[107.538763,-6.837004],[107.538722,-6.837171],[107.538706,-6.837235],[107.538703,-6.837412],[107.538702,-6.837522],[107.5387,-6.837626],[107.538691,-6.837653],[107.538679,-6.837692],[107.538559,-6.838059],[107.538549,-6.838076],[107.538518,-6.838129],[107.538493,-6.838172],[107.53835,-6.838355],[107.538286,-6.838438],[107.538251,-6.838486],[107.53825,-6.838487],[107.538231,-6.838514],[107.53823,-6.838515],[107.538144,-6.838695],[107.538015,-6.838962],[107.537904,-6.839193],[107.53778,-6.839411],[107.537777,-6.839415],[107.537726,-6.839506],[107.537685,-6.839578],[107.537671,-6.839604],[107.537656,-6.839632],[107.537632,-6.839686],[107.537511,-6.839972],[107.537435,-6.84015],[107.537381,-6.840278],[107.537379,-6.840288],[107.537369,-6.840347],[107.537365,-6.840406],[107.537366,-6.840557],[107.537367,-6.840607],[107.537368,-6.840792],[107.537369,-6.840879],[107.537374,-6.840895],[107.537429,-6.841101],[107.537446,-6.841209],[107.537452,-6.84125],[107.53746,-6.841298],[107.537459,-6.841301],[107.537423,-6.841478],[107.537375,-6.841719],[107.537363,-6.84181],[107.537353,-6.841891],[107.537345,-6.841957],[107.537317,-6.842185],[107.537284,-6.842384],[107.53728,-6.84241],[107.537256,-6.842554],[107.537227,-6.842732],[107.537203,-6.842905],[107.537202,-6.842908],[107.537254,-6.843117],[107.537271,-6.843186],[107.537275,-6.843201],[107.537286,-6.843301],[107.53722,-6.843433],[107.53715,-6.843575],[107.537148,-6.843577],[107.537053,-6.843722],[107.537038,-6.843745],[107.537023,-6.843764],[107.53699,-6.843805],[107.536851,-6.843976],[107.536747,-6.844104],[107.536716,-6.844142],[107.536697,-6.844167],[107.536618,-6.844296],[107.536582,-6.844355],[107.536524,-6.844474],[107.53647,-6.844491],[107.536369,-6.844521],[107.536237,-6.844561],[107.53623,-6.844563],[107.536112,-6.844699],[107.53594,-6.844899],[107.535802,-6.845059],[107.535753,-6.845117],[107.535418,-6.84556],[107.535388,-6.8456],[107.535366,-6.845628],[107.535338,-6.845685],[107.535309,-6.845743],[107.535303,-6.845761],[107.535294,-6.845789],[107.535294,-6.845791],[107.535289,-6.845805],[107.535249,-6.845929],[107.535234,-6.845975],[107.535205,-6.846066],[107.535189,-6.846115],[107.535188,-6.84612],[107.535122,-6.84623],[107.535066,-6.846323],[107.53493,-6.846445],[107.534929,-6.846446],[107.534914,-6.846467],[107.534902,-6.846482],[107.534884,-6.846507],[107.53471,-6.846744],[107.534789,-6.846784],[107.534804,-6.846791],[107.534902,-6.846828],[107.534904,-6.846829],[107.535209,-6.846926],[107.535281,-6.846961],[107.535372,-6.847006],[107.535497,-6.847064],[107.53554,-6.847079],[107.535799,-6.847175],[107.53593,-6.847265],[107.536046,-6.847345],[107.536475,-6.847639],[107.536522,-6.847671],[107.5363,-6.84809],[107.536196,-6.848293],[107.536164,-6.848357],[107.536685,-6.848548],[107.537053,-6.848716],[107.537054,-6.848717],[107.53732,-6.848805],[107.537455,-6.848844],[107.537454,-6.848844],[107.537467,-6.848947],[107.537486,-6.849006],[107.53752,-6.84911],[107.53729,-6.849364],[107.537234,-6.849395],[107.537011,-6.849516],[107.536821,-6.849757],[107.536767,-6.849826],[107.536734,-6.849915],[107.536708,-6.850055],[107.536649,-6.850132],[107.536415,-6.850136],[107.536304,-6.850134],[107.536205,-6.850205],[107.536145,-6.850346],[107.536154,-6.850506],[107.536083,-6.850787],[107.53607,-6.850839],[107.53604,-6.850958],[107.535986,-6.851036],[107.535985,-6.851038],[107.535905,-6.851153],[107.535856,-6.851225],[107.535799,-6.851314],[107.535754,-6.851389],[107.535736,-6.851409],[107.535691,-6.851483],[107.535558,-6.851774],[107.535542,-6.851809],[107.535527,-6.851856],[107.535514,-6.851899],[107.535617,-6.852342],[107.535648,-6.852531],[107.53566,-6.852603],[107.535708,-6.852838],[107.535728,-6.85292],[107.535737,-6.852956],[107.535758,-6.853066],[107.535758,-6.853135],[107.535744,-6.853169],[107.535736,-6.853187],[107.535677,-6.853242],[107.535613,-6.853301],[107.535589,-6.853339],[107.535556,-6.853496],[107.535533,-6.853611],[107.535533,-6.853676],[107.535584,-6.853712],[107.535528,-6.853891],[107.535452,-6.854062],[107.535437,-6.854113],[107.535437,-6.854158],[107.535575,-6.854238],[107.535752,-6.854282],[107.53589,-6.854341],[107.535828,-6.854488],[107.535813,-6.854529],[107.535882,-6.854565],[107.535912,-6.854542],[107.535954,-6.854503],[107.536,-6.85449],[107.536056,-6.85447],[107.536105,-6.854474],[107.53615,-6.854494],[107.536178,-6.854531],[107.536227,-6.854584],[107.536233,-6.854632],[107.536235,-6.854683],[107.536235,-6.854783],[107.536265,-6.854859],[107.536373,-6.854954],[107.536481,-6.855061],[107.536596,-6.855246],[107.536725,-6.855332],[107.536844,-6.855394],[107.5369229,-6.8554473],[107.536869,-6.85558],[107.536668,-6.855942],[107.536543,-6.856171],[107.536484,-6.856276],[107.536462,-6.856365],[107.536436,-6.85656],[107.536382,-6.857004],[107.536214,-6.857511],[107.536145,-6.857719],[107.536115,-6.85781],[107.536063,-6.857979],[107.535988,-6.858092],[107.535966,-6.858135],[107.535924,-6.858214],[107.535888,-6.858276],[107.535848,-6.858322],[107.535803,-6.858372],[107.535748,-6.858413],[107.535657,-6.858444],[107.535611,-6.858469],[107.535566,-6.858485],[107.535528,-6.858502],[107.535471,-6.858541],[107.535435,-6.858572],[107.535399,-6.858611],[107.535368,-6.858637],[107.535316,-6.858676],[107.535271,-6.858714],[107.535178,-6.858765],[107.535149,-6.858794],[107.535092,-6.858825],[107.535046,-6.858856],[107.534968,-6.858895],[107.534937,-6.858922],[107.534885,-6.858966],[107.534874,-6.85899],[107.534866,-6.859005],[107.534838,-6.859053],[107.534802,-6.859101],[107.534764,-6.859154],[107.534747,-6.859194],[107.534709,-6.859237],[107.534688,-6.859266],[107.534645,-6.8593],[107.534605,-6.859355],[107.534563,-6.859399],[107.534518,-6.859462],[107.53449,-6.8595],[107.534478,-6.859534],[107.534429,-6.859606],[107.534389,-6.859627],[107.534372,-6.859658],[107.534371,-6.859682],[107.534382,-6.859701],[107.534415,-6.859738],[107.534439,-6.859753],[107.534493,-6.859771],[107.534647,-6.859867],[107.53479,-6.859936],[107.534846,-6.859965],[107.534835,-6.859995],[107.534805,-6.860055],[107.534719,-6.860232],[107.534683,-6.860282],[107.534621,-6.860329],[107.534771,-6.860545],[107.534296,-6.860839],[107.534361,-6.860966],[107.533844,-6.861311],[107.533832,-6.861571],[107.533679,-6.861563],[107.533674,-6.861708],[107.533667,-6.861817],[107.533604,-6.861809],[107.533593,-6.86199],[107.53355,-6.862128],[107.533463,-6.862136],[107.533356,-6.862159],[107.533199,-6.862155],[107.533133,-6.862151],[107.533026,-6.862185],[107.532957,-6.862206],[107.532824,-6.86227],[107.532756,-6.862318],[107.532673,-6.862371],[107.532466,-6.862426],[107.532381,-6.862435],[107.532365,-6.862441],[107.532283,-6.862454],[107.532142,-6.862483],[107.532106,-6.862491],[107.532004,-6.862509],[107.531631,-6.862575],[107.531486,-6.862657],[107.531484,-6.862659],[107.531299,-6.862895],[107.531256,-6.863009],[107.531155,-6.863279],[107.531097,-6.86337],[107.531078,-6.8634],[107.530963,-6.863491],[107.530865,-6.863562],[107.53071,-6.863663],[107.530644,-6.863674],[107.530532,-6.863695],[107.530417,-6.863709],[107.5304,-6.863711],[107.53035,-6.863743],[107.530294,-6.863778],[107.530264,-6.863802],[107.530179,-6.863869],[107.529981,-6.864027],[107.52985,-6.864144],[107.529337,-6.864303],[107.529194,-6.864337],[107.529152,-6.864347],[107.528713,-6.86438],[107.528519,-6.864378],[107.528387,-6.86438],[107.528333,-6.864405],[107.528287,-6.864427],[107.528206,-6.864535],[107.528146,-6.864616],[107.528125,-6.864629],[107.528123,-6.86463],[107.528078,-6.86466],[107.52809,-6.864693],[107.528139,-6.864822],[107.528025,-6.864871],[107.527961,-6.864907],[107.528014,-6.864988],[107.528037,-6.865042],[107.528051,-6.865076],[107.528049,-6.865099],[107.528048,-6.865116],[107.528016,-6.865146],[107.527988,-6.865173],[107.527951,-6.865203],[107.527762,-6.865326],[107.527589,-6.8654],[107.527374,-6.865461],[107.527285,-6.865469],[107.527059,-6.865383],[107.526916,-6.86534],[107.526799,-6.865307],[107.526664,-6.865283],[107.52658,-6.865259],[107.526538,-6.865254],[107.526507,-6.865269],[107.526464,-6.865266],[107.526314,-6.865224],[107.526076,-6.86515],[107.526085,-6.865102],[107.525946,-6.865064],[107.525828,-6.865033],[107.525796,-6.865024],[107.525791,-6.865044],[107.52563,-6.865008],[107.525627,-6.865035],[107.525512,-6.865005],[107.525453,-6.864998],[107.525448,-6.865009],[107.525331,-6.864981],[107.525324,-6.864999],[107.525174,-6.864956],[107.525146,-6.865098],[107.524979,-6.865065],[107.524848,-6.865037],[107.524791,-6.865021],[107.524796,-6.865002],[107.524754,-6.86499],[107.52467,-6.864968],[107.524622,-6.864954],[107.524557,-6.864923],[107.524514,-6.864903],[107.524471,-6.864891],[107.524406,-6.864894],[107.524332,-6.864897],[107.524268,-6.864899],[107.524201,-6.86489],[107.524155,-6.86485],[107.524107,-6.864805],[107.524037,-6.864767],[107.524031,-6.864764],[107.523818,-6.864739],[107.523713,-6.864755],[107.523596,-6.864869],[107.523424,-6.865034],[107.523109,-6.865253],[107.52301,-6.865315],[107.52286,-6.865416],[107.522732,-6.865383],[107.522684,-6.865384],[107.522621,-6.86539],[107.522589,-6.865394],[107.522508,-6.865411],[107.522429,-6.865445],[107.522371,-6.865467],[107.522285,-6.865528]]]}},{"type":"Feature","properties":{"wilayah_id":9,"kelurahan":"Setiamanah","kecamatan":"Cimahi Tengah","jumlah_rw":18},"geometry":{"type":"Polygon","coordinates":[[[107.528598,-6.883766],[107.528609,-6.88377],[107.528707,-6.883807],[107.529087,-6.883952],[107.52925,-6.884014],[107.529276,-6.884024],[107.529309,-6.884037],[107.529313,-6.884038],[107.529573,-6.884129],[107.529651,-6.884145],[107.53007,-6.884279],[107.530411,-6.884389],[107.5304,-6.88445],[107.530325,-6.884607],[107.530329,-6.884682],[107.530372,-6.884829],[107.53042,-6.884982],[107.530454,-6.885096],[107.530467,-6.885151],[107.530481,-6.885206],[107.530443,-6.885329],[107.53036,-6.885496],[107.530337,-6.885532],[107.530271,-6.885638],[107.530264,-6.885653],[107.530235,-6.885715],[107.530208,-6.885769],[107.530195,-6.885861],[107.530225,-6.885989],[107.530245,-6.886127],[107.530217,-6.886259],[107.530175,-6.886364],[107.530124,-6.886426],[107.530021,-6.886527],[107.529882,-6.886723],[107.529798,-6.886864],[107.529757,-6.886907],[107.529755,-6.88691],[107.52974,-6.886957],[107.529728,-6.886988],[107.529725,-6.886994],[107.529724,-6.886997],[107.529722,-6.887004],[107.529719,-6.88701],[107.529702,-6.887054],[107.529683,-6.887106],[107.529658,-6.88717],[107.529633,-6.887233],[107.529624,-6.887252],[107.52963,-6.887254],[107.529841,-6.887318],[107.529867,-6.887324],[107.530312,-6.887433],[107.530336,-6.887439],[107.530354,-6.887378],[107.530374,-6.887315],[107.5304,-6.887246],[107.530425,-6.887178],[107.530458,-6.887089],[107.530476,-6.887041],[107.530503,-6.886971],[107.530533,-6.886897],[107.530546,-6.886861],[107.530591,-6.886734],[107.53061,-6.886691],[107.530632,-6.886641],[107.530645,-6.886614],[107.530748,-6.886661],[107.53079,-6.88668],[107.530802,-6.886685],[107.53082,-6.886693],[107.53082,-6.886694],[107.530822,-6.886689],[107.530881,-6.886712],[107.530956,-6.886742],[107.530967,-6.886746],[107.530989,-6.886755],[107.531003,-6.886688],[107.531029,-6.886578],[107.531034,-6.886533],[107.531036,-6.886509],[107.531036,-6.886504],[107.531038,-6.886485],[107.53104,-6.88647],[107.531035,-6.886446],[107.531032,-6.886431],[107.531027,-6.88641],[107.531053,-6.886317],[107.53106,-6.886293],[107.531082,-6.886203],[107.531149,-6.885973],[107.531164,-6.885941],[107.531239,-6.885787],[107.531252,-6.885761],[107.531394,-6.88557],[107.53141,-6.885555],[107.531443,-6.885526],[107.531449,-6.88552],[107.531515,-6.885461],[107.531566,-6.885415],[107.531609,-6.885405],[107.531647,-6.885397],[107.531653,-6.885395],[107.531716,-6.885382],[107.531729,-6.885369],[107.531748,-6.885351],[107.531765,-6.885334],[107.53178,-6.88532],[107.531782,-6.885319],[107.531807,-6.885294],[107.53182,-6.885282],[107.531826,-6.885276],[107.53184,-6.885263],[107.531841,-6.885263],[107.531865,-6.885239],[107.531886,-6.885219],[107.531913,-6.885193],[107.531917,-6.885189],[107.531935,-6.885172],[107.531949,-6.885158],[107.531958,-6.885156],[107.531978,-6.885151],[107.532029,-6.885138],[107.53204,-6.885138],[107.532057,-6.885137],[107.532104,-6.885084],[107.532155,-6.885027],[107.532212,-6.884964],[107.532228,-6.884947],[107.532232,-6.884942],[107.532268,-6.884903],[107.532317,-6.884848],[107.532319,-6.884847],[107.532367,-6.8848],[107.532407,-6.88476],[107.53241,-6.884758],[107.532419,-6.884749],[107.532429,-6.884738],[107.532432,-6.884738],[107.53244,-6.884735],[107.532457,-6.884729],[107.532471,-6.884724],[107.532488,-6.884718],[107.532499,-6.884714],[107.532532,-6.884703],[107.532533,-6.884702],[107.532538,-6.884701],[107.532544,-6.884698],[107.532562,-6.884697],[107.532574,-6.884696],[107.532581,-6.884695],[107.532591,-6.884695],[107.532599,-6.884694],[107.532625,-6.884693],[107.532631,-6.884693],[107.532653,-6.884691],[107.532667,-6.884691],[107.532675,-6.88469],[107.53269,-6.884689],[107.532704,-6.884689],[107.532715,-6.884688],[107.532728,-6.884687],[107.532745,-6.884687],[107.532745,-6.884686],[107.532747,-6.884686],[107.532757,-6.884684],[107.532778,-6.88468],[107.532794,-6.884677],[107.532847,-6.884666],[107.532855,-6.884664],[107.532866,-6.884662],[107.53291,-6.884653],[107.532917,-6.884651],[107.532948,-6.884645],[107.533062,-6.884621],[107.533115,-6.884611],[107.533139,-6.884606],[107.533176,-6.884593],[107.533229,-6.884574],[107.533251,-6.884566],[107.533265,-6.884562],[107.533303,-6.884548],[107.533317,-6.884543],[107.533355,-6.88453],[107.533378,-6.884528],[107.533387,-6.884527],[107.533418,-6.884523],[107.533426,-6.884522],[107.533464,-6.884518],[107.533552,-6.884486],[107.533562,-6.884483],[107.533608,-6.884466],[107.533636,-6.884456],[107.533682,-6.884439],[107.533693,-6.884435],[107.533695,-6.884434],[107.533739,-6.88439],[107.53376,-6.884368],[107.53377,-6.884359],[107.53379,-6.884338],[107.53381,-6.884318],[107.533815,-6.884294],[107.533819,-6.884274],[107.533823,-6.884256],[107.533825,-6.884244],[107.533826,-6.88424],[107.533836,-6.884223],[107.533849,-6.884199],[107.533854,-6.88419],[107.533866,-6.884169],[107.533882,-6.88414],[107.533886,-6.884133],[107.533888,-6.884129],[107.533903,-6.884103],[107.533905,-6.884099],[107.533909,-6.884092],[107.533922,-6.884071],[107.533931,-6.884057],[107.533953,-6.884021],[107.533963,-6.884004],[107.533969,-6.883995],[107.53398,-6.88397],[107.533995,-6.883938],[107.534009,-6.883907],[107.534029,-6.883927],[107.534029,-6.883928],[107.534039,-6.883937],[107.534042,-6.883941],[107.53405,-6.883949],[107.534064,-6.883964],[107.534066,-6.883965],[107.534086,-6.883986],[107.534099,-6.884],[107.534209,-6.884113],[107.534212,-6.884116],[107.534253,-6.884159],[107.534339,-6.884247],[107.534465,-6.884377],[107.534493,-6.884407],[107.534532,-6.884446],[107.534567,-6.884417],[107.534647,-6.884349],[107.53468,-6.884322],[107.534734,-6.884276],[107.53474,-6.88427],[107.534749,-6.884263],[107.53491,-6.884126],[107.53509,-6.883974],[107.535091,-6.883974],[107.535094,-6.88397],[107.535445,-6.883576],[107.535669,-6.883378],[107.536009,-6.883078],[107.536319,-6.882798],[107.536469,-6.882668],[107.536759,-6.882438],[107.537089,-6.882098],[107.537229,-6.881958],[107.537639,-6.881618],[107.538009,-6.881308],[107.538044,-6.88128],[107.538076,-6.881254],[107.53813,-6.881209],[107.538229,-6.881128],[107.538319,-6.881058],[107.538419,-6.880978],[107.538759,-6.880668],[107.539249,-6.880238],[107.539426,-6.880083],[107.539489,-6.880028],[107.53954,-6.879882],[107.539629,-6.879628],[107.539679,-6.879458],[107.539739,-6.879218],[107.53974,-6.879216],[107.539742,-6.879206],[107.539759,-6.879128],[107.539839,-6.879128],[107.539841,-6.87912],[107.539841,-6.879119],[107.539846,-6.879094],[107.539856,-6.879051],[107.539919,-6.878748],[107.53993,-6.878693],[107.540079,-6.877958],[107.540124,-6.877718],[107.540162,-6.877509],[107.540249,-6.877038],[107.540339,-6.876658],[107.540342,-6.876653],[107.540559,-6.876228],[107.54056,-6.876227],[107.540594,-6.876163],[107.540749,-6.875878],[107.540809,-6.875748],[107.540889,-6.875578],[107.540928,-6.875501],[107.540935,-6.875487],[107.540936,-6.875484],[107.541124,-6.875108],[107.541125,-6.875108],[107.541146,-6.875064],[107.541167,-6.875023],[107.541179,-6.874998],[107.541191,-6.874974],[107.541207,-6.874943],[107.541244,-6.874869],[107.541244,-6.874868],[107.541249,-6.874858],[107.54125,-6.874857],[107.541316,-6.874738],[107.541359,-6.874658],[107.541425,-6.874542],[107.5415,-6.874411],[107.541509,-6.874397],[107.541519,-6.874378],[107.541599,-6.874231],[107.541699,-6.874048],[107.54195,-6.873636],[107.542009,-6.873538],[107.542023,-6.873514],[107.542009,-6.873506],[107.541994,-6.873497],[107.541992,-6.873495],[107.541978,-6.873487],[107.541976,-6.873485],[107.541845,-6.873406],[107.541735,-6.87334],[107.541681,-6.873309],[107.541607,-6.873265],[107.541398,-6.873141],[107.541294,-6.873066],[107.541199,-6.872998],[107.541191,-6.872994],[107.541176,-6.872985],[107.54113,-6.87296],[107.541045,-6.872912],[107.541011,-6.872893],[107.540722,-6.872732],[107.540527,-6.872607],[107.540408,-6.872531],[107.54039,-6.87252],[107.540306,-6.872466],[107.540101,-6.872346],[107.540028,-6.872303],[107.539891,-6.872216],[107.539757,-6.872132],[107.539712,-6.872103],[107.539681,-6.872083],[107.539648,-6.872062],[107.539543,-6.871996],[107.539483,-6.871957],[107.539424,-6.871921],[107.539391,-6.871899],[107.539328,-6.871859],[107.53927,-6.871822],[107.539224,-6.871794],[107.539148,-6.871745],[107.539135,-6.871738],[107.539118,-6.871729],[107.539117,-6.871728],[107.539097,-6.871718],[107.538878,-6.871599],[107.538649,-6.871475],[107.538648,-6.871474],[107.53849,-6.871389],[107.538489,-6.871389],[107.538489,-6.87139],[107.538331,-6.871304],[107.53833,-6.871303],[107.538313,-6.871294],[107.538139,-6.8712],[107.537781,-6.870994],[107.53777,-6.871005],[107.537726,-6.871044],[107.537677,-6.871086],[107.537644,-6.871111],[107.537621,-6.871128],[107.53759,-6.871139],[107.537551,-6.871153],[107.537434,-6.871197],[107.537307,-6.871239],[107.537299,-6.871238],[107.537288,-6.87124],[107.536928,-6.871246],[107.536833,-6.871256],[107.536792,-6.871261],[107.536606,-6.871263],[107.536491,-6.87128],[107.536472,-6.871282],[107.536439,-6.87128],[107.536407,-6.871281],[107.536111,-6.871293],[107.535988,-6.871354],[107.535915,-6.871384],[107.535867,-6.871403],[107.535754,-6.871451],[107.535691,-6.871483],[107.535649,-6.871504],[107.535557,-6.871591],[107.535473,-6.871677],[107.535419,-6.871752],[107.535413,-6.871762],[107.535469,-6.871826],[107.53551,-6.871872],[107.53551,-6.871873],[107.535626,-6.872006],[107.53568,-6.872045],[107.535714,-6.87207],[107.535741,-6.872114],[107.535717,-6.872128],[107.53572,-6.87213],[107.535615,-6.872224],[107.535598,-6.87224],[107.535567,-6.872268],[107.535527,-6.872304],[107.53542,-6.872375],[107.535392,-6.872394],[107.535265,-6.87248],[107.535245,-6.872458],[107.535179,-6.872377],[107.535053,-6.872225],[107.534916,-6.872092],[107.534896,-6.872145],[107.534886,-6.872171],[107.534821,-6.872269],[107.534799,-6.872297],[107.53478,-6.872333],[107.534727,-6.87238],[107.534494,-6.872587],[107.534329,-6.87273],[107.534279,-6.87277],[107.534239,-6.872829],[107.534269,-6.872948],[107.534269,-6.87295],[107.534236,-6.87304],[107.534204,-6.873127],[107.534199,-6.87314],[107.534082,-6.873329],[107.534081,-6.873331],[107.534069,-6.87335],[107.533989,-6.87365],[107.533949,-6.87382],[107.5339,-6.874123],[107.533899,-6.874126],[107.533889,-6.87419],[107.533859,-6.87429],[107.533469,-6.87466],[107.533409,-6.87473],[107.533289,-6.875],[107.533287,-6.875048],[107.533286,-6.875082],[107.533285,-6.875095],[107.533279,-6.875228],[107.533291,-6.875241],[107.533369,-6.875272],[107.533435,-6.875309],[107.533499,-6.875347],[107.533499,-6.875404],[107.533474,-6.875612],[107.53339,-6.875837],[107.533379,-6.875862],[107.53326,-6.875826],[107.533242,-6.875864],[107.533027,-6.875857],[107.532786,-6.876442],[107.532912,-6.876488],[107.532912,-6.876489],[107.532901,-6.876615],[107.532891,-6.876739],[107.532876,-6.876907],[107.532866,-6.876945],[107.532773,-6.877308],[107.532742,-6.877378],[107.532626,-6.87751],[107.532593,-6.877564],[107.53258,-6.877585],[107.532248,-6.878121],[107.532212,-6.878199],[107.532193,-6.878252],[107.532111,-6.878484],[107.532039,-6.878688],[107.531985,-6.878855],[107.531959,-6.878935],[107.531919,-6.879063],[107.531964,-6.879085],[107.532024,-6.879117],[107.532037,-6.879123],[107.532173,-6.879196],[107.532156,-6.879245],[107.532153,-6.879252],[107.532149,-6.879265],[107.532142,-6.879277],[107.53211,-6.879331],[107.532065,-6.87941],[107.53206,-6.879418],[107.532135,-6.879464],[107.532255,-6.879629],[107.532261,-6.879637],[107.532275,-6.879656],[107.532274,-6.879657],[107.532275,-6.879658],[107.532255,-6.879675],[107.532252,-6.879677],[107.53223,-6.879733],[107.532038,-6.879991],[107.532028,-6.880003],[107.531997,-6.880045],[107.531989,-6.880055],[107.531985,-6.880061],[107.53193,-6.880018],[107.531913,-6.880004],[107.531907,-6.880001],[107.53184,-6.879959],[107.531834,-6.879955],[107.531832,-6.879948],[107.531831,-6.879949],[107.53177,-6.87988],[107.531595,-6.879682],[107.531564,-6.879648],[107.531548,-6.879629],[107.531524,-6.879607],[107.531516,-6.8796],[107.531491,-6.879577],[107.531489,-6.879575],[107.531477,-6.8796],[107.531474,-6.879607],[107.531473,-6.879607],[107.53146,-6.879637],[107.531455,-6.879646],[107.531439,-6.879717],[107.531431,-6.879756],[107.531391,-6.879809],[107.53137,-6.879838],[107.531355,-6.879858],[107.531271,-6.879921],[107.531255,-6.879938],[107.53112,-6.880074],[107.531088,-6.880108],[107.530965,-6.880235],[107.530968,-6.880238],[107.531033,-6.880302],[107.531014,-6.880322],[107.530984,-6.880352],[107.530983,-6.880352],[107.530978,-6.880358],[107.530888,-6.880449],[107.530864,-6.880475],[107.530796,-6.880552],[107.530807,-6.880562],[107.531212,-6.880919],[107.531298,-6.880998],[107.53129,-6.881018],[107.531292,-6.881019],[107.531292,-6.88102],[107.531275,-6.881078],[107.531267,-6.881107],[107.53125,-6.881172],[107.531237,-6.881261],[107.531236,-6.881269],[107.531094,-6.881477],[107.531044,-6.881589],[107.530931,-6.881729],[107.530445,-6.881265],[107.530306,-6.881132],[107.530224,-6.881266],[107.529552,-6.882369],[107.529546,-6.882378],[107.529112,-6.88309],[107.529019,-6.883213],[107.528836,-6.883453],[107.528803,-6.883497],[107.528761,-6.883551],[107.528758,-6.883556],[107.528757,-6.883557],[107.528659,-6.883685],[107.528598,-6.883766]]]}},{"type":"Feature","properties":{"wilayah_id":8,"kelurahan":"Karangmekar","kecamatan":"Cimahi Tengah","jumlah_rw":17},"geometry":{"type":"Polygon","coordinates":[[[107.535094,-6.88397],[107.535119,-6.883998],[107.535375,-6.884276],[107.535382,-6.884284],[107.535456,-6.884363],[107.535667,-6.88419],[107.535743,-6.884143],[107.535889,-6.884018],[107.535958,-6.883959],[107.535979,-6.883943],[107.536219,-6.884233],[107.536306,-6.884326],[107.53634,-6.884362],[107.536364,-6.884388],[107.536403,-6.88443],[107.536423,-6.884453],[107.536462,-6.884496],[107.536521,-6.88457],[107.536548,-6.884604],[107.536584,-6.884649],[107.53661,-6.884683],[107.536768,-6.88487],[107.536798,-6.884905],[107.536932,-6.885063],[107.536958,-6.885091],[107.537141,-6.885325],[107.537299,-6.885189],[107.537692,-6.885641],[107.537704,-6.885659],[107.537718,-6.885683],[107.537772,-6.885682],[107.537909,-6.885679],[107.537971,-6.885662],[107.538043,-6.885613],[107.538061,-6.885601],[107.538107,-6.885544],[107.538148,-6.885493],[107.538227,-6.885426],[107.538319,-6.885348],[107.538399,-6.885288],[107.538507,-6.885205],[107.538519,-6.885196],[107.538583,-6.885146],[107.538597,-6.885135],[107.538611,-6.885125],[107.538619,-6.885118],[107.538623,-6.885116],[107.538648,-6.885095],[107.538699,-6.885055],[107.538708,-6.885048],[107.538724,-6.885035],[107.538763,-6.885004],[107.538883,-6.884908],[107.538924,-6.884876],[107.538959,-6.884848],[107.538979,-6.884833],[107.538983,-6.884829],[107.539009,-6.884808],[107.539086,-6.884744],[107.539165,-6.884677],[107.539399,-6.884478],[107.539479,-6.884404],[107.539632,-6.884261],[107.539709,-6.884188],[107.539832,-6.884082],[107.539845,-6.884071],[107.539928,-6.883999],[107.539957,-6.883974],[107.539994,-6.883942],[107.540032,-6.883909],[107.540072,-6.883874],[107.540079,-6.883868],[107.540098,-6.883852],[107.540114,-6.883838],[107.540116,-6.88384],[107.540188,-6.883929],[107.540251,-6.884007],[107.540352,-6.884131],[107.540363,-6.884144],[107.540379,-6.884165],[107.540428,-6.884225],[107.540439,-6.884239],[107.540442,-6.884242],[107.540444,-6.884245],[107.540523,-6.884342],[107.540679,-6.884498],[107.540681,-6.884496],[107.54094,-6.884269],[107.5414,-6.883864],[107.541877,-6.883449],[107.541879,-6.883446],[107.542002,-6.883339],[107.542299,-6.883092],[107.542324,-6.883087],[107.54236,-6.883091],[107.542406,-6.883114],[107.542521,-6.883259],[107.542949,-6.883738],[107.543127,-6.883916],[107.543253,-6.884066],[107.543306,-6.88413],[107.543435,-6.884284],[107.543504,-6.884369],[107.543565,-6.884445],[107.543854,-6.884769],[107.54386,-6.884776],[107.543979,-6.884952],[107.544,-6.884996],[107.544008,-6.885013],[107.544011,-6.885039],[107.544014,-6.885058],[107.544001,-6.885145],[107.544002,-6.885154],[107.544,-6.885159],[107.543964,-6.88535],[107.543904,-6.885682],[107.543884,-6.885793],[107.544137,-6.88584],[107.54414,-6.88583],[107.544143,-6.885817],[107.54417,-6.885823],[107.544198,-6.88583],[107.544236,-6.885839],[107.544254,-6.885843],[107.544299,-6.885854],[107.544568,-6.885918],[107.544736,-6.885958],[107.544743,-6.885956],[107.544792,-6.885937],[107.545452,-6.886084],[107.545537,-6.886104],[107.545713,-6.886145],[107.545829,-6.885818],[107.545832,-6.885808],[107.545887,-6.885821],[107.546118,-6.885879],[107.546272,-6.88592],[107.546263,-6.885965],[107.54623,-6.88609],[107.54625,-6.886097],[107.546252,-6.886097],[107.546421,-6.886151],[107.546492,-6.886174],[107.546712,-6.886254],[107.546757,-6.88627],[107.547025,-6.886368],[107.547072,-6.886385],[107.547064,-6.886407],[107.547058,-6.886422],[107.547024,-6.886521],[107.547146,-6.88658],[107.547147,-6.88658],[107.547161,-6.886587],[107.547143,-6.886596],[107.547134,-6.886601],[107.547133,-6.886609],[107.547133,-6.886633],[107.547129,-6.886757],[107.547127,-6.886821],[107.547126,-6.886844],[107.547141,-6.886847],[107.547151,-6.88685],[107.547148,-6.886862],[107.547137,-6.88691],[107.547099,-6.886963],[107.547093,-6.886991],[107.547083,-6.887035],[107.547097,-6.887094],[107.547102,-6.887112],[107.547115,-6.887167],[107.547117,-6.887295],[107.547339,-6.88739],[107.547417,-6.887437],[107.547407,-6.887454],[107.547369,-6.887515],[107.547314,-6.887603],[107.5473,-6.887626],[107.547267,-6.887686],[107.547271,-6.887699],[107.54734,-6.887731],[107.547364,-6.887743],[107.547369,-6.887745],[107.547371,-6.887743],[107.547405,-6.887707],[107.547485,-6.887639],[107.547507,-6.887621],[107.54756,-6.887576],[107.54762,-6.887526],[107.547691,-6.887489],[107.547709,-6.887479],[107.547747,-6.88746],[107.547786,-6.887445],[107.547873,-6.887411],[107.547902,-6.8874],[107.547903,-6.8874],[107.547923,-6.887417],[107.547948,-6.887441],[107.547968,-6.887459],[107.547986,-6.887476],[107.54799,-6.887479],[107.548011,-6.887499],[107.548013,-6.8875],[107.548029,-6.887517],[107.548038,-6.887527],[107.548044,-6.887534],[107.54807,-6.887505],[107.548141,-6.887427],[107.548315,-6.887114],[107.548402,-6.886957],[107.548565,-6.887044],[107.548416,-6.887273],[107.548306,-6.887475],[107.548431,-6.887546],[107.548478,-6.887573],[107.548479,-6.887572],[107.548482,-6.887567],[107.54849,-6.887551],[107.548494,-6.887541],[107.548496,-6.887537],[107.548504,-6.887522],[107.548554,-6.887424],[107.548586,-6.887361],[107.548682,-6.88717],[107.548711,-6.887112],[107.54874,-6.887047],[107.548814,-6.886886],[107.54889,-6.886736],[107.548925,-6.886666],[107.548951,-6.886672],[107.549169,-6.886779],[107.54947,-6.886927],[107.549771,-6.887066],[107.549801,-6.88708],[107.549821,-6.887066],[107.549952,-6.886849],[107.549972,-6.886815],[107.549972,-6.886814],[107.550034,-6.886712],[107.550088,-6.88667],[107.550118,-6.886633],[107.550149,-6.886542],[107.550145,-6.886538],[107.550121,-6.886512],[107.550119,-6.886495],[107.550246,-6.886276],[107.550136,-6.886196],[107.549937,-6.886045],[107.549933,-6.886024],[107.549968,-6.885939],[107.549998,-6.885869],[107.550013,-6.885831],[107.550014,-6.88583],[107.550022,-6.88581],[107.550035,-6.885781],[107.550068,-6.885701],[107.550059,-6.885669],[107.550003,-6.885634],[107.549856,-6.885543],[107.549831,-6.885533],[107.549825,-6.885531],[107.549845,-6.885499],[107.549765,-6.885421],[107.549785,-6.885405],[107.549778,-6.885395],[107.549776,-6.885384],[107.549794,-6.885374],[107.549807,-6.885378],[107.549824,-6.885366],[107.549767,-6.885335],[107.549667,-6.88544],[107.549618,-6.88549],[107.549544,-6.885594],[107.549543,-6.885592],[107.549539,-6.885583],[107.549537,-6.885578],[107.549518,-6.88554],[107.549516,-6.885535],[107.549494,-6.885402],[107.549505,-6.885374],[107.549516,-6.885347],[107.549535,-6.885297],[107.549539,-6.885288],[107.549791,-6.885185],[107.549832,-6.88517],[107.549892,-6.88515],[107.549968,-6.885052],[107.549991,-6.885023],[107.55,-6.885011],[107.550001,-6.88501],[107.550005,-6.884987],[107.550015,-6.884935],[107.550012,-6.884891],[107.550009,-6.884853],[107.550009,-6.884841],[107.549993,-6.884788],[107.549956,-6.884663],[107.549894,-6.884569],[107.549854,-6.884538],[107.549829,-6.884519],[107.549764,-6.884414],[107.549762,-6.88441],[107.54976,-6.884405],[107.549744,-6.884366],[107.549711,-6.884284],[107.549712,-6.884219],[107.549793,-6.883977],[107.5498,-6.88396],[107.549819,-6.883916],[107.549874,-6.883792],[107.549882,-6.883772],[107.54991,-6.883715],[107.549919,-6.883697],[107.549941,-6.883651],[107.549961,-6.883609],[107.549969,-6.883593],[107.549969,-6.883592],[107.549972,-6.883587],[107.549941,-6.883567],[107.549836,-6.883501],[107.549792,-6.883473],[107.549694,-6.883411],[107.549639,-6.883376],[107.549614,-6.88336],[107.549564,-6.883326],[107.549439,-6.883262],[107.549263,-6.883172],[107.549135,-6.883091],[107.549106,-6.883073],[107.549082,-6.883042],[107.549074,-6.883031],[107.549057,-6.883008],[107.549083,-6.882956],[107.549188,-6.882745],[107.549239,-6.882582],[107.54925,-6.882548],[107.549273,-6.882482],[107.549275,-6.882476],[107.549288,-6.882395],[107.549296,-6.882344],[107.549302,-6.882309],[107.549306,-6.882302],[107.549341,-6.882239],[107.549447,-6.882106],[107.549507,-6.881972],[107.549548,-6.881889],[107.549555,-6.881873],[107.549554,-6.881871],[107.549543,-6.881847],[107.549503,-6.881759],[107.549472,-6.881691],[107.549492,-6.881684],[107.549565,-6.881658],[107.54988,-6.881542],[107.550077,-6.881463],[107.550088,-6.881452],[107.550167,-6.881378],[107.550182,-6.881363],[107.550107,-6.881325],[107.549963,-6.881224],[107.549868,-6.881161],[107.549856,-6.88115],[107.549828,-6.881123],[107.54973,-6.881044],[107.549562,-6.880833],[107.549479,-6.880751],[107.549399,-6.880673],[107.549287,-6.880581],[107.549242,-6.880545],[107.549196,-6.880507],[107.54915,-6.880461],[107.549168,-6.880413],[107.549273,-6.880261],[107.549375,-6.880105],[107.549425,-6.879984],[107.549446,-6.879934],[107.549455,-6.879911],[107.549463,-6.879876],[107.549465,-6.87987],[107.549476,-6.87982],[107.549494,-6.879771],[107.549459,-6.879745],[107.549472,-6.879726],[107.549523,-6.879652],[107.549557,-6.879616],[107.549611,-6.879529],[107.549653,-6.879461],[107.549659,-6.879414],[107.549661,-6.879402],[107.549661,-6.879399],[107.549662,-6.879392],[107.549662,-6.879387],[107.549663,-6.879381],[107.549669,-6.879377],[107.549671,-6.879376],[107.549676,-6.879373],[107.549747,-6.879287],[107.549772,-6.879257],[107.549775,-6.879241],[107.549847,-6.879175],[107.54989,-6.879135],[107.549971,-6.879061],[107.549949,-6.879022],[107.549869,-6.878878],[107.549857,-6.878855],[107.549833,-6.878813],[107.549819,-6.878788],[107.549796,-6.878753],[107.549745,-6.878676],[107.549729,-6.878652],[107.549703,-6.878612],[107.549668,-6.878559],[107.549632,-6.878504],[107.54961,-6.878471],[107.549591,-6.878441],[107.549563,-6.8784],[107.549528,-6.878346],[107.549508,-6.878317],[107.549491,-6.878291],[107.549475,-6.878267],[107.549415,-6.878175],[107.549399,-6.878156],[107.549384,-6.878138],[107.549333,-6.878098],[107.549309,-6.878078],[107.549271,-6.878048],[107.549266,-6.878045],[107.549262,-6.878042],[107.549173,-6.877959],[107.549128,-6.877917],[107.549087,-6.877879],[107.548971,-6.877804],[107.54892,-6.877772],[107.548878,-6.877745],[107.548566,-6.877546],[107.548492,-6.877499],[107.548473,-6.877487],[107.548376,-6.877424],[107.547904,-6.877123],[107.547876,-6.877107],[107.54762,-6.876953],[107.547546,-6.876908],[107.547537,-6.876902],[107.547485,-6.876866],[107.547481,-6.876864],[107.547256,-6.876715],[107.547224,-6.876695],[107.547057,-6.876592],[107.547057,-6.876591],[107.547056,-6.87659],[107.547054,-6.876589],[107.547054,-6.876588],[107.547048,-6.876582],[107.547046,-6.876581],[107.547046,-6.87658],[107.547034,-6.876568],[107.547034,-6.876567],[107.547033,-6.876567],[107.547033,-6.876566],[107.547032,-6.876566],[107.54703,-6.876565],[107.547029,-6.876564],[107.547028,-6.876564],[107.547028,-6.876563],[107.547026,-6.876562],[107.547025,-6.876562],[107.547024,-6.876561],[107.547022,-6.87656],[107.547021,-6.876559],[107.54702,-6.876559],[107.547019,-6.876558],[107.547007,-6.876551],[107.546996,-6.876544],[107.546704,-6.876358],[107.54611,-6.876002],[107.546108,-6.876001],[107.545938,-6.875899],[107.545447,-6.875604],[107.545385,-6.875566],[107.544854,-6.875241],[107.544771,-6.87519],[107.544682,-6.875136],[107.544642,-6.875112],[107.544636,-6.875108],[107.544634,-6.875107],[107.544623,-6.8751],[107.544577,-6.875073],[107.544575,-6.875071],[107.544534,-6.875046],[107.544391,-6.874955],[107.544383,-6.87495],[107.544224,-6.87485],[107.543919,-6.874668],[107.54385,-6.874627],[107.543845,-6.874625],[107.543801,-6.874599],[107.543714,-6.874547],[107.543664,-6.874517],[107.543593,-6.874474],[107.543528,-6.874435],[107.543506,-6.874421],[107.543491,-6.874412],[107.543478,-6.874405],[107.543477,-6.874404],[107.543388,-6.87435],[107.54336,-6.874334],[107.542987,-6.87411],[107.542594,-6.873865],[107.542572,-6.873851],[107.542295,-6.873682],[107.542174,-6.873607],[107.542167,-6.873604],[107.542061,-6.873537],[107.54206,-6.873537],[107.542057,-6.873535],[107.54205,-6.873531],[107.542034,-6.873521],[107.542023,-6.873514],[107.542009,-6.873538],[107.54195,-6.873636],[107.541699,-6.874048],[107.541599,-6.874231],[107.541519,-6.874378],[107.541509,-6.874397],[107.5415,-6.874411],[107.541425,-6.874542],[107.541359,-6.874658],[107.541316,-6.874738],[107.54125,-6.874857],[107.541249,-6.874858],[107.541244,-6.874868],[107.541244,-6.874869],[107.541207,-6.874943],[107.541191,-6.874974],[107.541179,-6.874998],[107.541167,-6.875023],[107.541146,-6.875064],[107.541125,-6.875108],[107.541124,-6.875108],[107.540936,-6.875484],[107.540935,-6.875487],[107.540928,-6.875501],[107.540889,-6.875578],[107.540809,-6.875748],[107.540749,-6.875878],[107.540594,-6.876163],[107.54056,-6.876227],[107.540559,-6.876228],[107.540342,-6.876653],[107.540339,-6.876658],[107.540249,-6.877038],[107.540162,-6.877509],[107.540124,-6.877718],[107.540079,-6.877958],[107.53993,-6.878693],[107.539919,-6.878748],[107.539856,-6.879051],[107.539846,-6.879094],[107.539841,-6.879119],[107.539841,-6.87912],[107.539839,-6.879128],[107.539759,-6.879128],[107.539742,-6.879206],[107.53974,-6.879216],[107.539739,-6.879218],[107.539679,-6.879458],[107.539629,-6.879628],[107.53954,-6.879882],[107.539489,-6.880028],[107.539426,-6.880083],[107.539249,-6.880238],[107.538759,-6.880668],[107.538419,-6.880978],[107.538319,-6.881058],[107.538229,-6.881128],[107.53813,-6.881209],[107.538076,-6.881254],[107.538044,-6.88128],[107.538009,-6.881308],[107.537639,-6.881618],[107.537229,-6.881958],[107.537089,-6.882098],[107.536759,-6.882438],[107.536469,-6.882668],[107.536319,-6.882798],[107.536009,-6.883078],[107.535669,-6.883378],[107.535445,-6.883576],[107.535094,-6.88397]]]}},{"type":"Feature","properties":{"wilayah_id":3,"kelurahan":"Utama","kecamatan":"Cimahi Selatan","jumlah_rw":16},"geometry":{"type":"Polygon","coordinates":[[[107.53144,-6.908153],[107.531447,-6.908189],[107.53146,-6.908254],[107.531481,-6.908306],[107.531497,-6.908344],[107.531521,-6.908399],[107.531525,-6.908408],[107.531675,-6.908501],[107.531719,-6.908528],[107.531777,-6.908571],[107.531856,-6.908598],[107.531868,-6.908604],[107.531971,-6.90865],[107.532045,-6.908693],[107.532052,-6.908697],[107.532092,-6.908745],[107.532119,-6.908776],[107.532142,-6.908802],[107.532197,-6.908866],[107.532262,-6.908941],[107.532278,-6.908983],[107.532312,-6.909072],[107.532316,-6.909084],[107.532348,-6.909154],[107.532393,-6.909254],[107.532422,-6.909341],[107.532423,-6.909343],[107.532579,-6.90953],[107.532583,-6.909534],[107.532634,-6.909582],[107.532779,-6.909719],[107.532825,-6.909762],[107.532871,-6.909807],[107.532927,-6.909863],[107.532972,-6.909883],[107.533094,-6.909937],[107.533143,-6.909971],[107.533198,-6.910008],[107.5332,-6.910009],[107.533251,-6.910048],[107.533276,-6.910068],[107.533277,-6.910068],[107.533378,-6.910102],[107.533416,-6.910105],[107.533445,-6.910108],[107.533508,-6.910114],[107.533619,-6.910133],[107.533675,-6.910156],[107.53371,-6.910171],[107.533723,-6.910188],[107.53375,-6.910224],[107.533757,-6.910242],[107.533795,-6.910339],[107.533824,-6.910414],[107.533825,-6.910415],[107.533833,-6.910437],[107.533833,-6.910438],[107.533834,-6.910439],[107.533834,-6.910441],[107.533844,-6.910466],[107.53388,-6.910569],[107.533887,-6.910623],[107.53389,-6.910643],[107.533892,-6.910659],[107.533905,-6.910684],[107.533921,-6.910715],[107.533966,-6.910749],[107.534003,-6.910776],[107.534004,-6.910777],[107.534056,-6.910823],[107.534069,-6.910834],[107.534087,-6.910894],[107.534068,-6.910932],[107.534057,-6.910941],[107.534049,-6.910947],[107.534047,-6.910949],[107.534016,-6.910975],[107.534015,-6.910977],[107.534011,-6.91098],[107.533944,-6.911023],[107.533921,-6.91109],[107.533922,-6.911101],[107.533924,-6.911122],[107.533925,-6.911143],[107.533933,-6.911244],[107.533933,-6.911297],[107.533932,-6.911361],[107.533921,-6.911464],[107.533921,-6.911465],[107.533911,-6.911485],[107.533889,-6.911532],[107.533878,-6.911552],[107.533839,-6.911621],[107.533822,-6.911652],[107.533804,-6.911685],[107.533789,-6.911745],[107.533789,-6.911808],[107.533793,-6.911829],[107.533805,-6.911897],[107.533806,-6.911948],[107.533807,-6.911987],[107.533769,-6.912066],[107.533758,-6.912092],[107.533744,-6.912124],[107.533683,-6.912266],[107.533679,-6.912277],[107.533676,-6.9123],[107.533674,-6.912308],[107.533668,-6.912356],[107.533666,-6.912373],[107.533657,-6.912415],[107.533649,-6.912458],[107.53363,-6.912552],[107.533623,-6.912591],[107.533625,-6.912616],[107.533626,-6.91262],[107.533633,-6.912688],[107.533647,-6.912768],[107.533651,-6.912788],[107.533651,-6.91279],[107.53368,-6.912895],[107.53368,-6.912946],[107.533677,-6.912955],[107.533656,-6.913008],[107.53362,-6.913061],[107.533614,-6.913069],[107.533604,-6.913099],[107.533595,-6.913125],[107.533599,-6.913188],[107.533614,-6.913218],[107.533616,-6.913221],[107.533679,-6.913265],[107.533713,-6.913289],[107.53378,-6.913352],[107.533786,-6.913357],[107.533794,-6.913384],[107.533793,-6.913385],[107.53378,-6.913422],[107.53378,-6.913448],[107.533779,-6.913499],[107.533799,-6.913536],[107.53381,-6.913556],[107.533858,-6.913626],[107.533866,-6.913638],[107.533903,-6.913686],[107.533943,-6.913737],[107.533972,-6.913792],[107.533976,-6.913829],[107.533978,-6.913855],[107.533953,-6.913911],[107.533936,-6.913928],[107.533915,-6.913947],[107.533902,-6.913968],[107.533875,-6.914009],[107.533872,-6.914053],[107.533874,-6.914104],[107.533876,-6.914129],[107.533876,-6.914143],[107.533861,-6.914206],[107.53382,-6.91426],[107.533818,-6.914263],[107.533812,-6.914271],[107.533766,-6.914319],[107.533753,-6.914339],[107.533728,-6.914379],[107.533728,-6.914382],[107.533723,-6.914434],[107.533719,-6.914486],[107.533689,-6.914524],[107.533672,-6.914546],[107.533655,-6.914569],[107.53362,-6.914626],[107.533618,-6.914632],[107.533607,-6.914666],[107.533606,-6.914688],[107.533606,-6.914718],[107.533642,-6.914747],[107.533685,-6.914756],[107.533717,-6.914763],[107.533732,-6.914774],[107.533748,-6.914784],[107.533772,-6.914825],[107.533782,-6.914842],[107.533779,-6.914914],[107.533775,-6.914946],[107.533772,-6.914976],[107.533758,-6.915098],[107.533757,-6.915109],[107.53375,-6.915135],[107.533723,-6.91523],[107.533697,-6.915288],[107.533678,-6.915303],[107.533653,-6.915322],[107.533594,-6.915369],[107.533551,-6.915398],[107.533533,-6.915412],[107.533524,-6.915418],[107.533517,-6.915423],[107.533514,-6.915446],[107.533512,-6.915462],[107.53351,-6.915483],[107.533508,-6.915493],[107.533517,-6.915521],[107.533518,-6.915525],[107.533531,-6.915569],[107.533535,-6.915583],[107.533535,-6.915594],[107.533532,-6.915641],[107.533531,-6.915642],[107.533522,-6.915654],[107.533516,-6.915663],[107.533505,-6.915677],[107.533462,-6.915705],[107.533452,-6.915712],[107.53344,-6.91571],[107.533388,-6.915702],[107.533384,-6.915701],[107.533379,-6.915701],[107.533378,-6.9157],[107.533366,-6.915691],[107.533365,-6.915691],[107.533343,-6.915674],[107.533324,-6.915671],[107.533304,-6.915669],[107.533302,-6.915669],[107.533259,-6.915719],[107.533253,-6.915735],[107.533234,-6.915791],[107.533229,-6.915904],[107.533228,-6.915937],[107.533227,-6.915943],[107.533218,-6.915987],[107.53321,-6.916023],[107.533212,-6.916042],[107.533215,-6.916071],[107.533217,-6.916082],[107.533211,-6.916145],[107.533203,-6.916217],[107.533195,-6.916297],[107.533194,-6.916324],[107.533192,-6.916369],[107.533187,-6.916462],[107.533186,-6.91649],[107.533188,-6.916513],[107.533198,-6.916618],[107.533198,-6.91662],[107.5332,-6.916627],[107.533214,-6.916713],[107.533212,-6.916745],[107.533209,-6.916803],[107.533209,-6.916804],[107.533211,-6.916868],[107.533215,-6.916885],[107.533219,-6.9169],[107.533226,-6.916929],[107.533227,-6.916931],[107.53324,-6.916941],[107.533267,-6.91696],[107.533268,-6.91696],[107.533309,-6.916948],[107.53331,-6.916949],[107.533338,-6.916963],[107.533341,-6.916991],[107.533342,-6.917],[107.533335,-6.917064],[107.533335,-6.917066],[107.533327,-6.917134],[107.533337,-6.917181],[107.53332,-6.917233],[107.533313,-6.917246],[107.533281,-6.917304],[107.533271,-6.917377],[107.533272,-6.917382],[107.533275,-6.917399],[107.533281,-6.91743],[107.533284,-6.917469],[107.533285,-6.917486],[107.533328,-6.917537],[107.533378,-6.917558],[107.53349,-6.91751],[107.533519,-6.917511],[107.533519,-6.917512],[107.533521,-6.917513],[107.533522,-6.917514],[107.533534,-6.917522],[107.53355,-6.917533],[107.533552,-6.917534],[107.533552,-6.917537],[107.533555,-6.917545],[107.533565,-6.917576],[107.533566,-6.917579],[107.533567,-6.917584],[107.533562,-6.917599],[107.533559,-6.917616],[107.533545,-6.917638],[107.533533,-6.917667],[107.533502,-6.917747],[107.533489,-6.917792],[107.533487,-6.917821],[107.533486,-6.917837],[107.533484,-6.917872],[107.533483,-6.917877],[107.533481,-6.917909],[107.533478,-6.917942],[107.533476,-6.917959],[107.533474,-6.917966],[107.533473,-6.917968],[107.533464,-6.917996],[107.533458,-6.918014],[107.533456,-6.918018],[107.533453,-6.918022],[107.53344,-6.918046],[107.533438,-6.918054],[107.533437,-6.918066],[107.533434,-6.918089],[107.533433,-6.918097],[107.533438,-6.91812],[107.533439,-6.918125],[107.533444,-6.918145],[107.533445,-6.91816],[107.533445,-6.918175],[107.533491,-6.918222],[107.533565,-6.918299],[107.53359,-6.918299],[107.533786,-6.918304],[107.534172,-6.918332],[107.534233,-6.918406],[107.53425,-6.918427],[107.534307,-6.918466],[107.534473,-6.918457],[107.534574,-6.918451],[107.534705,-6.918455],[107.535238,-6.918473],[107.535344,-6.918481],[107.535649,-6.918504],[107.535668,-6.918506],[107.535669,-6.918501],[107.535706,-6.918103],[107.535794,-6.917867],[107.535747,-6.91772],[107.535754,-6.917641],[107.535854,-6.917643],[107.535909,-6.917684],[107.535951,-6.917684],[107.535954,-6.917712],[107.53613,-6.917503],[107.536175,-6.917448],[107.536325,-6.917336],[107.536396,-6.917286],[107.536402,-6.91735],[107.536525,-6.917342],[107.536719,-6.91736],[107.536864,-6.917344],[107.537048,-6.917348],[107.537094,-6.917363],[107.537232,-6.917422],[107.537293,-6.91747],[107.537303,-6.91748],[107.537358,-6.917536],[107.537386,-6.917582],[107.537479,-6.917553],[107.537504,-6.917545],[107.53756,-6.917539],[107.537615,-6.917552],[107.537651,-6.91756],[107.537694,-6.91757],[107.537762,-6.917587],[107.537935,-6.917623],[107.537941,-6.917591],[107.538081,-6.917623],[107.538141,-6.917642],[107.538169,-6.917652],[107.538434,-6.917745],[107.538595,-6.917787],[107.53878,-6.917836],[107.539045,-6.917905],[107.539422,-6.918009],[107.539418,-6.918022],[107.539266,-6.918605],[107.540082,-6.918822],[107.540102,-6.918777],[107.540154,-6.918647],[107.540167,-6.918605],[107.540181,-6.91856],[107.540183,-6.91856],[107.54025,-6.918568],[107.540356,-6.918583],[107.540482,-6.91861],[107.540679,-6.918649],[107.540733,-6.91866],[107.541074,-6.918695],[107.541374,-6.918721],[107.542119,-6.918786],[107.542326,-6.918801],[107.542576,-6.918847],[107.54255,-6.918981],[107.542529,-6.919093],[107.543044,-6.919199],[107.543473,-6.919299],[107.543491,-6.919303],[107.543796,-6.919362],[107.543838,-6.919371],[107.543905,-6.919384],[107.543841,-6.91896],[107.544029,-6.918801],[107.544031,-6.918801],[107.544045,-6.918766],[107.544203,-6.918639],[107.544281,-6.918571],[107.544336,-6.918523],[107.544472,-6.918419],[107.544586,-6.918354],[107.544605,-6.918339],[107.544646,-6.918304],[107.544819,-6.918373],[107.544822,-6.918371],[107.544831,-6.918377],[107.544896,-6.918402],[107.544953,-6.918424],[107.545106,-6.91845],[107.545283,-6.918473],[107.545313,-6.918472],[107.5454,-6.918472],[107.545447,-6.918469],[107.545507,-6.918495],[107.545574,-6.918557],[107.545631,-6.918602],[107.545698,-6.918628],[107.545725,-6.918726],[107.545774,-6.91877],[107.545891,-6.918876],[107.546624,-6.918994],[107.547378,-6.919076],[107.547417,-6.919008],[107.547456,-6.918939],[107.547638,-6.918366],[107.547668,-6.918271],[107.547683,-6.918242],[107.547755,-6.9181],[107.547774,-6.918062],[107.547996,-6.917882],[107.548025,-6.917853],[107.548056,-6.917821],[107.548189,-6.917687],[107.54862,-6.917735],[107.548924,-6.917773],[107.548959,-6.917778],[107.549081,-6.917738],[107.549273,-6.917608],[107.549356,-6.917426],[107.54935,-6.917294],[107.549357,-6.917108],[107.549374,-6.916892],[107.549371,-6.916734],[107.54937,-6.91672],[107.549344,-6.91661],[107.549309,-6.916523],[107.549293,-6.916474],[107.549311,-6.916408],[107.549329,-6.91635],[107.549359,-6.916288],[107.549415,-6.916202],[107.549431,-6.916131],[107.549456,-6.916007],[107.549472,-6.915867],[107.5495,-6.915696],[107.54952,-6.915606],[107.549548,-6.915552],[107.549549,-6.915548],[107.549612,-6.915376],[107.549681,-6.91521],[107.549706,-6.915117],[107.549707,-6.915114],[107.54971,-6.915107],[107.549794,-6.914889],[107.549844,-6.914762],[107.549891,-6.914632],[107.549933,-6.914486],[107.54995,-6.914429],[107.549975,-6.91434],[107.54998,-6.914321],[107.550084,-6.914007],[107.550122,-6.913909],[107.550159,-6.913825],[107.550173,-6.913799],[107.550223,-6.913705],[107.550218,-6.913644],[107.550211,-6.913569],[107.550212,-6.913449],[107.550231,-6.913365],[107.550264,-6.91326],[107.550273,-6.913217],[107.550306,-6.913052],[107.550318,-6.91297],[107.550341,-6.912839],[107.550371,-6.912693],[107.550384,-6.912513],[107.550408,-6.91243],[107.550432,-6.91236],[107.550456,-6.912331],[107.550484,-6.912298],[107.550541,-6.912252],[107.550558,-6.912218],[107.55054,-6.912135],[107.550514,-6.912075],[107.550504,-6.912054],[107.550504,-6.912011],[107.550549,-6.911936],[107.550584,-6.911886],[107.550608,-6.911807],[107.550622,-6.91174],[107.55061,-6.911697],[107.550617,-6.911647],[107.550616,-6.911568],[107.550604,-6.911506],[107.550596,-6.911434],[107.550626,-6.91138],[107.550651,-6.911336],[107.550679,-6.911283],[107.550712,-6.911213],[107.55075,-6.911115],[107.550769,-6.911043],[107.550764,-6.910998],[107.550759,-6.910943],[107.550758,-6.91094],[107.550734,-6.910819],[107.550707,-6.91068],[107.550705,-6.910666],[107.550695,-6.910604],[107.550699,-6.910534],[107.550694,-6.91047],[107.55065,-6.910346],[107.55059,-6.910215],[107.550587,-6.91021],[107.550556,-6.910119],[107.550546,-6.910054],[107.550554,-6.909994],[107.550555,-6.909983],[107.550624,-6.909826],[107.550626,-6.909822],[107.550655,-6.909779],[107.550678,-6.909745],[107.550686,-6.909733],[107.550728,-6.909666],[107.550754,-6.909597],[107.550773,-6.909498],[107.550787,-6.909467],[107.550805,-6.90943],[107.550813,-6.909412],[107.550817,-6.909408],[107.550877,-6.909338],[107.550989,-6.909239],[107.551094,-6.909138],[107.55112,-6.909042],[107.551162,-6.908954],[107.551188,-6.908887],[107.551214,-6.908846],[107.551293,-6.908798],[107.5513,-6.908794],[107.55141,-6.908742],[107.55156,-6.908691],[107.551682,-6.908669],[107.55178,-6.90863],[107.551842,-6.908548],[107.55187,-6.908467],[107.551885,-6.908428],[107.551895,-6.908404],[107.551908,-6.90837],[107.55191,-6.908364],[107.551965,-6.90827],[107.552015,-6.908182],[107.552072,-6.9081],[107.552129,-6.908004],[107.552171,-6.907889],[107.552228,-6.907728],[107.552277,-6.907568],[107.552284,-6.907511],[107.552317,-6.907405],[107.552354,-6.907309],[107.552357,-6.907302],[107.55238,-6.907262],[107.552415,-6.9072],[107.552426,-6.907182],[107.552442,-6.907164],[107.552492,-6.90711],[107.552535,-6.907048],[107.55257,-6.906954],[107.552656,-6.906899],[107.552716,-6.906877],[107.552759,-6.906829],[107.55278,-6.906781],[107.552801,-6.9067],[107.552815,-6.906621],[107.552846,-6.906561],[107.552908,-6.906505],[107.552977,-6.906431],[107.553038,-6.906325],[107.553083,-6.906261],[107.553133,-6.906122],[107.553149,-6.906021],[107.553151,-6.905904],[107.553146,-6.905849],[107.553124,-6.905765],[107.55308,-6.905691],[107.553066,-6.905641],[107.553065,-6.905577],[107.553094,-6.905507],[107.553144,-6.905426],[107.553182,-6.905378],[107.553191,-6.90532],[107.553147,-6.905215],[107.553111,-6.905105],[107.55312,-6.905065],[107.553151,-6.905036],[107.553225,-6.904959],[107.55327,-6.904918],[107.55327,-6.904887],[107.553234,-6.904839],[107.553176,-6.904795],[107.553176,-6.904794],[107.553169,-6.904785],[107.553145,-6.904752],[107.553125,-6.904725],[107.553101,-6.904627],[107.553095,-6.90457],[107.553022,-6.904533],[107.552813,-6.904427],[107.552694,-6.904369],[107.552695,-6.90437],[107.552692,-6.904368],[107.552678,-6.90442],[107.552647,-6.904535],[107.552653,-6.904547],[107.55264,-6.904602],[107.552442,-6.90518],[107.552365,-6.905407],[107.55185,-6.90518],[107.551338,-6.904955],[107.551284,-6.90518],[107.551089,-6.905983],[107.551057,-6.906114],[107.550929,-6.906054],[107.550886,-6.906033],[107.550838,-6.906136],[107.550818,-6.906181],[107.550773,-6.906165],[107.55075,-6.906156],[107.550604,-6.906102],[107.55025,-6.90597],[107.550221,-6.905959],[107.550596,-6.90518],[107.550617,-6.905137],[107.550948,-6.904418],[107.55116,-6.903704],[107.551075,-6.903645],[107.551072,-6.903642],[107.550772,-6.903567],[107.550794,-6.903503],[107.551077,-6.902708],[107.551223,-6.902296],[107.551314,-6.902039],[107.551239,-6.902024],[107.551164,-6.902001],[107.550678,-6.901855],[107.550677,-6.901855],[107.55045,-6.901787],[107.550344,-6.901755],[107.550318,-6.901748],[107.550357,-6.901554],[107.550365,-6.901527],[107.550453,-6.901213],[107.550455,-6.901204],[107.550666,-6.901243],[107.550733,-6.901256],[107.550763,-6.901196],[107.550775,-6.901161],[107.550832,-6.901099],[107.550897,-6.901094],[107.550925,-6.900998],[107.550973,-6.90088],[107.551006,-6.900828],[107.550908,-6.900796],[107.550908,-6.900763],[107.550903,-6.900711],[107.550883,-6.900703],[107.550843,-6.900691],[107.550706,-6.900651],[107.550364,-6.900552],[107.550387,-6.9005],[107.550429,-6.900332],[107.55043,-6.900329],[107.550468,-6.900196],[107.55047,-6.900174],[107.550477,-6.900107],[107.550482,-6.900079],[107.550493,-6.900019],[107.550494,-6.89995],[107.550495,-6.899928],[107.550499,-6.899831],[107.5505,-6.899791],[107.550503,-6.899719],[107.550503,-6.89971],[107.550494,-6.899589],[107.550491,-6.899536],[107.550397,-6.899559],[107.550329,-6.899576],[107.550183,-6.899612],[107.550125,-6.899637],[107.549714,-6.899749],[107.548947,-6.900002],[107.548678,-6.900095],[107.548679,-6.900101],[107.548663,-6.900106],[107.548647,-6.900112],[107.548625,-6.900119],[107.548601,-6.900127],[107.548522,-6.900154],[107.548481,-6.900169],[107.548353,-6.900213],[107.548145,-6.900284],[107.547921,-6.900361],[107.547909,-6.900365],[107.54764,-6.900446],[107.547436,-6.900507],[107.547305,-6.900546],[107.54707,-6.900617],[107.54701,-6.900634],[107.546902,-6.900667],[107.546793,-6.9007],[107.546597,-6.900758],[107.546293,-6.900849],[107.546133,-6.900897],[107.545927,-6.900959],[107.545894,-6.900969],[107.545692,-6.90103],[107.545621,-6.901042],[107.545615,-6.901044],[107.545535,-6.901067],[107.545466,-6.901086],[107.545447,-6.901091],[107.545246,-6.901148],[107.545159,-6.901173],[107.545022,-6.901212],[107.545013,-6.901215],[107.544698,-6.90131],[107.544667,-6.901319],[107.544611,-6.901336],[107.544608,-6.901332],[107.544579,-6.901282],[107.544577,-6.901278],[107.544559,-6.901248],[107.54455,-6.901232],[107.544507,-6.901158],[107.544484,-6.901107],[107.544436,-6.901001],[107.544429,-6.900985],[107.544369,-6.900852],[107.544112,-6.900283],[107.544071,-6.900186],[107.543934,-6.899865],[107.543891,-6.899763],[107.543818,-6.899599],[107.543772,-6.899492],[107.543674,-6.89927],[107.543581,-6.89906],[107.543462,-6.898997],[107.543346,-6.898993],[107.543127,-6.899076],[107.542949,-6.899142],[107.542429,-6.899408],[107.542194,-6.899437],[107.542051,-6.899398],[107.541811,-6.899224],[107.54148,-6.899019],[107.541113,-6.898894],[107.540939,-6.898861],[107.540854,-6.898836],[107.540807,-6.898824],[107.540506,-6.898745],[107.540141,-6.898782],[107.540129,-6.898784],[107.539844,-6.898813],[107.539753,-6.898822],[107.539657,-6.898832],[107.539558,-6.898852],[107.539497,-6.898861],[107.539285,-6.898894],[107.539177,-6.89891],[107.539164,-6.898631],[107.539018,-6.898639],[107.53895,-6.898643],[107.538593,-6.898606],[107.537919,-6.89857],[107.537846,-6.898571],[107.537729,-6.898571],[107.53774,-6.898389],[107.537796,-6.898008],[107.537948,-6.897681],[107.538179,-6.897324],[107.538316,-6.897004],[107.538322,-6.896782],[107.538329,-6.896634],[107.538324,-6.896621],[107.538337,-6.896425],[107.538347,-6.896374],[107.538347,-6.896369],[107.538363,-6.896194],[107.538375,-6.895975],[107.538345,-6.89597],[107.537979,-6.895979],[107.537979,-6.895451],[107.537978,-6.895135],[107.53804,-6.894955],[107.538058,-6.894882],[107.53807,-6.894831],[107.538084,-6.894771],[107.5381,-6.894705],[107.538113,-6.894653],[107.538127,-6.894594],[107.538148,-6.894505],[107.538151,-6.894409],[107.53816,-6.894158],[107.538109,-6.894146],[107.538018,-6.894126],[107.537936,-6.894108],[107.537895,-6.894095],[107.537837,-6.894078],[107.537786,-6.894063],[107.537781,-6.894062],[107.537722,-6.894044],[107.537602,-6.894009],[107.537539,-6.893991],[107.537474,-6.893972],[107.537458,-6.893967],[107.537416,-6.893946],[107.537393,-6.893934],[107.537353,-6.894014],[107.537289,-6.894143],[107.537286,-6.894149],[107.537068,-6.894588],[107.536768,-6.894621],[107.536763,-6.894622],[107.536661,-6.894634],[107.536619,-6.894638],[107.536612,-6.894639],[107.53658,-6.894643],[107.536579,-6.894695],[107.536579,-6.894741],[107.536576,-6.895003],[107.536576,-6.895083],[107.536574,-6.895227],[107.536572,-6.895408],[107.536572,-6.895491],[107.53657,-6.895622],[107.536568,-6.895894],[107.536567,-6.895941],[107.536566,-6.896057],[107.536566,-6.896085],[107.536567,-6.896266],[107.536562,-6.896364],[107.536561,-6.896369],[107.536555,-6.896483],[107.536548,-6.896615],[107.536534,-6.896876],[107.536532,-6.896916],[107.536529,-6.896977],[107.536519,-6.897168],[107.536522,-6.89743],[107.536523,-6.897518],[107.536526,-6.897741],[107.536533,-6.897879],[107.536538,-6.897995],[107.536541,-6.898058],[107.536546,-6.898157],[107.536548,-6.898211],[107.536549,-6.898258],[107.53655,-6.898304],[107.536541,-6.89844],[107.536534,-6.898537],[107.536531,-6.89857],[107.536527,-6.89861],[107.536519,-6.898693],[107.536508,-6.898808],[107.5365,-6.898851],[107.536498,-6.898861],[107.536483,-6.898934],[107.536469,-6.899],[107.536466,-6.899011],[107.536465,-6.899015],[107.536443,-6.899121],[107.53642,-6.899234],[107.536412,-6.899271],[107.536393,-6.899349],[107.536388,-6.899366],[107.536369,-6.899469],[107.53636,-6.899513],[107.536359,-6.899519],[107.536337,-6.899618],[107.536334,-6.899632],[107.536334,-6.899633],[107.536332,-6.899641],[107.53633,-6.899651],[107.536327,-6.899662],[107.536317,-6.899707],[107.536295,-6.899804],[107.536284,-6.89985],[107.536265,-6.899933],[107.536236,-6.900054],[107.536231,-6.900075],[107.536231,-6.900077],[107.536226,-6.900098],[107.536204,-6.90018],[107.536179,-6.900257],[107.536171,-6.90028],[107.536138,-6.900383],[107.536124,-6.900415],[107.536102,-6.900468],[107.536096,-6.900481],[107.536083,-6.900506],[107.536019,-6.900631],[107.536013,-6.900643],[107.536002,-6.900663],[107.535961,-6.90074],[107.535908,-6.900829],[107.535877,-6.90088],[107.53578,-6.901041],[107.535774,-6.901052],[107.535772,-6.901054],[107.535747,-6.901099],[107.535692,-6.901199],[107.53568,-6.90122],[107.535601,-6.901336],[107.535518,-6.901458],[107.535514,-6.901466],[107.535484,-6.901528],[107.535437,-6.901625],[107.535394,-6.901713],[107.535393,-6.901716],[107.53538,-6.901737],[107.535345,-6.901796],[107.535304,-6.901866],[107.535252,-6.901953],[107.535231,-6.901994],[107.535205,-6.902046],[107.535135,-6.902181],[107.535111,-6.902228],[107.535104,-6.902243],[107.535074,-6.902301],[107.535064,-6.902329],[107.535052,-6.902367],[107.535037,-6.90242],[107.535035,-6.902426],[107.535014,-6.902497],[107.535008,-6.902515],[107.534987,-6.902572],[107.534985,-6.902579],[107.534939,-6.902709],[107.53493,-6.902734],[107.53493,-6.902735],[107.534922,-6.902732],[107.53482,-6.902692],[107.534784,-6.902677],[107.534744,-6.902662],[107.534704,-6.902646],[107.534702,-6.902645],[107.534687,-6.902678],[107.53466,-6.902739],[107.534646,-6.90277],[107.534646,-6.902771],[107.534614,-6.902759],[107.534612,-6.902758],[107.534555,-6.902847],[107.53452,-6.902902],[107.534484,-6.902968],[107.534469,-6.902996],[107.534464,-6.903],[107.534463,-6.903],[107.534461,-6.903002],[107.534449,-6.903009],[107.534448,-6.90301],[107.534446,-6.903011],[107.534431,-6.903022],[107.534426,-6.903024],[107.534413,-6.903033],[107.534411,-6.903035],[107.534399,-6.903042],[107.534395,-6.903045],[107.534392,-6.903047],[107.534382,-6.903054],[107.534381,-6.903054],[107.534374,-6.903059],[107.534369,-6.903062],[107.534359,-6.903069],[107.534354,-6.903072],[107.534339,-6.903082],[107.534332,-6.903087],[107.534322,-6.903094],[107.53432,-6.903095],[107.53431,-6.903102],[107.534306,-6.903104],[107.5343,-6.903109],[107.534296,-6.903112],[107.534278,-6.903124],[107.534239,-6.903151],[107.534231,-6.903157],[107.534232,-6.903166],[107.534235,-6.903202],[107.534236,-6.903215],[107.534239,-6.903242],[107.534238,-6.903259],[107.534237,-6.903285],[107.534237,-6.903287],[107.534236,-6.903305],[107.534236,-6.903306],[107.534235,-6.903331],[107.534233,-6.90337],[107.534229,-6.903462],[107.534225,-6.903474],[107.534212,-6.903525],[107.53421,-6.90353],[107.534181,-6.903584],[107.534159,-6.903627],[107.534138,-6.90367],[107.534098,-6.903749],[107.534088,-6.903767],[107.534063,-6.903813],[107.534045,-6.903843],[107.534039,-6.903852],[107.534032,-6.903865],[107.533987,-6.903937],[107.533966,-6.903971],[107.533939,-6.904016],[107.533935,-6.904022],[107.533933,-6.904027],[107.533926,-6.904039],[107.533915,-6.90406],[107.533909,-6.904072],[107.533899,-6.904086],[107.533885,-6.904106],[107.533867,-6.904134],[107.533864,-6.904138],[107.533843,-6.904169],[107.533831,-6.904186],[107.533827,-6.904192],[107.533819,-6.904207],[107.533809,-6.904229],[107.533799,-6.904248],[107.533791,-6.904265],[107.533779,-6.904288],[107.533772,-6.904302],[107.533767,-6.904313],[107.533739,-6.904369],[107.533726,-6.904396],[107.533719,-6.904411],[107.533716,-6.904417],[107.533713,-6.904422],[107.533709,-6.90443],[107.533705,-6.90444],[107.533704,-6.904441],[107.533693,-6.904472],[107.533687,-6.90449],[107.533686,-6.904494],[107.533664,-6.904555],[107.533649,-6.904586],[107.533637,-6.904614],[107.533632,-6.904624],[107.53359,-6.904679],[107.533565,-6.904714],[107.533541,-6.904746],[107.5335,-6.904796],[107.533488,-6.90481],[107.533467,-6.904835],[107.533466,-6.904836],[107.533447,-6.904868],[107.533423,-6.904908],[107.533391,-6.904962],[107.533383,-6.904975],[107.533354,-6.905024],[107.53334,-6.905047],[107.53334,-6.905048],[107.533328,-6.905067],[107.533301,-6.905125],[107.533277,-6.905178],[107.533274,-6.905183],[107.53327,-6.905193],[107.533267,-6.905198],[107.533266,-6.905201],[107.533262,-6.905207],[107.533261,-6.905208],[107.533251,-6.905224],[107.533247,-6.90523],[107.533242,-6.905237],[107.533239,-6.905241],[107.533239,-6.905242],[107.533235,-6.905248],[107.533226,-6.905262],[107.533225,-6.905263],[107.533225,-6.905264],[107.533217,-6.905275],[107.533205,-6.905293],[107.533154,-6.905374],[107.533139,-6.905399],[107.533106,-6.905455],[107.533094,-6.905487],[107.533089,-6.905501],[107.533087,-6.905505],[107.533074,-6.905539],[107.533052,-6.905602],[107.532989,-6.905702],[107.532952,-6.905747],[107.532949,-6.90575],[107.53294,-6.905762],[107.532901,-6.905815],[107.532888,-6.905833],[107.532831,-6.905957],[107.532828,-6.905964],[107.53279,-6.906044],[107.532778,-6.906064],[107.532754,-6.906105],[107.532735,-6.906128],[107.532685,-6.90619],[107.532634,-6.906253],[107.532575,-6.906341],[107.532569,-6.906349],[107.532508,-6.906427],[107.5325,-6.906436],[107.53248,-6.906462],[107.532461,-6.906533],[107.53244,-6.90661],[107.532437,-6.906623],[107.532403,-6.906721],[107.532402,-6.906724],[107.532397,-6.906738],[107.532355,-6.906782],[107.532302,-6.906817],[107.53227,-6.906838],[107.532199,-6.906909],[107.532184,-6.906943],[107.532181,-6.90695],[107.532169,-6.906977],[107.532168,-6.906979],[107.532105,-6.907224],[107.532079,-6.907283],[107.532063,-6.9073],[107.532004,-6.907362],[107.532001,-6.907365],[107.531954,-6.907409],[107.531943,-6.90742],[107.53193,-6.907454],[107.531898,-6.907535],[107.53187,-6.907627],[107.531868,-6.907634],[107.531867,-6.907636],[107.531846,-6.907683],[107.531828,-6.907722],[107.531819,-6.907742],[107.531817,-6.907746],[107.531801,-6.907751],[107.531791,-6.907755],[107.53178,-6.907759],[107.531777,-6.90776],[107.531767,-6.907764],[107.53176,-6.907767],[107.531715,-6.907773],[107.53169,-6.907776],[107.53167,-6.907779],[107.531653,-6.907781],[107.53165,-6.907781],[107.531631,-6.907779],[107.531626,-6.907778],[107.531557,-6.907772],[107.531497,-6.907767],[107.531495,-6.907766],[107.53148,-6.907772],[107.531472,-6.907774],[107.531471,-6.907777],[107.531469,-6.907781],[107.53145,-6.907816],[107.531458,-6.907874],[107.531462,-6.907904],[107.531466,-6.907929],[107.531466,-6.908009],[107.531447,-6.908069],[107.531444,-6.908109],[107.53144,-6.908153]]]}},{"type":"Feature","properties":{"wilayah_id":2,"kelurahan":"Cibeureum","kecamatan":"Cimahi Selatan","jumlah_rw":29},"geometry":{"type":"Polygon","coordinates":[[[107.549612,-6.915376],[107.549637,-6.915404],[107.549716,-6.915444],[107.549773,-6.915472],[107.549984,-6.915573],[107.550349,-6.915738],[107.550452,-6.915786],[107.550904,-6.916056],[107.551205,-6.916183],[107.551282,-6.916232],[107.551331,-6.916255],[107.551393,-6.916321],[107.551381,-6.916428],[107.551378,-6.916442],[107.551333,-6.91666],[107.551303,-6.916971],[107.551309,-6.91703],[107.551454,-6.91704],[107.551456,-6.917034],[107.55148,-6.91693],[107.551488,-6.916914],[107.551544,-6.916867],[107.551608,-6.91685],[107.551646,-6.916857],[107.55173,-6.916876],[107.551883,-6.91692],[107.551941,-6.916889],[107.552069,-6.916788],[107.552113,-6.916748],[107.552252,-6.916623],[107.552354,-6.916483],[107.552413,-6.916322],[107.552438,-6.916215],[107.55244,-6.916213],[107.552439,-6.916209],[107.552502,-6.916037],[107.552534,-6.915982],[107.552536,-6.915975],[107.552581,-6.915871],[107.552609,-6.9158],[107.552633,-6.915739],[107.552636,-6.915734],[107.55266,-6.915703],[107.552671,-6.915695],[107.552677,-6.91569],[107.552678,-6.915689],[107.552701,-6.915673],[107.552743,-6.915625],[107.552766,-6.915613],[107.552773,-6.915605],[107.552789,-6.915571],[107.552852,-6.915485],[107.552931,-6.915389],[107.552961,-6.915344],[107.552965,-6.915332],[107.553025,-6.915165],[107.553023,-6.915119],[107.553027,-6.915061],[107.553028,-6.915054],[107.553046,-6.914975],[107.553072,-6.914931],[107.553084,-6.914889],[107.553087,-6.914879],[107.553101,-6.914808],[107.55309,-6.914761],[107.553065,-6.914692],[107.553013,-6.914629],[107.552971,-6.914581],[107.552949,-6.914541],[107.552948,-6.914502],[107.552978,-6.914442],[107.553011,-6.914372],[107.553036,-6.914327],[107.553058,-6.914315],[107.553078,-6.914322],[107.553196,-6.914416],[107.553232,-6.914427],[107.553242,-6.9144],[107.553255,-6.914391],[107.55328,-6.9143],[107.553286,-6.914249],[107.553303,-6.914191],[107.553315,-6.914186],[107.553364,-6.91414],[107.553443,-6.91409],[107.553473,-6.914063],[107.553568,-6.913991],[107.553654,-6.914005],[107.553949,-6.914079],[107.553953,-6.91408],[107.553969,-6.914085],[107.555029,-6.914414],[107.555774,-6.913352],[107.556056,-6.913481],[107.556134,-6.913517],[107.556249,-6.913563],[107.556358,-6.913623],[107.556438,-6.913666],[107.556467,-6.91369],[107.556564,-6.913723],[107.556647,-6.913764],[107.556749,-6.913802],[107.556886,-6.913853],[107.556998,-6.91387],[107.557006,-6.913873],[107.557122,-6.913914],[107.557183,-6.913931],[107.557297,-6.913987],[107.557441,-6.914105],[107.557449,-6.914128],[107.55745,-6.914132],[107.55744,-6.914152],[107.557353,-6.914401],[107.557347,-6.914419],[107.557432,-6.914455],[107.557523,-6.914494],[107.557618,-6.914535],[107.557932,-6.914671],[107.558258,-6.914825],[107.558263,-6.914817],[107.558642,-6.914197],[107.558982,-6.913749],[107.559366,-6.913951],[107.559565,-6.914077],[107.559602,-6.914093],[107.559643,-6.91405],[107.559967,-6.914269],[107.559935,-6.914323],[107.559932,-6.914327],[107.559809,-6.91453],[107.559866,-6.914579],[107.55962,-6.914897],[107.559473,-6.915087],[107.559368,-6.915222],[107.559004,-6.915711],[107.559201,-6.915868],[107.560159,-6.916628],[107.561231,-6.917479],[107.561419,-6.917628],[107.561507,-6.917484],[107.561755,-6.916976],[107.561964,-6.916709],[107.562194,-6.916507],[107.562313,-6.916276],[107.56246,-6.91599],[107.562457,-6.91597],[107.562494,-6.915853],[107.562604,-6.915718],[107.562711,-6.915567],[107.562845,-6.915437],[107.562911,-6.915369],[107.563072,-6.915204],[107.563236,-6.914907],[107.563375,-6.914657],[107.563388,-6.91458],[107.563407,-6.913875],[107.563408,-6.91386],[107.563434,-6.912951],[107.563421,-6.912918],[107.563429,-6.912743],[107.563433,-6.912683],[107.563429,-6.912586],[107.563428,-6.912557],[107.563423,-6.91255],[107.563425,-6.91254],[107.563419,-6.912478],[107.563459,-6.912018],[107.563477,-6.911885],[107.563474,-6.911756],[107.563487,-6.911644],[107.563487,-6.911642],[107.56348712437573,-6.911641004994237],[107.563614,-6.911667],[107.563683,-6.911666],[107.563749,-6.911675],[107.5638,-6.911693],[107.563873,-6.911723],[107.563947,-6.911754],[107.56395,-6.911755],[107.563998,-6.911798],[107.564022,-6.911814],[107.564064,-6.911841],[107.56415,-6.91189],[107.564174,-6.9119],[107.564229,-6.911921],[107.564281,-6.911942],[107.56437,-6.91198],[107.56437,-6.911982],[107.564372,-6.911983],[107.564435,-6.912002],[107.564526,-6.912034],[107.564558,-6.912045],[107.564671,-6.912097],[107.564792,-6.912134],[107.564968,-6.912193],[107.565007,-6.912203],[107.565024,-6.912207],[107.565172,-6.912244],[107.565223,-6.912237],[107.565332,-6.912186],[107.565448,-6.912112],[107.565472,-6.912104],[107.565553,-6.912078],[107.565594,-6.912101],[107.565637,-6.912169],[107.565652,-6.91218],[107.565677,-6.912163],[107.565707,-6.912143],[107.565757,-6.912116],[107.566313,-6.912068],[107.566338,-6.912067],[107.566471,-6.912103],[107.566603,-6.912102],[107.566837,-6.911965],[107.566936,-6.911811],[107.567116,-6.911566],[107.567313,-6.911394],[107.567407,-6.911312],[107.567508,-6.911148],[107.567584,-6.911022],[107.567645,-6.911003],[107.567803,-6.911029],[107.567898,-6.911084],[107.567924,-6.911099],[107.567958,-6.911119],[107.567969,-6.911131],[107.568085,-6.911263],[107.568194,-6.911335],[107.568222,-6.911339],[107.568301,-6.911352],[107.568322,-6.911316],[107.568412,-6.911135],[107.568513,-6.910957],[107.568681,-6.910663],[107.568725,-6.910545],[107.568869,-6.910427],[107.568968,-6.910365],[107.568972,-6.910362],[107.568859,-6.910178],[107.568832,-6.91013],[107.568772,-6.910027],[107.568616,-6.909755],[107.568397,-6.909405],[107.568297,-6.90924],[107.56817,-6.909024],[107.568079,-6.90888],[107.567944,-6.908636],[107.567773,-6.908369],[107.567704,-6.908271],[107.567693,-6.908252],[107.567381,-6.907716],[107.567375,-6.907706],[107.567005,-6.907109],[107.56686,-6.906851],[107.566777,-6.906731],[107.566651,-6.906549],[107.566619,-6.906503],[107.566569,-6.906392],[107.566555,-6.906361],[107.566458,-6.906203],[107.566361,-6.906051],[107.566216,-6.905826],[107.566103,-6.905625],[107.56581,-6.905124],[107.565798,-6.905104],[107.565777,-6.905068],[107.565681,-6.904932],[107.565375,-6.904428],[107.565138,-6.904036],[107.565073,-6.903923],[107.565011,-6.903815],[107.564983,-6.903766],[107.564884,-6.903591],[107.564857,-6.903543],[107.564832,-6.903504],[107.564794,-6.903453],[107.564777,-6.90343],[107.564746,-6.903387],[107.564566,-6.903072],[107.564427,-6.902828],[107.564108,-6.90227],[107.564064,-6.902193],[107.563759,-6.901691],[107.563631,-6.901499],[107.563588,-6.90143],[107.56343,-6.90118],[107.563337,-6.901032],[107.563285,-6.90095],[107.563215,-6.900841],[107.562854,-6.9002],[107.562771,-6.900076],[107.562529,-6.899693],[107.562285,-6.899304],[107.562181,-6.899138],[107.562105,-6.899018],[107.561839,-6.898595],[107.561774,-6.898464],[107.561626,-6.898221],[107.561434,-6.897905],[107.560993,-6.89719],[107.560826,-6.89692],[107.560765,-6.896821],[107.560642,-6.896621],[107.560591,-6.896531],[107.560536,-6.896434],[107.560468,-6.896468],[107.560453,-6.896476],[107.560295,-6.896557],[107.560163,-6.896605],[107.560146,-6.896611],[107.56,-6.896664],[107.559774,-6.896745],[107.559736,-6.896759],[107.558814,-6.897023],[107.558809,-6.897024],[107.558525,-6.897114],[107.558484,-6.897126],[107.55848,-6.897128],[107.558388,-6.897163],[107.558395,-6.897172],[107.558398,-6.897176],[107.558401,-6.897181],[107.558415,-6.897199],[107.55873,-6.897619],[107.55872,-6.897649],[107.558712,-6.897674],[107.558698,-6.897719],[107.55866,-6.897835],[107.558538,-6.898283],[107.558535,-6.898293],[107.558533,-6.8983],[107.558443,-6.898537],[107.558185,-6.899226],[107.55804,-6.899613],[107.557876,-6.899555],[107.557844,-6.899544],[107.557655,-6.899478],[107.557626,-6.899468],[107.557626,-6.899469],[107.557598,-6.899554],[107.557575,-6.899643],[107.557557,-6.899756],[107.557553,-6.89978],[107.557548,-6.899779],[107.557542,-6.899777],[107.557463,-6.89975],[107.557336,-6.899707],[107.557247,-6.899678],[107.557209,-6.899804],[107.557187,-6.899874],[107.557154,-6.899941],[107.557146,-6.899956],[107.55714,-6.899968],[107.557099,-6.900123],[107.557018,-6.900183],[107.557015,-6.900185],[107.557007,-6.900195],[107.556964,-6.900255],[107.556906,-6.900299],[107.556902,-6.900304],[107.556897,-6.900313],[107.556854,-6.900382],[107.556845,-6.900425],[107.556836,-6.900462],[107.556819,-6.900554],[107.556817,-6.900566],[107.556812,-6.900592],[107.556789,-6.900621],[107.556752,-6.900667],[107.556723,-6.900702],[107.556693,-6.90074],[107.556652,-6.900791],[107.556634,-6.90084],[107.556625,-6.900879],[107.556614,-6.900914],[107.556611,-6.900926],[107.556517,-6.901025],[107.55649,-6.901053],[107.556483,-6.901061],[107.556427,-6.901119],[107.556391,-6.901155],[107.556385,-6.901162],[107.556257,-6.901203],[107.556154,-6.901207],[107.55612,-6.901207],[107.556055,-6.901269],[107.556025,-6.901297],[107.555952,-6.901448],[107.555947,-6.901454],[107.55592,-6.901488],[107.555871,-6.901549],[107.555719,-6.901598],[107.555654,-6.90162],[107.555616,-6.901646],[107.555542,-6.90173],[107.555537,-6.901736],[107.555501,-6.90178],[107.555444,-6.90185],[107.555423,-6.901873],[107.555405,-6.901892],[107.555403,-6.901941],[107.555402,-6.901973],[107.555438,-6.902027],[107.555508,-6.902083],[107.555547,-6.902151],[107.555538,-6.902205],[107.555527,-6.902274],[107.555464,-6.902357],[107.555458,-6.902364],[107.555381,-6.902526],[107.555323,-6.902671],[107.555319,-6.902679],[107.555287,-6.902778],[107.555258,-6.90287],[107.555234,-6.902899],[107.555174,-6.902972],[107.555121,-6.902963],[107.555079,-6.902955],[107.55505,-6.902943],[107.555031,-6.902935],[107.555006,-6.902891],[107.554992,-6.90287],[107.554969,-6.902836],[107.554964,-6.902834],[107.554925,-6.902819],[107.554843,-6.902842],[107.554801,-6.902869],[107.554753,-6.902934],[107.554708,-6.903025],[107.554677,-6.90308],[107.554652,-6.903135],[107.554621,-6.903197],[107.554609,-6.903222],[107.554506,-6.903294],[107.55441,-6.903318],[107.55438,-6.903343],[107.554366,-6.903354],[107.55432,-6.903364],[107.554306,-6.903367],[107.554277,-6.903371],[107.554212,-6.903381],[107.554193,-6.903392],[107.554167,-6.903406],[107.554133,-6.90347],[107.554117,-6.903499],[107.554083,-6.903555],[107.55406,-6.903592],[107.554037,-6.903642],[107.553983,-6.90376],[107.553944,-6.903792],[107.553916,-6.903815],[107.553838,-6.903836],[107.553809,-6.903844],[107.55367,-6.903878],[107.553589,-6.903897],[107.553538,-6.903911],[107.553422,-6.903943],[107.553364,-6.903962],[107.553303,-6.903983],[107.553251,-6.904065],[107.553189,-6.904163],[107.553135,-6.90427],[107.553116,-6.904353],[107.553107,-6.904396],[107.553103,-6.904422],[107.553093,-6.904482],[107.553094,-6.904527],[107.553095,-6.904563],[107.553095,-6.90457],[107.553101,-6.904627],[107.553125,-6.904725],[107.553145,-6.904752],[107.553169,-6.904785],[107.553176,-6.904794],[107.553176,-6.904795],[107.553234,-6.904839],[107.55327,-6.904887],[107.55327,-6.904918],[107.553225,-6.904959],[107.553151,-6.905036],[107.55312,-6.905065],[107.553111,-6.905105],[107.553147,-6.905215],[107.553191,-6.90532],[107.553182,-6.905378],[107.553144,-6.905426],[107.553094,-6.905507],[107.553065,-6.905577],[107.553066,-6.905641],[107.55308,-6.905691],[107.553124,-6.905765],[107.553146,-6.905849],[107.553151,-6.905904],[107.553149,-6.906021],[107.553133,-6.906122],[107.553083,-6.906261],[107.553038,-6.906325],[107.552977,-6.906431],[107.552908,-6.906505],[107.552846,-6.906561],[107.552815,-6.906621],[107.552801,-6.9067],[107.55278,-6.906781],[107.552759,-6.906829],[107.552716,-6.906877],[107.552656,-6.906899],[107.55257,-6.906954],[107.552535,-6.907048],[107.552492,-6.90711],[107.552442,-6.907164],[107.552426,-6.907182],[107.552415,-6.9072],[107.55238,-6.907262],[107.552357,-6.907302],[107.552354,-6.907309],[107.552317,-6.907405],[107.552284,-6.907511],[107.552277,-6.907568],[107.552228,-6.907728],[107.552171,-6.907889],[107.552129,-6.908004],[107.552072,-6.9081],[107.552015,-6.908182],[107.551965,-6.90827],[107.55191,-6.908364],[107.551908,-6.90837],[107.551895,-6.908404],[107.551885,-6.908428],[107.55187,-6.908467],[107.551842,-6.908548],[107.55178,-6.90863],[107.551682,-6.908669],[107.55156,-6.908691],[107.55141,-6.908742],[107.5513,-6.908794],[107.551293,-6.908798],[107.551214,-6.908846],[107.551188,-6.908887],[107.551162,-6.908954],[107.55112,-6.909042],[107.551094,-6.909138],[107.550989,-6.909239],[107.550877,-6.909338],[107.550817,-6.909408],[107.550813,-6.909412],[107.550805,-6.90943],[107.550787,-6.909467],[107.550773,-6.909498],[107.550754,-6.909597],[107.550728,-6.909666],[107.550686,-6.909733],[107.550678,-6.909745],[107.550655,-6.909779],[107.550626,-6.909822],[107.550624,-6.909826],[107.550555,-6.909983],[107.550554,-6.909994],[107.550546,-6.910054],[107.550556,-6.910119],[107.550587,-6.91021],[107.55059,-6.910215],[107.55065,-6.910346],[107.550694,-6.91047],[107.550699,-6.910534],[107.550695,-6.910604],[107.550705,-6.910666],[107.550707,-6.91068],[107.550734,-6.910819],[107.550758,-6.91094],[107.550759,-6.910943],[107.550764,-6.910998],[107.550769,-6.911043],[107.55075,-6.911115],[107.550712,-6.911213],[107.550679,-6.911283],[107.550651,-6.911336],[107.550626,-6.91138],[107.550596,-6.911434],[107.550604,-6.911506],[107.550616,-6.911568],[107.550617,-6.911647],[107.55061,-6.911697],[107.550622,-6.91174],[107.550608,-6.911807],[107.550584,-6.911886],[107.550549,-6.911936],[107.550504,-6.912011],[107.550504,-6.912054],[107.550514,-6.912075],[107.55054,-6.912135],[107.550558,-6.912218],[107.550541,-6.912252],[107.550484,-6.912298],[107.550456,-6.912331],[107.550432,-6.91236],[107.550408,-6.91243],[107.550384,-6.912513],[107.550371,-6.912693],[107.550341,-6.912839],[107.550318,-6.91297],[107.550306,-6.913052],[107.550273,-6.913217],[107.550264,-6.91326],[107.550231,-6.913365],[107.550212,-6.913449],[107.550211,-6.913569],[107.550218,-6.913644],[107.550223,-6.913705],[107.550173,-6.913799],[107.550159,-6.913825],[107.550122,-6.913909],[107.550084,-6.914007],[107.54998,-6.914321],[107.549975,-6.91434],[107.54995,-6.914429],[107.549933,-6.914486],[107.549891,-6.914632],[107.549844,-6.914762],[107.549794,-6.914889],[107.54971,-6.915107],[107.549707,-6.915114],[107.549706,-6.915117],[107.549681,-6.91521],[107.549612,-6.915376]]]}},{"type":"Feature","properties":{"wilayah_id":1,"kelurahan":"Melong","kecamatan":"Cimahi Selatan","jumlah_rw":36},"geometry":{"type":"Polygon","coordinates":[[[107.543841,-6.91896],[107.543905,-6.919384],[107.543962,-6.919675],[107.544003,-6.919889],[107.54423,-6.921342],[107.544487,-6.922382],[107.544492,-6.922403],[107.544524,-6.922574],[107.544538,-6.922644],[107.544607,-6.922981],[107.544659,-6.923272],[107.544694,-6.923463],[107.544715,-6.92358],[107.544798,-6.924144],[107.544805,-6.924194],[107.544839,-6.924399],[107.544846,-6.924443],[107.544915,-6.924822],[107.54494,-6.924939],[107.544986,-6.925155],[107.545034,-6.925341],[107.545051,-6.925397],[107.545059,-6.925424],[107.545084,-6.925505],[107.545115,-6.925603],[107.545191,-6.925846],[107.545248,-6.926026],[107.545386,-6.926436],[107.54542,-6.926503],[107.54549,-6.92664],[107.545546,-6.926755],[107.545689,-6.92648],[107.545944,-6.926561],[107.546047,-6.926375],[107.546115,-6.926379],[107.546133,-6.926478],[107.546183,-6.926749],[107.546194,-6.926803],[107.546354,-6.926796],[107.546743,-6.926743],[107.546922,-6.926775],[107.54715,-6.926778],[107.547974,-6.926985],[107.548064,-6.927007],[107.548574,-6.927135],[107.549379,-6.927336],[107.549388,-6.927274],[107.549406,-6.927229],[107.549439,-6.92719],[107.549475,-6.927179],[107.549533,-6.927163],[107.549553,-6.927158],[107.549564,-6.927155],[107.549657,-6.927133],[107.549689,-6.927125],[107.549787,-6.927101],[107.549837,-6.927065],[107.549865,-6.927045],[107.549897,-6.927021],[107.549936,-6.926949],[107.549965,-6.92686],[107.549983,-6.926765],[107.549998,-6.926682],[107.550016,-6.926613],[107.550046,-6.926548],[107.550093,-6.926459],[107.55015,-6.926393],[107.550174,-6.926357],[107.550175,-6.926355],[107.550192,-6.926362],[107.55025,-6.926389],[107.550353,-6.926419],[107.550366,-6.926423],[107.550482,-6.926462],[107.55051,-6.926472],[107.550514,-6.926473],[107.550556,-6.926484],[107.550671,-6.926515],[107.550701,-6.92652],[107.550747,-6.926528],[107.550753,-6.926529],[107.550835,-6.926554],[107.550846,-6.926529],[107.551006,-6.926586],[107.551114,-6.926624],[107.551182,-6.926648],[107.551245,-6.926668],[107.551529,-6.926757],[107.551304,-6.927531],[107.551652,-6.927622],[107.551819,-6.92768],[107.551822,-6.927668],[107.55185,-6.927554],[107.55203,-6.926988],[107.552034,-6.926978],[107.55227,-6.927054],[107.552618,-6.927134],[107.552598,-6.927187],[107.552601,-6.927292],[107.55261,-6.927372],[107.552639,-6.927458],[107.552681,-6.927586],[107.552734,-6.927693],[107.552767,-6.927744],[107.552785,-6.927773],[107.552764,-6.927845],[107.553151,-6.927988],[107.553662,-6.928178],[107.553555,-6.928499],[107.553775,-6.928573],[107.554204,-6.92874],[107.554272,-6.928752],[107.554329,-6.928761],[107.554403,-6.928755],[107.55446,-6.928737],[107.55462,-6.92861],[107.554821,-6.928842],[107.555018,-6.928938],[107.555114,-6.928962],[107.555278,-6.929018],[107.555351,-6.929043],[107.555384,-6.92906],[107.55544,-6.929088],[107.555615,-6.929194],[107.555693,-6.929242],[107.555747,-6.929274],[107.555824,-6.929321],[107.555832,-6.929326],[107.555935,-6.92913],[107.556018,-6.928954],[107.556084,-6.928842],[107.55613,-6.928765],[107.556139,-6.928749],[107.556147,-6.928754],[107.556407,-6.928914],[107.55643,-6.928928],[107.556786,-6.929141],[107.556927,-6.929214],[107.556969,-6.929235],[107.557127,-6.929316],[107.55713,-6.929318],[107.557338,-6.929423],[107.557551,-6.929534],[107.557631,-6.929579],[107.557709,-6.929625],[107.557735,-6.929641],[107.557819,-6.929691],[107.557851,-6.929636],[107.557958,-6.929338],[107.557985,-6.929263],[107.558036,-6.92912],[107.558036,-6.928948],[107.558092,-6.928731],[107.558196,-6.928577],[107.558276,-6.928387],[107.558264,-6.928351],[107.558248,-6.928297],[107.558121,-6.927936],[107.55812,-6.92789],[107.558119,-6.927784],[107.558118,-6.927719],[107.558116,-6.927538],[107.558038,-6.927394],[107.558009,-6.927333],[107.557952,-6.927214],[107.55796,-6.927157],[107.557978,-6.927034],[107.557978,-6.927033],[107.558008,-6.926835],[107.558015,-6.926786],[107.558044,-6.926598],[107.558061,-6.92649],[107.558059,-6.926485],[107.558056,-6.926479],[107.558028,-6.926417],[107.557998,-6.926351],[107.557988,-6.926328],[107.558034,-6.925978],[107.558146,-6.925982],[107.558416,-6.92599],[107.558632,-6.925996],[107.558657,-6.925997],[107.558649,-6.926177],[107.558635,-6.926481],[107.558688,-6.926484],[107.558717,-6.926486],[107.559046,-6.926505],[107.559313,-6.926521],[107.559354,-6.926523],[107.559345,-6.926741],[107.559343,-6.926801],[107.559343,-6.926802],[107.559341,-6.926836],[107.55937,-6.926837],[107.559585,-6.926844],[107.559577,-6.926962],[107.559567,-6.92713],[107.559566,-6.92714],[107.55956,-6.927428],[107.559559,-6.927454],[107.559594,-6.927455],[107.560235,-6.927476],[107.560311,-6.927478],[107.560452,-6.927475],[107.560474,-6.927474],[107.560512,-6.927474],[107.560539,-6.927473],[107.560351,-6.927941],[107.56034,-6.927969],[107.560226,-6.928192],[107.560224,-6.928196],[107.560092,-6.928345],[107.56,-6.92845],[107.559927,-6.928559],[107.5599,-6.928884],[107.559873,-6.929065],[107.559839,-6.929274],[107.559786,-6.929358],[107.559773,-6.92938],[107.559771,-6.929383],[107.559648,-6.929383],[107.55963,-6.92941],[107.559616,-6.92943],[107.559505,-6.929591],[107.559459,-6.929666],[107.559451,-6.929679],[107.55936,-6.929827],[107.559295,-6.929945],[107.559012,-6.930456],[107.558979,-6.930516],[107.558971,-6.930547],[107.558971,-6.930549],[107.558956,-6.930606],[107.558987,-6.93066],[107.559058,-6.930705],[107.559115,-6.930741],[107.559151,-6.930795],[107.559138,-6.930826],[107.559136,-6.930831],[107.559196,-6.930874],[107.559244,-6.930909],[107.559341,-6.93098],[107.559422,-6.931039],[107.55951,-6.931103],[107.559727,-6.931185],[107.559796,-6.931217],[107.559922,-6.931254],[107.560084,-6.931302],[107.560299,-6.931384],[107.560519,-6.931468],[107.560633,-6.931511],[107.560996,-6.93165],[107.561293,-6.931766],[107.561659,-6.931906],[107.561795,-6.931961],[107.56186,-6.931987],[107.561861,-6.931987],[107.561869,-6.93199],[107.56188,-6.931993],[107.562091,-6.932057],[107.562258,-6.932094],[107.562644,-6.932186],[107.562826,-6.93223],[107.563129,-6.932302],[107.563447,-6.932447],[107.563483,-6.932472],[107.56391,-6.932775],[107.563992,-6.932833],[107.564061,-6.932873],[107.564153,-6.932868],[107.564228,-6.932808],[107.564239,-6.932788],[107.564287,-6.932696],[107.564315,-6.932622],[107.564333,-6.932575],[107.564353,-6.932542],[107.564493,-6.932307],[107.564512,-6.932276],[107.564526,-6.932265],[107.564499,-6.93213],[107.564498,-6.932122],[107.564461,-6.931788],[107.564491,-6.931644],[107.564728,-6.931041],[107.564888,-6.930657],[107.565082,-6.930177],[107.565094,-6.930147],[107.565227,-6.929662],[107.5649,-6.929582],[107.564696,-6.929504],[107.564396,-6.929388],[107.564323,-6.929338],[107.564134,-6.929212],[107.564,-6.929043],[107.563942,-6.92897],[107.563876,-6.928863],[107.563841,-6.928806],[107.563837,-6.928805],[107.563682,-6.928749],[107.563366,-6.928635],[107.563096,-6.928229],[107.562859,-6.927873],[107.562838,-6.927841],[107.562838,-6.927803],[107.562837,-6.927691],[107.562837,-6.927639],[107.562776,-6.92745],[107.562757,-6.927388],[107.562738,-6.927324],[107.562759,-6.927191],[107.562763,-6.927167],[107.562763,-6.927165],[107.562764,-6.927161],[107.562769,-6.927144],[107.562924,-6.926573],[107.56297,-6.926404],[107.563015,-6.926238],[107.563047,-6.926134],[107.563079,-6.926029],[107.563191,-6.925876],[107.563205,-6.925857],[107.563243,-6.925828],[107.563367,-6.92573],[107.563404,-6.925708],[107.563568,-6.925839],[107.563646,-6.925828],[107.563702,-6.925755],[107.563838,-6.925583],[107.563841,-6.925582],[107.56385,-6.925573],[107.563978,-6.925446],[107.564127,-6.925292],[107.564327,-6.925092],[107.564402,-6.92501],[107.564947,-6.924555],[107.565016,-6.924479],[107.565053,-6.924418],[107.565047,-6.924359],[107.565002,-6.924211],[107.564933,-6.924047],[107.564905,-6.923959],[107.564899,-6.923844],[107.564899,-6.92383],[107.564901,-6.923709],[107.564899,-6.923668],[107.564895,-6.923592],[107.564889,-6.923483],[107.564859,-6.923178],[107.564864,-6.922961],[107.564868,-6.922827],[107.564868,-6.922824],[107.564856,-6.922681],[107.564844,-6.922584],[107.564836,-6.922521],[107.564816,-6.922361],[107.564806,-6.922267],[107.564804,-6.922254],[107.564787,-6.922168],[107.564784,-6.922153],[107.564716,-6.921882],[107.564681,-6.9218],[107.564673,-6.921782],[107.564681,-6.921686],[107.564696,-6.921629],[107.56471,-6.921572],[107.564708,-6.921494],[107.564706,-6.921439],[107.56472,-6.921353],[107.564721,-6.921349],[107.564735,-6.921265],[107.564762,-6.921038],[107.564764,-6.921027],[107.564789,-6.920815],[107.564783,-6.920498],[107.564784,-6.920367],[107.564803,-6.920205],[107.564848,-6.920191],[107.564957,-6.920145],[107.565035,-6.92009],[107.565065,-6.920063],[107.565058,-6.920018],[107.564995,-6.919961],[107.564948,-6.919919],[107.564939,-6.919909],[107.564887,-6.919851],[107.564844,-6.919802],[107.564868,-6.919739],[107.56491,-6.919654],[107.564921,-6.919632],[107.565001,-6.919567],[107.565085,-6.919535],[107.565132,-6.919517],[107.565141,-6.919513],[107.565148,-6.919511],[107.565161,-6.919502],[107.565276,-6.919423],[107.565298,-6.919408],[107.565322,-6.919392],[107.565348,-6.919374],[107.565373,-6.919357],[107.565379,-6.919348],[107.56538,-6.919344],[107.565404,-6.919278],[107.565418,-6.919238],[107.565449,-6.919153],[107.565473,-6.919085],[107.565571,-6.918795],[107.565563,-6.918729],[107.565554,-6.918651],[107.565515,-6.918475],[107.565502,-6.918416],[107.565525,-6.918303],[107.565562,-6.918118],[107.565539,-6.918064],[107.565521,-6.918022],[107.565512,-6.918],[107.565462,-6.917955],[107.565446,-6.917938],[107.565437,-6.917928],[107.565411,-6.917899],[107.565336,-6.917816],[107.565267,-6.91774],[107.565242,-6.917699],[107.565232,-6.917683],[107.565111,-6.917482],[107.565081,-6.917433],[107.56506,-6.9174],[107.565046,-6.917379],[107.565013,-6.917327],[107.564976,-6.917268],[107.564955,-6.917236],[107.564949,-6.917226],[107.564812,-6.917137],[107.564777,-6.91712],[107.564592,-6.917029],[107.564588,-6.917022],[107.564544,-6.916939],[107.564571,-6.916803],[107.564602,-6.916645],[107.564605,-6.916631],[107.564607,-6.916621],[107.564637,-6.916469],[107.564539,-6.915873],[107.564577,-6.915674],[107.564672,-6.915511],[107.564864,-6.915227],[107.564875,-6.915211],[107.564912,-6.915],[107.564931,-6.914895],[107.564963,-6.914714],[107.565028,-6.914623],[107.565122,-6.914487],[107.565185,-6.914396],[107.565248,-6.914351],[107.565359,-6.914278],[107.56553,-6.914214],[107.565553,-6.914205],[107.565544,-6.914123],[107.565544,-6.914122],[107.565535,-6.914105],[107.565479,-6.913997],[107.565358,-6.913905],[107.565349,-6.913898],[107.56521,-6.913845],[107.565107,-6.913773],[107.565087,-6.913732],[107.565067,-6.913692],[107.565075,-6.913547],[107.565166,-6.913382],[107.565178,-6.913361],[107.565251,-6.91323],[107.56528,-6.913203],[107.56535,-6.913139],[107.565403,-6.912976],[107.565387,-6.912778],[107.565376,-6.912748],[107.565313,-6.91257],[107.565306,-6.91248],[107.565354,-6.912398],[107.565475,-6.912298],[107.565539,-6.912255],[107.565652,-6.91218],[107.565637,-6.912169],[107.565594,-6.912101],[107.565553,-6.912078],[107.565472,-6.912104],[107.565448,-6.912112],[107.565332,-6.912186],[107.565223,-6.912237],[107.565172,-6.912244],[107.565024,-6.912207],[107.565007,-6.912203],[107.564968,-6.912193],[107.564792,-6.912134],[107.564671,-6.912097],[107.564558,-6.912045],[107.564526,-6.912034],[107.564435,-6.912002],[107.564372,-6.911983],[107.56437,-6.911982],[107.56437,-6.91198],[107.564281,-6.911942],[107.564229,-6.911921],[107.564174,-6.9119],[107.56415,-6.91189],[107.564064,-6.911841],[107.564022,-6.911814],[107.563998,-6.911798],[107.56395,-6.911755],[107.563947,-6.911754],[107.563873,-6.911723],[107.5638,-6.911693],[107.563749,-6.911675],[107.563683,-6.911666],[107.563614,-6.911667],[107.563487,-6.911641],[107.563487,-6.911644],[107.563474,-6.911756],[107.563477,-6.911885],[107.563459,-6.912018],[107.563419,-6.912478],[107.563425,-6.91254],[107.563423,-6.91255],[107.563428,-6.912557],[107.563429,-6.912586],[107.563433,-6.912683],[107.563429,-6.912743],[107.563421,-6.912918],[107.563434,-6.912951],[107.563408,-6.91386],[107.563407,-6.913875],[107.563388,-6.91458],[107.563375,-6.914657],[107.563236,-6.914907],[107.563072,-6.915204],[107.562911,-6.915369],[107.562845,-6.915437],[107.562711,-6.915567],[107.562604,-6.915718],[107.562494,-6.915853],[107.562457,-6.91597],[107.56246,-6.91599],[107.562313,-6.916276],[107.562194,-6.916507],[107.561964,-6.916709],[107.561755,-6.916976],[107.561507,-6.917484],[107.561419,-6.917628],[107.561231,-6.917479],[107.560159,-6.916628],[107.559201,-6.915868],[107.559004,-6.915711],[107.559368,-6.915222],[107.559473,-6.915087],[107.55962,-6.914897],[107.559866,-6.914579],[107.559809,-6.91453],[107.559932,-6.914327],[107.559935,-6.914323],[107.559967,-6.914269],[107.559643,-6.91405],[107.559602,-6.914093],[107.559565,-6.914077],[107.559366,-6.913951],[107.558982,-6.913749],[107.558642,-6.914197],[107.558263,-6.914817],[107.558258,-6.914825],[107.557932,-6.914671],[107.557618,-6.914535],[107.557523,-6.914494],[107.557432,-6.914455],[107.557347,-6.914419],[107.557353,-6.914401],[107.55744,-6.914152],[107.55745,-6.914132],[107.557449,-6.914128],[107.557441,-6.914105],[107.557297,-6.913987],[107.557183,-6.913931],[107.557122,-6.913914],[107.557006,-6.913873],[107.556998,-6.91387],[107.556886,-6.913853],[107.556749,-6.913802],[107.556647,-6.913764],[107.556564,-6.913723],[107.556467,-6.91369],[107.556438,-6.913666],[107.556358,-6.913623],[107.556249,-6.913563],[107.556134,-6.913517],[107.556056,-6.913481],[107.555774,-6.913352],[107.555029,-6.914414],[107.553969,-6.914085],[107.553953,-6.91408],[107.553949,-6.914079],[107.553654,-6.914005],[107.553568,-6.913991],[107.553473,-6.914063],[107.553443,-6.91409],[107.553364,-6.91414],[107.553315,-6.914186],[107.553303,-6.914191],[107.553286,-6.914249],[107.55328,-6.9143],[107.553255,-6.914391],[107.553242,-6.9144],[107.553232,-6.914427],[107.553196,-6.914416],[107.553078,-6.914322],[107.553058,-6.914315],[107.553036,-6.914327],[107.553011,-6.914372],[107.552978,-6.914442],[107.552948,-6.914502],[107.552949,-6.914541],[107.552971,-6.914581],[107.553013,-6.914629],[107.553065,-6.914692],[107.55309,-6.914761],[107.553101,-6.914808],[107.553087,-6.914879],[107.553084,-6.914889],[107.553072,-6.914931],[107.553046,-6.914975],[107.553028,-6.915054],[107.553027,-6.915061],[107.553023,-6.915119],[107.553025,-6.915165],[107.552965,-6.915332],[107.552961,-6.915344],[107.552931,-6.915389],[107.552852,-6.915485],[107.552789,-6.915571],[107.552773,-6.915605],[107.552766,-6.915613],[107.552743,-6.915625],[107.552701,-6.915673],[107.552678,-6.915689],[107.552677,-6.91569],[107.552671,-6.915695],[107.55266,-6.915703],[107.552636,-6.915734],[107.552633,-6.915739],[107.552609,-6.9158],[107.552581,-6.915871],[107.552536,-6.915975],[107.552534,-6.915982],[107.552502,-6.916037],[107.552439,-6.916209],[107.55244,-6.916213],[107.552438,-6.916215],[107.552413,-6.916322],[107.552354,-6.916483],[107.552252,-6.916623],[107.552113,-6.916748],[107.552069,-6.916788],[107.551941,-6.916889],[107.551883,-6.91692],[107.55173,-6.916876],[107.551646,-6.916857],[107.551608,-6.91685],[107.551544,-6.916867],[107.551488,-6.916914],[107.55148,-6.91693],[107.551456,-6.917034],[107.551454,-6.91704],[107.551309,-6.91703],[107.551303,-6.916971],[107.551333,-6.91666],[107.551378,-6.916442],[107.551381,-6.916428],[107.551393,-6.916321],[107.551331,-6.916255],[107.551282,-6.916232],[107.551205,-6.916183],[107.550904,-6.916056],[107.550452,-6.915786],[107.550349,-6.915738],[107.549984,-6.915573],[107.549773,-6.915472],[107.549716,-6.915444],[107.549637,-6.915404],[107.549612,-6.915376],[107.549549,-6.915548],[107.549548,-6.915552],[107.54952,-6.915606],[107.5495,-6.915696],[107.549472,-6.915867],[107.549456,-6.916007],[107.549431,-6.916131],[107.549415,-6.916202],[107.549359,-6.916288],[107.549329,-6.91635],[107.549311,-6.916408],[107.549293,-6.916474],[107.549309,-6.916523],[107.549344,-6.91661],[107.54937,-6.91672],[107.549371,-6.916734],[107.549374,-6.916892],[107.549357,-6.917108],[107.54935,-6.917294],[107.549356,-6.917426],[107.549273,-6.917608],[107.549081,-6.917738],[107.548959,-6.917778],[107.548924,-6.917773],[107.54862,-6.917735],[107.548189,-6.917687],[107.548056,-6.917821],[107.548025,-6.917853],[107.547996,-6.917882],[107.547774,-6.918062],[107.547755,-6.9181],[107.547683,-6.918242],[107.547668,-6.918271],[107.547638,-6.918366],[107.547456,-6.918939],[107.547417,-6.919008],[107.547378,-6.919076],[107.546624,-6.918994],[107.545891,-6.918876],[107.545774,-6.91877],[107.545725,-6.918726],[107.545698,-6.918628],[107.545631,-6.918602],[107.545574,-6.918557],[107.545507,-6.918495],[107.545447,-6.918469],[107.5454,-6.918472],[107.545313,-6.918472],[107.545283,-6.918473],[107.545106,-6.91845],[107.544953,-6.918424],[107.544896,-6.918402],[107.544831,-6.918377],[107.544822,-6.918371],[107.544819,-6.918373],[107.544646,-6.918304],[107.544605,-6.918339],[107.544586,-6.918354],[107.544472,-6.918419],[107.544336,-6.918523],[107.544281,-6.918571],[107.544203,-6.918639],[107.544045,-6.918766],[107.544031,-6.918801],[107.544029,-6.918801],[107.543841,-6.91896]]]}},{"type":"Feature","properties":{"wilayah_id":6,"kelurahan":"Baros","kecamatan":"Cimahi Tengah","jumlah_rw":25},"geometry":{"type":"Polygon","coordinates":[[[107.525005,-6.891453],[107.52501,-6.891458],[107.525016,-6.891463],[107.525017,-6.891465],[107.525033,-6.89148],[107.525048,-6.891494],[107.525063,-6.891509],[107.525077,-6.891522],[107.5251,-6.891544],[107.525135,-6.891577],[107.525137,-6.891579],[107.525151,-6.891592],[107.525201,-6.89164],[107.525207,-6.891646],[107.525237,-6.891675],[107.525293,-6.891728],[107.52531,-6.891744],[107.525324,-6.891758],[107.525347,-6.89178],[107.525398,-6.891828],[107.525423,-6.891849],[107.525463,-6.891883],[107.525475,-6.891893],[107.525498,-6.891912],[107.52551,-6.891922],[107.525517,-6.891928],[107.525577,-6.891978],[107.525597,-6.891996],[107.525641,-6.892032],[107.525686,-6.89207],[107.525738,-6.892114],[107.52575,-6.892124],[107.525757,-6.89213],[107.525847,-6.892205],[107.525919,-6.892266],[107.52593,-6.892275],[107.525932,-6.892277],[107.525966,-6.892306],[107.526019,-6.89235],[107.526076,-6.892398],[107.526089,-6.892408],[107.526101,-6.892418],[107.526178,-6.892479],[107.526244,-6.892531],[107.526304,-6.892578],[107.526325,-6.892596],[107.526493,-6.892728],[107.526532,-6.892759],[107.526552,-6.892775],[107.526584,-6.8928],[107.526728,-6.892908],[107.526757,-6.892929],[107.526807,-6.892967],[107.526849,-6.892998],[107.526862,-6.893007],[107.526975,-6.893086],[107.527014,-6.893114],[107.527071,-6.893154],[107.527157,-6.893215],[107.527166,-6.893221],[107.527213,-6.893254],[107.527306,-6.893319],[107.527324,-6.893332],[107.527349,-6.893349],[107.527368,-6.893362],[107.527427,-6.8934],[107.527499,-6.893447],[107.527522,-6.893462],[107.527579,-6.893499],[107.527629,-6.893532],[107.527705,-6.893581],[107.527718,-6.89359],[107.527719,-6.89359],[107.527721,-6.893592],[107.527723,-6.893593],[107.527726,-6.893595],[107.527737,-6.893602],[107.527746,-6.893608],[107.527748,-6.893609],[107.527762,-6.893618],[107.527772,-6.893624],[107.52778,-6.893629],[107.52779,-6.893636],[107.527794,-6.893638],[107.527803,-6.893644],[107.527814,-6.893651],[107.527827,-6.893658],[107.527847,-6.89367],[107.527858,-6.893677],[107.527865,-6.893681],[107.527883,-6.893691],[107.527889,-6.893695],[107.527897,-6.8937],[107.527906,-6.893705],[107.527908,-6.893706],[107.527911,-6.893708],[107.527913,-6.893709],[107.527923,-6.893715],[107.527935,-6.893724],[107.527958,-6.893738],[107.527968,-6.893745],[107.527999,-6.893764],[107.528004,-6.893768],[107.528027,-6.893782],[107.528053,-6.893799],[107.528064,-6.893806],[107.528104,-6.893831],[107.528128,-6.893847],[107.528145,-6.893858],[107.528173,-6.893876],[107.528194,-6.893889],[107.528212,-6.893901],[107.528223,-6.893907],[107.528262,-6.893933],[107.528273,-6.893941],[107.528278,-6.893944],[107.528286,-6.89395],[107.528309,-6.893966],[107.528354,-6.893998],[107.528451,-6.894067],[107.528491,-6.894095],[107.52851,-6.894109],[107.528554,-6.89414],[107.52859,-6.894165],[107.528591,-6.894166],[107.528614,-6.894182],[107.52865,-6.894208],[107.528662,-6.894216],[107.528663,-6.894217],[107.528723,-6.894259],[107.528754,-6.894281],[107.528791,-6.894307],[107.528832,-6.894335],[107.528838,-6.894339],[107.528914,-6.894392],[107.528933,-6.894406],[107.528975,-6.894439],[107.528995,-6.894455],[107.529018,-6.894473],[107.529053,-6.894502],[107.529087,-6.894529],[107.529088,-6.89453],[107.529113,-6.89455],[107.529152,-6.894581],[107.529154,-6.894583],[107.529162,-6.894589],[107.529226,-6.89464],[107.529258,-6.894666],[107.529267,-6.894673],[107.529307,-6.894705],[107.529308,-6.894706],[107.529337,-6.894729],[107.529338,-6.89473],[107.529345,-6.894735],[107.529393,-6.894774],[107.529393,-6.894775],[107.529425,-6.894801],[107.529458,-6.894828],[107.529467,-6.894835],[107.529512,-6.894872],[107.529534,-6.89489],[107.529534,-6.894891],[107.529542,-6.894897],[107.529556,-6.894909],[107.529628,-6.894967],[107.529633,-6.894972],[107.529676,-6.895007],[107.529694,-6.895022],[107.529704,-6.89503],[107.529713,-6.895037],[107.52976,-6.895076],[107.529761,-6.895076],[107.529764,-6.89508],[107.529804,-6.895116],[107.529842,-6.89515],[107.529854,-6.895161],[107.529864,-6.89517],[107.529971,-6.895267],[107.529982,-6.895277],[107.530018,-6.89531],[107.530021,-6.895312],[107.530033,-6.895323],[107.530105,-6.895388],[107.530125,-6.895406],[107.530128,-6.895409],[107.530159,-6.895437],[107.530222,-6.8955],[107.530224,-6.895501],[107.530346,-6.895623],[107.53041,-6.895686],[107.530426,-6.895703],[107.530462,-6.895738],[107.530635,-6.895911],[107.530654,-6.895931],[107.530711,-6.895995],[107.530722,-6.896008],[107.530752,-6.896041],[107.530756,-6.896046],[107.530791,-6.896085],[107.530854,-6.896155],[107.530887,-6.896191],[107.530918,-6.896226],[107.530976,-6.896291],[107.530982,-6.896297],[107.531004,-6.896322],[107.531069,-6.896394],[107.531074,-6.896401],[107.531102,-6.896432],[107.531107,-6.896437],[107.531225,-6.896583],[107.531316,-6.896696],[107.531327,-6.896709],[107.531398,-6.896796],[107.5314,-6.8968],[107.531458,-6.896872],[107.531459,-6.896872],[107.531487,-6.896907],[107.531501,-6.896924],[107.531528,-6.896958],[107.531594,-6.897039],[107.531596,-6.897042],[107.531607,-6.897056],[107.531608,-6.897058],[107.531619,-6.897071],[107.531624,-6.897077],[107.531626,-6.89708],[107.531633,-6.897089],[107.531637,-6.897094],[107.531641,-6.8971],[107.531642,-6.897101],[107.531644,-6.897101],[107.53168,-6.897108],[107.531703,-6.897113],[107.531704,-6.897113],[107.531707,-6.897114],[107.53171,-6.897114],[107.531715,-6.897115],[107.531733,-6.897119],[107.531755,-6.897123],[107.531763,-6.897125],[107.531786,-6.897129],[107.531788,-6.89713],[107.531796,-6.897131],[107.531811,-6.897134],[107.53183,-6.897138],[107.531838,-6.89714],[107.531954,-6.897163],[107.531985,-6.897169],[107.53199,-6.897169],[107.531999,-6.897171],[107.532022,-6.897175],[107.532057,-6.897181],[107.53207,-6.897184],[107.532113,-6.897191],[107.532116,-6.897192],[107.532121,-6.897192],[107.532168,-6.897201],[107.532178,-6.897202],[107.532234,-6.897212],[107.532274,-6.897219],[107.532325,-6.897228],[107.532362,-6.897235],[107.532383,-6.89724],[107.53243,-6.897251],[107.532461,-6.897258],[107.532474,-6.897261],[107.532491,-6.897265],[107.532538,-6.897276],[107.532604,-6.897292],[107.532605,-6.897292],[107.53262,-6.897296],[107.532636,-6.897299],[107.532656,-6.897303],[107.532677,-6.897308],[107.532719,-6.897317],[107.532728,-6.897319],[107.532749,-6.897324],[107.532788,-6.897332],[107.532791,-6.897333],[107.532848,-6.897345],[107.53286,-6.897348],[107.532867,-6.897349],[107.532932,-6.897363],[107.532939,-6.897365],[107.532942,-6.897366],[107.533005,-6.89738],[107.533011,-6.897382],[107.533073,-6.897397],[107.533083,-6.897399],[107.533084,-6.897399],[107.533134,-6.897411],[107.533153,-6.897415],[107.533197,-6.897426],[107.53321,-6.897429],[107.533252,-6.897439],[107.533269,-6.897443],[107.533284,-6.897446],[107.533301,-6.89745],[107.533313,-6.897453],[107.533352,-6.897462],[107.53339,-6.897472],[107.533402,-6.897474],[107.533438,-6.897481],[107.53346,-6.897484],[107.533476,-6.897487],[107.533489,-6.897481],[107.533506,-6.897469],[107.533506,-6.897467],[107.533507,-6.897462],[107.533512,-6.897433],[107.533513,-6.897427],[107.53352,-6.897392],[107.533534,-6.897323],[107.533536,-6.897312],[107.533549,-6.897244],[107.53355,-6.897238],[107.533551,-6.897236],[107.533579,-6.897094],[107.533603,-6.896976],[107.533605,-6.896959],[107.533622,-6.896858],[107.533627,-6.896833],[107.533637,-6.896768],[107.533654,-6.896671],[107.533657,-6.896648],[107.533662,-6.896618],[107.533668,-6.896583],[107.533677,-6.896532],[107.53368,-6.896512],[107.533685,-6.896487],[107.533686,-6.89648],[107.53369,-6.89646],[107.533691,-6.896451],[107.533701,-6.896401],[107.533707,-6.896369],[107.53371,-6.896352],[107.533726,-6.896263],[107.533726,-6.896262],[107.533727,-6.89626],[107.533731,-6.89622],[107.533742,-6.896127],[107.533742,-6.896126],[107.533758,-6.896123],[107.53376,-6.896114],[107.533766,-6.896065],[107.533772,-6.896008],[107.533774,-6.895994],[107.533776,-6.895984],[107.533777,-6.895973],[107.533782,-6.895931],[107.533783,-6.895927],[107.533784,-6.895915],[107.533786,-6.895902],[107.533787,-6.895893],[107.533788,-6.89588],[107.533789,-6.895871],[107.53379,-6.895869],[107.533791,-6.895856],[107.533793,-6.895856],[107.533805,-6.895858],[107.533807,-6.895858],[107.53382,-6.895859],[107.533825,-6.89586],[107.533832,-6.895861],[107.53384,-6.895861],[107.533852,-6.895863],[107.533853,-6.895863],[107.533868,-6.895864],[107.53387,-6.895865],[107.533876,-6.895865],[107.533882,-6.895856],[107.533918,-6.895808],[107.533921,-6.895803],[107.533924,-6.895799],[107.533929,-6.895793],[107.533944,-6.895773],[107.533952,-6.895762],[107.533965,-6.895743],[107.533976,-6.895729],[107.533985,-6.895716],[107.533996,-6.895701],[107.534008,-6.895683],[107.534026,-6.895654],[107.534029,-6.895648],[107.534032,-6.895637],[107.534032,-6.895635],[107.534033,-6.895633],[107.534034,-6.895628],[107.534051,-6.895556],[107.534055,-6.895537],[107.534072,-6.895465],[107.534077,-6.895444],[107.534093,-6.895373],[107.534098,-6.895355],[107.534105,-6.895324],[107.534108,-6.895312],[107.53411,-6.895303],[107.534118,-6.895266],[107.534122,-6.89525],[107.534123,-6.895247],[107.534192,-6.895224],[107.5342,-6.895197],[107.534206,-6.895175],[107.534217,-6.895138],[107.53422,-6.895126],[107.534248,-6.895032],[107.534251,-6.895022],[107.534252,-6.895019],[107.534253,-6.895015],[107.534275,-6.894942],[107.53428,-6.894923],[107.534296,-6.89487],[107.534299,-6.894859],[107.534308,-6.894829],[107.534308,-6.894828],[107.534307,-6.894822],[107.534306,-6.894813],[107.534303,-6.8948],[107.534303,-6.894797],[107.534298,-6.894766],[107.534297,-6.894763],[107.534297,-6.894665],[107.5343,-6.894624],[107.534304,-6.894588],[107.534307,-6.894544],[107.534308,-6.894536],[107.534314,-6.894536],[107.534413,-6.894541],[107.534442,-6.894543],[107.534471,-6.894544],[107.534476,-6.894544],[107.534547,-6.894547],[107.534548,-6.894547],[107.534563,-6.894548],[107.534593,-6.894549],[107.534608,-6.894549],[107.534652,-6.894551],[107.53469,-6.894552],[107.534692,-6.894553],[107.53474,-6.894554],[107.534752,-6.894555],[107.534782,-6.894556],[107.534799,-6.894557],[107.534823,-6.894557],[107.534843,-6.894558],[107.53486,-6.894559],[107.534908,-6.894561],[107.534921,-6.894561],[107.534969,-6.894563],[107.53497,-6.894563],[107.535021,-6.894565],[107.535028,-6.894565],[107.535062,-6.894566],[107.535073,-6.894567],[107.535079,-6.894567],[107.535112,-6.894568],[107.53512,-6.894568],[107.535161,-6.894569],[107.53517,-6.894569],[107.535201,-6.89457],[107.535224,-6.894571],[107.535253,-6.894572],[107.535263,-6.894572],[107.535291,-6.894573],[107.535312,-6.894573],[107.535328,-6.894574],[107.535359,-6.894575],[107.535373,-6.894575],[107.535397,-6.894576],[107.53542,-6.894576],[107.535456,-6.894577],[107.535463,-6.894577],[107.535485,-6.894579],[107.535496,-6.894579],[107.535507,-6.89458],[107.535525,-6.894581],[107.535544,-6.894582],[107.535571,-6.894583],[107.535585,-6.894584],[107.535606,-6.894585],[107.535626,-6.894586],[107.535636,-6.894586],[107.535646,-6.894587],[107.535647,-6.894587],[107.535668,-6.894588],[107.535691,-6.894589],[107.53571,-6.89459],[107.535711,-6.89459],[107.535724,-6.894591],[107.535748,-6.894592],[107.535766,-6.894593],[107.535769,-6.894593],[107.535795,-6.894595],[107.535809,-6.894595],[107.535846,-6.894597],[107.535857,-6.894598],[107.535878,-6.894599],[107.535884,-6.894599],[107.535903,-6.894596],[107.535912,-6.894595],[107.535939,-6.894591],[107.53594,-6.894591],[107.535967,-6.894587],[107.535984,-6.894585],[107.535988,-6.894584],[107.53599,-6.894547],[107.535991,-6.894545],[107.535996,-6.89453],[107.536001,-6.894513],[107.53602,-6.894491],[107.536024,-6.894486],[107.536035,-6.89448],[107.536077,-6.894455],[107.536083,-6.894452],[107.536093,-6.894446],[107.536122,-6.894435],[107.536165,-6.894419],[107.536169,-6.894419],[107.536197,-6.894413],[107.536255,-6.8944],[107.536254,-6.894439],[107.536254,-6.894477],[107.536253,-6.894485],[107.536253,-6.894507],[107.536252,-6.894523],[107.536251,-6.894552],[107.536251,-6.8946],[107.536327,-6.8946],[107.536352,-6.894601],[107.53641,-6.894601],[107.536446,-6.894602],[107.536507,-6.894602],[107.53655,-6.894603],[107.53658,-6.894603],[107.53658,-6.894643],[107.536612,-6.894639],[107.536619,-6.894638],[107.536661,-6.894634],[107.536763,-6.894622],[107.536768,-6.894621],[107.537068,-6.894588],[107.537286,-6.894149],[107.537289,-6.894143],[107.537353,-6.894014],[107.537393,-6.893934],[107.537416,-6.893946],[107.537458,-6.893967],[107.537474,-6.893972],[107.537539,-6.893991],[107.537602,-6.894009],[107.537722,-6.894044],[107.537781,-6.894062],[107.537786,-6.894063],[107.537837,-6.894078],[107.537895,-6.894095],[107.537936,-6.894108],[107.538018,-6.894126],[107.538109,-6.894146],[107.53816,-6.894158],[107.538151,-6.894409],[107.538148,-6.894505],[107.538127,-6.894594],[107.538113,-6.894653],[107.5381,-6.894705],[107.538084,-6.894771],[107.53807,-6.894831],[107.538058,-6.894882],[107.53804,-6.894955],[107.537978,-6.895135],[107.537979,-6.895451],[107.537979,-6.895979],[107.538345,-6.89597],[107.538375,-6.895975],[107.538363,-6.896194],[107.538347,-6.896369],[107.538347,-6.896374],[107.538337,-6.896425],[107.538324,-6.896621],[107.538329,-6.896634],[107.538322,-6.896782],[107.538316,-6.897004],[107.538179,-6.897324],[107.537948,-6.897681],[107.537796,-6.898008],[107.53774,-6.898389],[107.537729,-6.898571],[107.537846,-6.898571],[107.537919,-6.89857],[107.538593,-6.898606],[107.53895,-6.898643],[107.539018,-6.898639],[107.539164,-6.898631],[107.539177,-6.89891],[107.539285,-6.898894],[107.539497,-6.898861],[107.539558,-6.898852],[107.539657,-6.898832],[107.539753,-6.898822],[107.539844,-6.898813],[107.540129,-6.898784],[107.540141,-6.898782],[107.540506,-6.898745],[107.540807,-6.898824],[107.540854,-6.898836],[107.540939,-6.898861],[107.541113,-6.898894],[107.54148,-6.899019],[107.541811,-6.899224],[107.542051,-6.899398],[107.542194,-6.899437],[107.542429,-6.899408],[107.542949,-6.899142],[107.543127,-6.899076],[107.543346,-6.898993],[107.543462,-6.898997],[107.543581,-6.89906],[107.543674,-6.89927],[107.543772,-6.899492],[107.543818,-6.899599],[107.543891,-6.899763],[107.543934,-6.899865],[107.544071,-6.900186],[107.544112,-6.900283],[107.544369,-6.900852],[107.544429,-6.900985],[107.544436,-6.901001],[107.544484,-6.901107],[107.544507,-6.901158],[107.54455,-6.901232],[107.544559,-6.901248],[107.544577,-6.901278],[107.544579,-6.901282],[107.544608,-6.901332],[107.544611,-6.901336],[107.544667,-6.901319],[107.544698,-6.90131],[107.545013,-6.901215],[107.545022,-6.901212],[107.545159,-6.901173],[107.545246,-6.901148],[107.545447,-6.901091],[107.545466,-6.901086],[107.545535,-6.901067],[107.545615,-6.901044],[107.545621,-6.901042],[107.545692,-6.90103],[107.545894,-6.900969],[107.545927,-6.900959],[107.546133,-6.900897],[107.546293,-6.900849],[107.546597,-6.900758],[107.546793,-6.9007],[107.546902,-6.900667],[107.54701,-6.900634],[107.54707,-6.900617],[107.547305,-6.900546],[107.547436,-6.900507],[107.54764,-6.900446],[107.547909,-6.900365],[107.547921,-6.900361],[107.548145,-6.900284],[107.548353,-6.900213],[107.548481,-6.900169],[107.548522,-6.900154],[107.548601,-6.900127],[107.548625,-6.900119],[107.548647,-6.900112],[107.548663,-6.900106],[107.548679,-6.900101],[107.548678,-6.900095],[107.548671,-6.900068],[107.548667,-6.90005],[107.548666,-6.900046],[107.548658,-6.900013],[107.548651,-6.899984],[107.548646,-6.899965],[107.548635,-6.899916],[107.548618,-6.899829],[107.548601,-6.899738],[107.548598,-6.899722],[107.548583,-6.899641],[107.548556,-6.899495],[107.548543,-6.899427],[107.548526,-6.899336],[107.548506,-6.899228],[107.5485,-6.899197],[107.5485,-6.899194],[107.54849,-6.899043],[107.548485,-6.899022],[107.548481,-6.899006],[107.548461,-6.898933],[107.548455,-6.898876],[107.548448,-6.898806],[107.548449,-6.898796],[107.54845,-6.898771],[107.54845,-6.898762],[107.548452,-6.89871],[107.548409,-6.898633],[107.548407,-6.898629],[107.548347,-6.898607],[107.548336,-6.898604],[107.548328,-6.898602],[107.548325,-6.898599],[107.548325,-6.898598],[107.548275,-6.898584],[107.548265,-6.898581],[107.548247,-6.89853],[107.548246,-6.89852],[107.548241,-6.898469],[107.54824,-6.898461],[107.548237,-6.898375],[107.548233,-6.898272],[107.548224,-6.898202],[107.548204,-6.898053],[107.548204,-6.89805],[107.548185,-6.897868],[107.548157,-6.897596],[107.548163,-6.897545],[107.548171,-6.897482],[107.548179,-6.897416],[107.548213,-6.897141],[107.548196,-6.897048],[107.548192,-6.897024],[107.548182,-6.896971],[107.548176,-6.896935],[107.548152,-6.896719],[107.548184,-6.896526],[107.548211,-6.896367],[107.548213,-6.896354],[107.548254,-6.895941],[107.548255,-6.895937],[107.548255,-6.895936],[107.548257,-6.895917],[107.548277,-6.895715],[107.548143,-6.895683],[107.547809,-6.895597],[107.547736,-6.895578],[107.547478,-6.895511],[107.547302,-6.895466],[107.547278,-6.89546],[107.547135,-6.895423],[107.546988,-6.895385],[107.546906,-6.895364],[107.546899,-6.895361],[107.546893,-6.895359],[107.546794,-6.895325],[107.546703,-6.895294],[107.546576,-6.895251],[107.546567,-6.895248],[107.546566,-6.895247],[107.546545,-6.89524],[107.546525,-6.895233],[107.546522,-6.895232],[107.546494,-6.895223],[107.546465,-6.895213],[107.546455,-6.895206],[107.546417,-6.895177],[107.546404,-6.895168],[107.546396,-6.895162],[107.546032,-6.894897],[107.54563,-6.894684],[107.545628,-6.894683],[107.545335,-6.894529],[107.545273,-6.894496],[107.545148,-6.89443],[107.544568,-6.894124],[107.544513,-6.893862],[107.54452,-6.893823],[107.544558,-6.893611],[107.54456,-6.893604],[107.544605,-6.893354],[107.544707,-6.892787],[107.544847,-6.892096],[107.544862,-6.892021],[107.544914,-6.891747],[107.544947,-6.891575],[107.544997,-6.891309],[107.545,-6.891295],[107.545019,-6.891195],[107.545059,-6.890984],[107.545069,-6.890934],[107.545083,-6.890867],[107.545122,-6.890683],[107.545142,-6.890596],[107.545166,-6.890495],[107.54517,-6.890481],[107.545177,-6.890448],[107.545183,-6.890426],[107.545203,-6.890341],[107.545205,-6.89034],[107.545247,-6.890349],[107.545349,-6.890366],[107.545366,-6.890305],[107.545394,-6.890209],[107.545405,-6.890174],[107.545458,-6.890001],[107.545485,-6.889916],[107.545487,-6.889908],[107.545506,-6.889852],[107.545547,-6.889732],[107.545572,-6.889674],[107.54561,-6.8896],[107.545613,-6.889594],[107.545654,-6.889515],[107.545657,-6.889509],[107.545663,-6.889496],[107.545736,-6.889393],[107.545756,-6.889363],[107.545761,-6.889355],[107.545857,-6.889214],[107.545846,-6.889209],[107.545637,-6.889103],[107.545529,-6.889069],[107.54553,-6.889065],[107.545326,-6.888991],[107.545269,-6.88897],[107.545195,-6.888944],[107.545192,-6.888943],[107.54519,-6.888942],[107.545145,-6.888927],[107.545078,-6.888903],[107.545074,-6.888901],[107.545101,-6.888844],[107.545114,-6.888816],[107.545118,-6.888807],[107.545154,-6.888731],[107.545153,-6.888729],[107.545147,-6.888681],[107.545147,-6.888679],[107.545143,-6.888648],[107.545133,-6.888645],[107.545074,-6.88863],[107.545031,-6.888618],[107.544923,-6.888589],[107.544874,-6.888577],[107.544798,-6.888556],[107.544791,-6.888554],[107.544814,-6.888501],[107.54484,-6.888438],[107.544846,-6.8884],[107.544862,-6.888374],[107.544874,-6.888368],[107.544898,-6.888357],[107.544972,-6.888357],[107.544986,-6.888361],[107.545066,-6.888387],[107.545083,-6.888394],[107.545085,-6.888395],[107.545114,-6.888407],[107.545194,-6.88844],[107.545241,-6.888472],[107.545248,-6.888482],[107.545267,-6.888507],[107.545283,-6.888528],[107.545316,-6.888564],[107.545397,-6.888578],[107.545441,-6.888586],[107.545507,-6.888599],[107.545631,-6.888624],[107.545688,-6.888636],[107.545746,-6.888648],[107.545773,-6.888603],[107.54579,-6.888545],[107.545807,-6.88849],[107.545817,-6.888455],[107.545824,-6.888429],[107.545848,-6.888344],[107.545852,-6.888338],[107.545903,-6.888264],[107.545933,-6.888125],[107.545934,-6.888119],[107.545958,-6.888005],[107.545964,-6.887975],[107.545966,-6.887962],[107.545967,-6.887957],[107.545968,-6.887954],[107.545984,-6.887877],[107.546004,-6.887777],[107.54604,-6.887663],[107.546076,-6.88755],[107.546165,-6.887176],[107.546234,-6.886898],[107.546283,-6.886702],[107.546297,-6.886648],[107.546352,-6.886434],[107.546313,-6.886426],[107.546162,-6.886395],[107.546187,-6.886322],[107.546204,-6.886274],[107.54621,-6.886257],[107.546218,-6.886234],[107.546221,-6.886221],[107.546229,-6.886184],[107.54624,-6.886135],[107.54625,-6.886097],[107.54623,-6.88609],[107.546263,-6.885965],[107.546272,-6.88592],[107.546118,-6.885879],[107.545887,-6.885821],[107.545832,-6.885808],[107.545829,-6.885818],[107.545713,-6.886145],[107.545537,-6.886104],[107.545452,-6.886084],[107.544792,-6.885937],[107.544743,-6.885956],[107.544736,-6.885958],[107.544568,-6.885918],[107.544299,-6.885854],[107.544254,-6.885843],[107.544236,-6.885839],[107.544198,-6.88583],[107.54417,-6.885823],[107.544143,-6.885817],[107.54414,-6.88583],[107.544137,-6.88584],[107.543884,-6.885793],[107.543904,-6.885682],[107.543964,-6.88535],[107.544,-6.885159],[107.544002,-6.885154],[107.544001,-6.885145],[107.544014,-6.885058],[107.544011,-6.885039],[107.544008,-6.885013],[107.544,-6.884996],[107.543979,-6.884952],[107.54386,-6.884776],[107.543854,-6.884769],[107.543565,-6.884445],[107.543504,-6.884369],[107.543435,-6.884284],[107.543306,-6.88413],[107.543253,-6.884066],[107.543127,-6.883916],[107.542949,-6.883738],[107.542521,-6.883259],[107.542406,-6.883114],[107.54236,-6.883091],[107.542324,-6.883087],[107.542299,-6.883092],[107.542002,-6.883339],[107.541879,-6.883446],[107.541877,-6.883449],[107.5414,-6.883864],[107.54094,-6.884269],[107.540681,-6.884496],[107.540679,-6.884498],[107.540523,-6.884342],[107.540444,-6.884245],[107.540442,-6.884242],[107.540439,-6.884239],[107.540428,-6.884225],[107.540379,-6.884165],[107.540363,-6.884144],[107.540352,-6.884131],[107.540251,-6.884007],[107.540188,-6.883929],[107.540116,-6.88384],[107.540114,-6.883838],[107.540098,-6.883852],[107.540079,-6.883868],[107.540072,-6.883874],[107.540032,-6.883909],[107.539994,-6.883942],[107.539957,-6.883974],[107.539928,-6.883999],[107.539845,-6.884071],[107.539832,-6.884082],[107.539709,-6.884188],[107.539632,-6.884261],[107.539479,-6.884404],[107.539399,-6.884478],[107.539165,-6.884677],[107.539086,-6.884744],[107.539009,-6.884808],[107.538983,-6.884829],[107.538979,-6.884833],[107.538959,-6.884848],[107.538924,-6.884876],[107.538883,-6.884908],[107.538763,-6.885004],[107.538724,-6.885035],[107.538708,-6.885048],[107.538699,-6.885055],[107.538648,-6.885095],[107.538623,-6.885116],[107.538619,-6.885118],[107.538611,-6.885125],[107.538597,-6.885135],[107.538583,-6.885146],[107.538519,-6.885196],[107.538507,-6.885205],[107.538399,-6.885288],[107.538319,-6.885348],[107.538227,-6.885426],[107.538148,-6.885493],[107.538107,-6.885544],[107.538061,-6.885601],[107.538043,-6.885613],[107.537971,-6.885662],[107.537909,-6.885679],[107.537772,-6.885682],[107.537718,-6.885683],[107.537704,-6.885659],[107.537692,-6.885641],[107.537299,-6.885189],[107.537141,-6.885325],[107.536958,-6.885091],[107.536932,-6.885063],[107.536798,-6.884905],[107.536768,-6.88487],[107.53661,-6.884683],[107.536584,-6.884649],[107.536548,-6.884604],[107.536521,-6.88457],[107.536462,-6.884496],[107.536423,-6.884453],[107.536403,-6.88443],[107.536364,-6.884388],[107.53634,-6.884362],[107.536306,-6.884326],[107.536219,-6.884233],[107.535979,-6.883943],[107.535958,-6.883959],[107.535889,-6.884018],[107.535743,-6.884143],[107.535667,-6.88419],[107.535456,-6.884363],[107.535382,-6.884284],[107.535375,-6.884276],[107.535119,-6.883998],[107.535094,-6.88397],[107.535091,-6.883974],[107.53509,-6.883974],[107.53491,-6.884126],[107.534749,-6.884263],[107.53474,-6.88427],[107.534734,-6.884276],[107.53468,-6.884322],[107.534647,-6.884349],[107.534567,-6.884417],[107.534532,-6.884446],[107.534493,-6.884407],[107.534465,-6.884377],[107.534339,-6.884247],[107.534253,-6.884159],[107.534212,-6.884116],[107.534209,-6.884113],[107.534099,-6.884],[107.534086,-6.883986],[107.534066,-6.883965],[107.534064,-6.883964],[107.53405,-6.883949],[107.534042,-6.883941],[107.534039,-6.883937],[107.534029,-6.883928],[107.534029,-6.883927],[107.534009,-6.883907],[107.533995,-6.883938],[107.53398,-6.88397],[107.533969,-6.883995],[107.533963,-6.884004],[107.533953,-6.884021],[107.533931,-6.884057],[107.533922,-6.884071],[107.533909,-6.884092],[107.533905,-6.884099],[107.533903,-6.884103],[107.533888,-6.884129],[107.533886,-6.884133],[107.533882,-6.88414],[107.533866,-6.884169],[107.533854,-6.88419],[107.533849,-6.884199],[107.533836,-6.884223],[107.533826,-6.88424],[107.533825,-6.884244],[107.533823,-6.884256],[107.533819,-6.884274],[107.533815,-6.884294],[107.53381,-6.884318],[107.53379,-6.884338],[107.53377,-6.884359],[107.53376,-6.884368],[107.533739,-6.88439],[107.533695,-6.884434],[107.533693,-6.884435],[107.533682,-6.884439],[107.533636,-6.884456],[107.533608,-6.884466],[107.533562,-6.884483],[107.533552,-6.884486],[107.533464,-6.884518],[107.533426,-6.884522],[107.533418,-6.884523],[107.533387,-6.884527],[107.533378,-6.884528],[107.533355,-6.88453],[107.533317,-6.884543],[107.533303,-6.884548],[107.533265,-6.884562],[107.533251,-6.884566],[107.533229,-6.884574],[107.533176,-6.884593],[107.533139,-6.884606],[107.533115,-6.884611],[107.533062,-6.884621],[107.532948,-6.884645],[107.532917,-6.884651],[107.53291,-6.884653],[107.532866,-6.884662],[107.532855,-6.884664],[107.532847,-6.884666],[107.532794,-6.884677],[107.532778,-6.88468],[107.532757,-6.884684],[107.532747,-6.884686],[107.532745,-6.884686],[107.532745,-6.884687],[107.532728,-6.884687],[107.532715,-6.884688],[107.532704,-6.884689],[107.53269,-6.884689],[107.532675,-6.88469],[107.532667,-6.884691],[107.532653,-6.884691],[107.532631,-6.884693],[107.532625,-6.884693],[107.532599,-6.884694],[107.532591,-6.884695],[107.532581,-6.884695],[107.532574,-6.884696],[107.532562,-6.884697],[107.532544,-6.884698],[107.532538,-6.884701],[107.532533,-6.884702],[107.532532,-6.884703],[107.532499,-6.884714],[107.532488,-6.884718],[107.532471,-6.884724],[107.532457,-6.884729],[107.53244,-6.884735],[107.532432,-6.884738],[107.532429,-6.884738],[107.532419,-6.884749],[107.53241,-6.884758],[107.532407,-6.88476],[107.532367,-6.8848],[107.532319,-6.884847],[107.532317,-6.884848],[107.532268,-6.884903],[107.532232,-6.884942],[107.532228,-6.884947],[107.532212,-6.884964],[107.532155,-6.885027],[107.532104,-6.885084],[107.532057,-6.885137],[107.53204,-6.885138],[107.532029,-6.885138],[107.531978,-6.885151],[107.531958,-6.885156],[107.531949,-6.885158],[107.531935,-6.885172],[107.531917,-6.885189],[107.531913,-6.885193],[107.531886,-6.885219],[107.531865,-6.885239],[107.531841,-6.885263],[107.53184,-6.885263],[107.531826,-6.885276],[107.53182,-6.885282],[107.531807,-6.885294],[107.531782,-6.885319],[107.53178,-6.88532],[107.531765,-6.885334],[107.531748,-6.885351],[107.531729,-6.885369],[107.531716,-6.885382],[107.531653,-6.885395],[107.531647,-6.885397],[107.531609,-6.885405],[107.531566,-6.885415],[107.531515,-6.885461],[107.531449,-6.88552],[107.531443,-6.885526],[107.53141,-6.885555],[107.531394,-6.88557],[107.531252,-6.885761],[107.531239,-6.885787],[107.531164,-6.885941],[107.531149,-6.885973],[107.531082,-6.886203],[107.53106,-6.886293],[107.531053,-6.886317],[107.531027,-6.88641],[107.531032,-6.886431],[107.531035,-6.886446],[107.53104,-6.88647],[107.531038,-6.886485],[107.531036,-6.886504],[107.531036,-6.886509],[107.531034,-6.886533],[107.531029,-6.886578],[107.531003,-6.886688],[107.530989,-6.886755],[107.530967,-6.886746],[107.530956,-6.886742],[107.530881,-6.886712],[107.530822,-6.886689],[107.53082,-6.886694],[107.53082,-6.886693],[107.530802,-6.886685],[107.53079,-6.88668],[107.530748,-6.886661],[107.530645,-6.886614],[107.530632,-6.886641],[107.53061,-6.886691],[107.530591,-6.886734],[107.530546,-6.886861],[107.530533,-6.886897],[107.530503,-6.886971],[107.530476,-6.887041],[107.530458,-6.887089],[107.530425,-6.887178],[107.5304,-6.887246],[107.530374,-6.887315],[107.530354,-6.887378],[107.530336,-6.887439],[107.530312,-6.887433],[107.529867,-6.887324],[107.529841,-6.887318],[107.52963,-6.887254],[107.529624,-6.887252],[107.529598,-6.887301],[107.529576,-6.887343],[107.529545,-6.887404],[107.529527,-6.887444],[107.529522,-6.887456],[107.529502,-6.887502],[107.529492,-6.887515],[107.529464,-6.88755],[107.529414,-6.8876],[107.529351,-6.887659],[107.529285,-6.887711],[107.52928,-6.887715],[107.529203,-6.887773],[107.529145,-6.887802],[107.529096,-6.887816],[107.529074,-6.887818],[107.529054,-6.88782],[107.529043,-6.88782],[107.528985,-6.887822],[107.528953,-6.887837],[107.528935,-6.887849],[107.528912,-6.887864],[107.528907,-6.887865],[107.528905,-6.887865],[107.528854,-6.887866],[107.528847,-6.887865],[107.528814,-6.887861],[107.528805,-6.88786],[107.528764,-6.887853],[107.528763,-6.887853],[107.528747,-6.887859],[107.528745,-6.88786],[107.528735,-6.887863],[107.528695,-6.887881],[107.528678,-6.887888],[107.528623,-6.887909],[107.52862,-6.88791],[107.528615,-6.88791],[107.528596,-6.887914],[107.52858,-6.887911],[107.528544,-6.887903],[107.528524,-6.887901],[107.528501,-6.887899],[107.528474,-6.887903],[107.528466,-6.887907],[107.52846,-6.887911],[107.528447,-6.887919],[107.528444,-6.887929],[107.528442,-6.887936],[107.528439,-6.887946],[107.52843,-6.887971],[107.528421,-6.887995],[107.528422,-6.888023],[107.528422,-6.888082],[107.528413,-6.888098],[107.52841,-6.888104],[107.528395,-6.888113],[107.528378,-6.888123],[107.528374,-6.888125],[107.528369,-6.888128],[107.528341,-6.888144],[107.52834,-6.888145],[107.528325,-6.888163],[107.528293,-6.888192],[107.52828,-6.888204],[107.528271,-6.888213],[107.528246,-6.888258],[107.528215,-6.888302],[107.528198,-6.888315],[107.528189,-6.888332],[107.528188,-6.888332],[107.528165,-6.888356],[107.52815,-6.888372],[107.528141,-6.888381],[107.528131,-6.8884],[107.528119,-6.888421],[107.528077,-6.88851],[107.528052,-6.888566],[107.528043,-6.888584],[107.528035,-6.888621],[107.528035,-6.888623],[107.528032,-6.888637],[107.528029,-6.88865],[107.528029,-6.888675],[107.52803,-6.888691],[107.52803,-6.888713],[107.528031,-6.888714],[107.528031,-6.888749],[107.528032,-6.888766],[107.528033,-6.888837],[107.528033,-6.88885],[107.528032,-6.888891],[107.528031,-6.888898],[107.52803,-6.888924],[107.528029,-6.888966],[107.528028,-6.88898],[107.528024,-6.888999],[107.528016,-6.889038],[107.52801,-6.889065],[107.527995,-6.889084],[107.527985,-6.889096],[107.527976,-6.889108],[107.527966,-6.88912],[107.527945,-6.889145],[107.527908,-6.889188],[107.527884,-6.889217],[107.527843,-6.889264],[107.52784,-6.889268],[107.527836,-6.889272],[107.52783,-6.889279],[107.527785,-6.889331],[107.527781,-6.889335],[107.527752,-6.889369],[107.527746,-6.889376],[107.527707,-6.88942],[107.527651,-6.889482],[107.527602,-6.889535],[107.527579,-6.88956],[107.527564,-6.889576],[107.527544,-6.889604],[107.527527,-6.889627],[107.527463,-6.889739],[107.52746,-6.889743],[107.527453,-6.889751],[107.527442,-6.889765],[107.527441,-6.889767],[107.527399,-6.889827],[107.527386,-6.889847],[107.527385,-6.889848],[107.527379,-6.889857],[107.527378,-6.889858],[107.527356,-6.889902],[107.52733,-6.889953],[107.527258,-6.889911],[107.527242,-6.889894],[107.527235,-6.889887],[107.527215,-6.889866],[107.527196,-6.889849],[107.527193,-6.889845],[107.527165,-6.889819],[107.52716,-6.889814],[107.527137,-6.889795],[107.527134,-6.889792],[107.52712,-6.88978],[107.527101,-6.889764],[107.527069,-6.889737],[107.527021,-6.889696],[107.527005,-6.889683],[107.527003,-6.889681],[107.526995,-6.889674],[107.526993,-6.889673],[107.526953,-6.889639],[107.526893,-6.889587],[107.526845,-6.889544],[107.526832,-6.889533],[107.526774,-6.88948],[107.526725,-6.889435],[107.526722,-6.889433],[107.526689,-6.889403],[107.526662,-6.889377],[107.526508,-6.889234],[107.526498,-6.889225],[107.526371,-6.889107],[107.52636,-6.889112],[107.526327,-6.889158],[107.526287,-6.889226],[107.526233,-6.889321],[107.526199,-6.88938],[107.526135,-6.88948],[107.526064,-6.889592],[107.526046,-6.889637],[107.526012,-6.88972],[107.526009,-6.889727],[107.525865,-6.88998],[107.525846,-6.890011],[107.525832,-6.890035],[107.525801,-6.890087],[107.525716,-6.890232],[107.525696,-6.89027],[107.525678,-6.890302],[107.525652,-6.890348],[107.525632,-6.890385],[107.525603,-6.890438],[107.525573,-6.890493],[107.525522,-6.890579],[107.525451,-6.890699],[107.525408,-6.890774],[107.525393,-6.890799],[107.525319,-6.890928],[107.525312,-6.890947],[107.525306,-6.890963],[107.525298,-6.890986],[107.525272,-6.891059],[107.525232,-6.891218],[107.525173,-6.891275],[107.525166,-6.891282],[107.525123,-6.891324],[107.525109,-6.891339],[107.525058,-6.891394],[107.525006,-6.891452],[107.525005,-6.891453]]]}},{"type":"Feature","properties":{"wilayah_id":4,"kelurahan":"Leuwigajah","kecamatan":"Cimahi Selatan","jumlah_rw":20},"geometry":{"type":"Polygon","coordinates":[[[107.51567,-6.912693],[107.515684,-6.912729],[107.515719,-6.912817],[107.515753,-6.912907],[107.515762,-6.912918],[107.515914,-6.913135],[107.515928,-6.913155],[107.516034,-6.913305],[107.516036,-6.913308],[107.516052,-6.913331],[107.516299,-6.913682],[107.516329,-6.913725],[107.516337,-6.913736],[107.51637,-6.913784],[107.516414,-6.913846],[107.516444,-6.913889],[107.516445,-6.913889],[107.516471,-6.913917],[107.516601,-6.914055],[107.516616,-6.91407],[107.516633,-6.914088],[107.516657,-6.914113],[107.516803,-6.914259],[107.516816,-6.914271],[107.516862,-6.914318],[107.516901,-6.914356],[107.516918,-6.914373],[107.516956,-6.914412],[107.516979,-6.914435],[107.51704,-6.914495],[107.517106,-6.914578],[107.517108,-6.914581],[107.517183,-6.914674],[107.517201,-6.9147],[107.517226,-6.914735],[107.517261,-6.914783],[107.51729,-6.914824],[107.517389,-6.915],[107.517417,-6.915063],[107.517421,-6.915075],[107.517424,-6.91508],[107.517447,-6.915133],[107.517458,-6.915159],[107.517475,-6.915212],[107.517518,-6.915345],[107.517552,-6.915469],[107.517562,-6.915506],[107.517573,-6.915545],[107.517583,-6.915583],[107.517622,-6.915712],[107.517625,-6.915723],[107.517663,-6.915804],[107.517682,-6.915845],[107.517766,-6.915931],[107.517791,-6.915957],[107.517858,-6.916024],[107.517867,-6.916034],[107.517883,-6.91605],[107.517917,-6.916083],[107.51795,-6.916123],[107.517952,-6.916125],[107.517989,-6.916169],[107.518003,-6.916186],[107.518064,-6.916258],[107.518073,-6.916268],[107.518105,-6.916306],[107.518118,-6.916322],[107.518125,-6.91633],[107.518173,-6.916389],[107.518183,-6.916401],[107.518225,-6.916451],[107.51823,-6.916457],[107.518237,-6.916465],[107.518238,-6.916466],[107.518273,-6.916509],[107.518295,-6.916534],[107.518303,-6.916544],[107.518304,-6.916547],[107.518322,-6.916599],[107.518329,-6.916622],[107.518336,-6.916642],[107.518345,-6.91667],[107.518346,-6.916673],[107.518344,-6.916693],[107.518341,-6.916733],[107.518339,-6.916749],[107.518339,-6.916751],[107.518309,-6.916786],[107.518302,-6.916794],[107.518296,-6.916801],[107.518226,-6.916811],[107.518182,-6.916817],[107.518173,-6.916819],[107.518137,-6.916823],[107.518086,-6.916829],[107.518075,-6.91683],[107.518062,-6.916831],[107.518056,-6.916831],[107.51801,-6.916836],[107.518003,-6.916837],[107.517955,-6.916892],[107.517946,-6.916901],[107.517926,-6.916962],[107.517918,-6.916987],[107.517913,-6.917027],[107.517908,-6.917066],[107.517906,-6.917083],[107.517904,-6.917101],[107.517904,-6.917229],[107.517916,-6.917293],[107.517925,-6.917336],[107.517981,-6.917441],[107.517982,-6.917444],[107.518053,-6.917539],[107.518061,-6.917549],[107.518064,-6.917553],[107.518067,-6.917558],[107.518082,-6.917578],[107.518084,-6.917576],[107.518086,-6.917577],[107.51811,-6.917585],[107.518111,-6.917585],[107.518131,-6.917584],[107.518136,-6.917584],[107.518152,-6.917583],[107.518217,-6.91758],[107.518226,-6.917579],[107.518279,-6.917577],[107.518309,-6.917575],[107.518314,-6.917575],[107.518357,-6.917565],[107.518365,-6.917564],[107.518372,-6.917562],[107.518428,-6.91755],[107.518452,-6.917544],[107.518463,-6.917542],[107.518477,-6.917539],[107.518517,-6.917529],[107.518518,-6.917529],[107.51858,-6.917513],[107.518609,-6.917506],[107.518648,-6.917496],[107.518648,-6.917497],[107.518653,-6.917535],[107.518654,-6.917541],[107.518658,-6.917567],[107.518666,-6.917669],[107.518668,-6.917701],[107.51867,-6.917726],[107.518672,-6.917745],[107.518674,-6.917766],[107.518681,-6.917854],[107.518728,-6.91801],[107.518749,-6.918083],[107.518816,-6.918308],[107.518836,-6.918373],[107.518853,-6.918431],[107.518875,-6.918505],[107.51888,-6.918524],[107.518895,-6.918574],[107.518901,-6.918593],[107.518918,-6.91865],[107.518929,-6.918686],[107.518931,-6.918695],[107.518932,-6.918699],[107.518936,-6.918711],[107.518939,-6.918722],[107.51895,-6.918758],[107.518964,-6.918786],[107.518981,-6.918821],[107.518983,-6.918824],[107.518988,-6.918834],[107.51901,-6.91888],[107.519012,-6.918879],[107.519024,-6.918874],[107.51908,-6.918852],[107.519098,-6.918844],[107.51913,-6.918832],[107.519155,-6.918813],[107.519169,-6.918802],[107.519193,-6.918784],[107.5192,-6.918779],[107.519216,-6.918768],[107.519219,-6.918765],[107.51922,-6.918765],[107.519259,-6.918753],[107.519333,-6.918731],[107.519338,-6.918729],[107.51935,-6.918727],[107.519433,-6.918715],[107.51946,-6.918711],[107.519464,-6.91871],[107.519536,-6.918697],[107.51956,-6.918693],[107.519565,-6.918692],[107.519625,-6.918676],[107.519644,-6.918671],[107.519728,-6.918649],[107.519755,-6.918642],[107.5198,-6.918631],[107.519809,-6.918631],[107.519842,-6.918634],[107.519849,-6.918635],[107.51985,-6.918635],[107.519919,-6.91864],[107.519928,-6.918641],[107.519968,-6.918644],[107.520023,-6.918649],[107.520051,-6.918651],[107.520068,-6.918653],[107.520126,-6.918657],[107.520141,-6.918659],[107.520187,-6.918662],[107.520199,-6.918667],[107.520209,-6.91867],[107.520241,-6.91868],[107.520306,-6.918702],[107.520319,-6.918706],[107.520388,-6.918729],[107.52039,-6.918729],[107.52044,-6.918733],[107.520466,-6.918735],[107.520471,-6.918736],[107.520477,-6.918736],[107.520493,-6.918737],[107.52052,-6.91874],[107.52054,-6.918741],[107.520542,-6.918741],[107.520544,-6.918742],[107.520581,-6.918755],[107.520617,-6.918768],[107.520622,-6.91877],[107.520624,-6.918771],[107.520643,-6.918778],[107.520681,-6.918791],[107.520711,-6.918802],[107.520765,-6.918821],[107.520792,-6.918831],[107.520809,-6.918837],[107.520842,-6.918849],[107.520871,-6.91886],[107.520997,-6.918905],[107.520999,-6.918906],[107.521035,-6.918922],[107.521158,-6.918977],[107.521188,-6.918995],[107.521312,-6.91907],[107.521418,-6.919133],[107.521474,-6.919167],[107.521535,-6.919204],[107.521549,-6.919213],[107.521609,-6.919262],[107.521617,-6.919269],[107.521622,-6.919273],[107.521753,-6.91938],[107.521782,-6.919389],[107.521794,-6.919392],[107.522174,-6.919503],[107.522279,-6.919533],[107.522281,-6.919534],[107.522313,-6.919543],[107.522317,-6.919544],[107.522419,-6.919561],[107.522452,-6.919567],[107.522618,-6.919594],[107.522642,-6.919598],[107.522685,-6.919605],[107.522689,-6.919606],[107.522692,-6.919606],[107.522705,-6.919608],[107.522711,-6.919609],[107.522746,-6.919615],[107.522795,-6.919623],[107.522816,-6.919627],[107.522832,-6.919629],[107.522837,-6.91963],[107.522865,-6.919635],[107.522881,-6.919637],[107.522917,-6.919649],[107.522921,-6.919651],[107.522925,-6.919652],[107.522941,-6.919657],[107.522954,-6.919661],[107.523004,-6.919678],[107.523021,-6.919684],[107.523159,-6.91973],[107.523164,-6.919733],[107.523187,-6.919748],[107.52319,-6.91975],[107.523245,-6.919787],[107.523278,-6.919811],[107.523317,-6.919839],[107.523324,-6.919844],[107.523332,-6.919857],[107.523333,-6.919858],[107.523353,-6.919888],[107.523373,-6.919919],[107.523437,-6.919953],[107.523458,-6.919965],[107.523465,-6.919968],[107.523467,-6.919969],[107.523469,-6.919971],[107.523552,-6.920016],[107.523655,-6.920064],[107.523795,-6.92013],[107.523902,-6.920184],[107.523972,-6.920219],[107.523997,-6.920232],[107.524031,-6.920249],[107.524078,-6.920272],[107.524101,-6.920274],[107.52414,-6.920278],[107.524205,-6.920284],[107.524216,-6.920285],[107.52425,-6.920288],[107.524252,-6.920288],[107.524266,-6.92029],[107.524271,-6.92029],[107.524272,-6.920291],[107.524284,-6.920296],[107.524329,-6.920314],[107.52437,-6.92033],[107.524422,-6.920371],[107.524431,-6.920378],[107.524451,-6.920394],[107.524454,-6.920396],[107.524481,-6.920418],[107.524553,-6.920474],[107.52456,-6.92048],[107.52465,-6.920553],[107.52465,-6.920554],[107.52467,-6.92057],[107.52479,-6.92063],[107.524817,-6.920643],[107.524934,-6.920697],[107.52505,-6.92075],[107.525127,-6.920785],[107.525177,-6.920808],[107.525376,-6.920948],[107.525414,-6.920976],[107.525433,-6.920989],[107.525466,-6.921012],[107.525573,-6.921123],[107.525581,-6.921132],[107.525607,-6.921158],[107.525628,-6.92118],[107.525635,-6.921187],[107.525659,-6.921212],[107.525661,-6.921212],[107.525669,-6.921207],[107.525688,-6.921196],[107.525691,-6.921194],[107.525695,-6.921193],[107.525719,-6.921179],[107.525721,-6.921178],[107.525726,-6.921175],[107.525731,-6.921168],[107.525745,-6.92115],[107.525778,-6.921108],[107.525814,-6.921061],[107.525821,-6.921053],[107.525821,-6.921052],[107.525901,-6.920974],[107.525934,-6.920941],[107.525966,-6.92091],[107.525967,-6.92091],[107.526013,-6.920906],[107.526065,-6.920902],[107.526212,-6.920876],[107.526253,-6.920868],[107.526282,-6.920863],[107.526353,-6.920856],[107.526414,-6.92085],[107.526438,-6.92085],[107.526504,-6.920848],[107.526523,-6.920848],[107.526526,-6.920843],[107.526571,-6.920777],[107.526576,-6.920769],[107.52658,-6.920761],[107.526612,-6.9207],[107.52662,-6.920686],[107.526636,-6.920655],[107.526683,-6.920565],[107.526688,-6.920556],[107.526692,-6.920548],[107.526687,-6.920541],[107.526686,-6.920539],[107.526668,-6.920513],[107.52666,-6.920501],[107.526628,-6.920454],[107.526619,-6.920441],[107.52661,-6.920421],[107.526582,-6.920359],[107.526565,-6.920324],[107.526493,-6.920252],[107.526488,-6.920246],[107.52648,-6.920239],[107.526468,-6.920228],[107.526452,-6.920213],[107.526427,-6.920189],[107.526432,-6.920157],[107.526436,-6.920134],[107.526443,-6.920092],[107.52648,-6.920047],[107.526508,-6.920014],[107.526555,-6.919957],[107.526572,-6.919858],[107.526572,-6.919857],[107.526576,-6.91983],[107.526583,-6.919793],[107.526592,-6.919739],[107.526594,-6.919724],[107.526598,-6.919657],[107.526601,-6.919594],[107.526601,-6.91958],[107.526602,-6.919572],[107.526614,-6.919502],[107.526625,-6.919436],[107.526627,-6.919422],[107.526629,-6.919411],[107.526666,-6.91939],[107.526694,-6.919373],[107.526701,-6.919369],[107.526772,-6.919328],[107.526787,-6.919319],[107.526787,-6.919314],[107.526784,-6.919193],[107.526783,-6.919149],[107.526781,-6.919015],[107.52678,-6.918978],[107.52678,-6.918945],[107.526779,-6.918928],[107.526779,-6.918895],[107.526777,-6.918887],[107.526777,-6.918884],[107.526774,-6.918866],[107.526769,-6.918839],[107.526755,-6.918756],[107.526783,-6.918716],[107.526784,-6.918713],[107.526799,-6.91869],[107.526815,-6.918664],[107.526858,-6.918596],[107.526867,-6.918582],[107.526884,-6.918555],[107.5269,-6.918528],[107.526913,-6.918485],[107.526924,-6.918448],[107.526949,-6.918361],[107.526953,-6.918346],[107.526956,-6.918336],[107.526967,-6.918283],[107.527014,-6.918074],[107.52703,-6.917999],[107.527055,-6.917933],[107.527071,-6.917889],[107.527105,-6.917799],[107.52714,-6.917705],[107.527151,-6.917672],[107.527166,-6.917631],[107.527212,-6.917501],[107.527239,-6.917427],[107.527252,-6.917392],[107.527258,-6.917373],[107.527303,-6.917247],[107.527356,-6.917096],[107.527471,-6.917095],[107.527643,-6.916881],[107.527849,-6.916779],[107.527977,-6.91674],[107.528328,-6.916633],[107.528328,-6.916634],[107.528376,-6.916673],[107.528398,-6.916697],[107.528406,-6.916702],[107.528431,-6.916718],[107.528597,-6.916738],[107.52864,-6.916744],[107.52866,-6.916746],[107.528769,-6.916772],[107.528817,-6.916783],[107.528827,-6.916785],[107.528838,-6.916788],[107.52884,-6.916788],[107.528842,-6.916789],[107.528845,-6.916789],[107.528845,-6.91679],[107.528857,-6.916792],[107.528861,-6.916793],[107.528863,-6.916794],[107.528871,-6.916796],[107.528874,-6.916796],[107.528895,-6.916801],[107.528928,-6.916809],[107.528945,-6.916813],[107.528948,-6.916814],[107.528954,-6.916815],[107.528966,-6.916818],[107.528982,-6.916821],[107.529022,-6.916831],[107.529052,-6.916838],[107.529063,-6.91684],[107.529106,-6.91685],[107.529105,-6.916856],[107.529104,-6.91686],[107.529102,-6.916865],[107.529094,-6.916895],[107.529091,-6.916926],[107.529094,-6.916945],[107.529104,-6.916952],[107.529108,-6.916955],[107.52913,-6.916963],[107.529149,-6.91697],[107.529161,-6.916973],[107.529168,-6.916974],[107.529193,-6.916979],[107.529197,-6.91698],[107.529222,-6.916984],[107.529228,-6.916985],[107.529241,-6.916988],[107.529247,-6.916988],[107.529263,-6.91699],[107.529267,-6.91699],[107.529275,-6.916991],[107.529278,-6.916992],[107.529286,-6.916992],[107.529298,-6.916994],[107.529302,-6.916994],[107.52931,-6.916995],[107.529316,-6.916996],[107.529317,-6.916996],[107.529328,-6.916997],[107.529334,-6.916997],[107.529337,-6.917],[107.529355,-6.917016],[107.529403,-6.917059],[107.529417,-6.917064],[107.52943,-6.917068],[107.529449,-6.917074],[107.529454,-6.917076],[107.529463,-6.917076],[107.529468,-6.917077],[107.529476,-6.917077],[107.529493,-6.917079],[107.52952,-6.917081],[107.529561,-6.917081],[107.529567,-6.917082],[107.529622,-6.917082],[107.529636,-6.917083],[107.529653,-6.917083],[107.529653,-6.917038],[107.529662,-6.917016],[107.529665,-6.917015],[107.529672,-6.917008],[107.529679,-6.917002],[107.529712,-6.916997],[107.529724,-6.916996],[107.529726,-6.916996],[107.529751,-6.916994],[107.529761,-6.916993],[107.529769,-6.916993],[107.529778,-6.916994],[107.529789,-6.916994],[107.529812,-6.916996],[107.529878,-6.916999],[107.529879,-6.916999],[107.529884,-6.917],[107.529886,-6.917],[107.529898,-6.917002],[107.529902,-6.917003],[107.529907,-6.917003],[107.529912,-6.917004],[107.529918,-6.917005],[107.529921,-6.917006],[107.529927,-6.917006],[107.529931,-6.917007],[107.529938,-6.917008],[107.52994,-6.917008],[107.529946,-6.917009],[107.529953,-6.91701],[107.529961,-6.917012],[107.529966,-6.917012],[107.529972,-6.917013],[107.529977,-6.917014],[107.52998,-6.917015],[107.529985,-6.917016],[107.529991,-6.917018],[107.529999,-6.91702],[107.530014,-6.917023],[107.530015,-6.917024],[107.530024,-6.917024],[107.530026,-6.917025],[107.530032,-6.917025],[107.530039,-6.917026],[107.530079,-6.917029],[107.530098,-6.917031],[107.530126,-6.917033],[107.530145,-6.917037],[107.530146,-6.917037],[107.530152,-6.917038],[107.530179,-6.917044],[107.530197,-6.917047],[107.530222,-6.917052],[107.530224,-6.917052],[107.530232,-6.917053],[107.530236,-6.917053],[107.530257,-6.917055],[107.530259,-6.917055],[107.530287,-6.917057],[107.530327,-6.91706],[107.530333,-6.91706],[107.530353,-6.917062],[107.530381,-6.917065],[107.530389,-6.917066],[107.530439,-6.917071],[107.530445,-6.917072],[107.53046,-6.917074],[107.530479,-6.917076],[107.530479,-6.917102],[107.530568,-6.917102],[107.530607,-6.917101],[107.530767,-6.917101],[107.530766,-6.917106],[107.530763,-6.917119],[107.530762,-6.917123],[107.53076,-6.917133],[107.530746,-6.917189],[107.530746,-6.917192],[107.530739,-6.917221],[107.530736,-6.917231],[107.530731,-6.917255],[107.530729,-6.917261],[107.530727,-6.917271],[107.530724,-6.91728],[107.530724,-6.917284],[107.530723,-6.917287],[107.530723,-6.917288],[107.530722,-6.917291],[107.530714,-6.917324],[107.530712,-6.917331],[107.530707,-6.917353],[107.530703,-6.917371],[107.530701,-6.917379],[107.5307,-6.917384],[107.530692,-6.917446],[107.530713,-6.917515],[107.530716,-6.917522],[107.53072,-6.917536],[107.530729,-6.917562],[107.530733,-6.917577],[107.530735,-6.917576],[107.530746,-6.917572],[107.53077,-6.917562],[107.530866,-6.917523],[107.530904,-6.917501],[107.53094,-6.917478],[107.530949,-6.917475],[107.530966,-6.91747],[107.530994,-6.917461],[107.531016,-6.917454],[107.531072,-6.917428],[107.531143,-6.917395],[107.531144,-6.917395],[107.531152,-6.9174],[107.531192,-6.917423],[107.531193,-6.917423],[107.531217,-6.917431],[107.531247,-6.91744],[107.531249,-6.91744],[107.53127,-6.917443],[107.531291,-6.917447],[107.531301,-6.917447],[107.531305,-6.917448],[107.531311,-6.917448],[107.531342,-6.917449],[107.53135,-6.917447],[107.531376,-6.91744],[107.531414,-6.91743],[107.531431,-6.917422],[107.531447,-6.917414],[107.531476,-6.917404],[107.531483,-6.917402],[107.531485,-6.917402],[107.531492,-6.9174],[107.531517,-6.9174],[107.531521,-6.917401],[107.531527,-6.917404],[107.531544,-6.91741],[107.531549,-6.917411],[107.531563,-6.917415],[107.531579,-6.917419],[107.531585,-6.917421],[107.53159,-6.917421],[107.531592,-6.917422],[107.531593,-6.917422],[107.531627,-6.917425],[107.531633,-6.917426],[107.531638,-6.917426],[107.531654,-6.917425],[107.531663,-6.917425],[107.531702,-6.917423],[107.531727,-6.917421],[107.531756,-6.917419],[107.531846,-6.917419],[107.53188,-6.917422],[107.531961,-6.917428],[107.532006,-6.917431],[107.532026,-6.917433],[107.532053,-6.917435],[107.532097,-6.917438],[107.53209,-6.917457],[107.532076,-6.9175],[107.532052,-6.917575],[107.532049,-6.917583],[107.532074,-6.917615],[107.532075,-6.917616],[107.532103,-6.917632],[107.532114,-6.917638],[107.53213,-6.917647],[107.53215,-6.917656],[107.532179,-6.917668],[107.532205,-6.917679],[107.532218,-6.917685],[107.532241,-6.917695],[107.532283,-6.917713],[107.532323,-6.91773],[107.532324,-6.917731],[107.532328,-6.917733],[107.532348,-6.91774],[107.532407,-6.917764],[107.532409,-6.917764],[107.532412,-6.917766],[107.532436,-6.917775],[107.5325,-6.9178],[107.53252,-6.917808],[107.532596,-6.917839],[107.532603,-6.917841],[107.532646,-6.917859],[107.532655,-6.917862],[107.532681,-6.91787],[107.532692,-6.917873],[107.532694,-6.917874],[107.532701,-6.917875],[107.532739,-6.917883],[107.532749,-6.917887],[107.532774,-6.9179],[107.532782,-6.917904],[107.532815,-6.917917],[107.53283,-6.917923],[107.532838,-6.917923],[107.532842,-6.917924],[107.532852,-6.917924],[107.532864,-6.917925],[107.532871,-6.917925],[107.532874,-6.917926],[107.532878,-6.917927],[107.532886,-6.917928],[107.532889,-6.917928],[107.532907,-6.917931],[107.532909,-6.917932],[107.53291,-6.917932],[107.532915,-6.917933],[107.532924,-6.917934],[107.532927,-6.917934],[107.53294,-6.917936],[107.532945,-6.917936],[107.532951,-6.917937],[107.53296,-6.91794],[107.532964,-6.917942],[107.532976,-6.917946],[107.532984,-6.917948],[107.532999,-6.917953],[107.533004,-6.917955],[107.533055,-6.917972],[107.533102,-6.917988],[107.533115,-6.917992],[107.53313,-6.918004],[107.533156,-6.918024],[107.53316,-6.918028],[107.533166,-6.918045],[107.533175,-6.918071],[107.533179,-6.918097],[107.533189,-6.918101],[107.53323,-6.918119],[107.533251,-6.918128],[107.533263,-6.918132],[107.533288,-6.918142],[107.533289,-6.918143],[107.533295,-6.918145],[107.533297,-6.918146],[107.533299,-6.918146],[107.533308,-6.91815],[107.533323,-6.918156],[107.533342,-6.918163],[107.533348,-6.918166],[107.53335,-6.918166],[107.533409,-6.918167],[107.533411,-6.918167],[107.53343,-6.918168],[107.533439,-6.918168],[107.53344,-6.91817],[107.533445,-6.918175],[107.533445,-6.91816],[107.533444,-6.918145],[107.533439,-6.918125],[107.533438,-6.91812],[107.533433,-6.918097],[107.533434,-6.918089],[107.533437,-6.918066],[107.533438,-6.918054],[107.53344,-6.918046],[107.533453,-6.918022],[107.533456,-6.918018],[107.533458,-6.918014],[107.533464,-6.917996],[107.533473,-6.917968],[107.533474,-6.917966],[107.533476,-6.917959],[107.533478,-6.917942],[107.533481,-6.917909],[107.533483,-6.917877],[107.533484,-6.917872],[107.533486,-6.917837],[107.533487,-6.917821],[107.533489,-6.917792],[107.533502,-6.917747],[107.533533,-6.917667],[107.533545,-6.917638],[107.533559,-6.917616],[107.533562,-6.917599],[107.533567,-6.917584],[107.533566,-6.917579],[107.533565,-6.917576],[107.533555,-6.917545],[107.533552,-6.917537],[107.533552,-6.917534],[107.53355,-6.917533],[107.533534,-6.917522],[107.533522,-6.917514],[107.533521,-6.917513],[107.533519,-6.917512],[107.533519,-6.917511],[107.53349,-6.91751],[107.533378,-6.917558],[107.533328,-6.917537],[107.533285,-6.917486],[107.533284,-6.917469],[107.533281,-6.91743],[107.533275,-6.917399],[107.533272,-6.917382],[107.533271,-6.917377],[107.533281,-6.917304],[107.533313,-6.917246],[107.53332,-6.917233],[107.533337,-6.917181],[107.533327,-6.917134],[107.533335,-6.917066],[107.533335,-6.917064],[107.533342,-6.917],[107.533341,-6.916991],[107.533338,-6.916963],[107.53331,-6.916949],[107.533309,-6.916948],[107.533268,-6.91696],[107.533267,-6.91696],[107.53324,-6.916941],[107.533227,-6.916931],[107.533226,-6.916929],[107.533219,-6.9169],[107.533215,-6.916885],[107.533211,-6.916868],[107.533209,-6.916804],[107.533209,-6.916803],[107.533212,-6.916745],[107.533214,-6.916713],[107.5332,-6.916627],[107.533198,-6.91662],[107.533198,-6.916618],[107.533188,-6.916513],[107.533186,-6.91649],[107.533187,-6.916462],[107.533192,-6.916369],[107.533194,-6.916324],[107.533195,-6.916297],[107.533203,-6.916217],[107.533211,-6.916145],[107.533217,-6.916082],[107.533215,-6.916071],[107.533212,-6.916042],[107.53321,-6.916023],[107.533218,-6.915987],[107.533227,-6.915943],[107.533228,-6.915937],[107.533229,-6.915904],[107.533234,-6.915791],[107.533253,-6.915735],[107.533259,-6.915719],[107.533302,-6.915669],[107.533304,-6.915669],[107.533324,-6.915671],[107.533343,-6.915674],[107.533365,-6.915691],[107.533366,-6.915691],[107.533378,-6.9157],[107.533379,-6.915701],[107.533384,-6.915701],[107.533388,-6.915702],[107.53344,-6.91571],[107.533452,-6.915712],[107.533462,-6.915705],[107.533505,-6.915677],[107.533516,-6.915663],[107.533522,-6.915654],[107.533531,-6.915642],[107.533532,-6.915641],[107.533535,-6.915594],[107.533535,-6.915583],[107.533531,-6.915569],[107.533518,-6.915525],[107.533517,-6.915521],[107.533508,-6.915493],[107.53351,-6.915483],[107.533512,-6.915462],[107.533514,-6.915446],[107.533517,-6.915423],[107.533524,-6.915418],[107.533533,-6.915412],[107.533551,-6.915398],[107.533594,-6.915369],[107.533653,-6.915322],[107.533678,-6.915303],[107.533697,-6.915288],[107.533723,-6.91523],[107.53375,-6.915135],[107.533757,-6.915109],[107.533758,-6.915098],[107.533772,-6.914976],[107.533775,-6.914946],[107.533779,-6.914914],[107.533782,-6.914842],[107.533772,-6.914825],[107.533748,-6.914784],[107.533732,-6.914774],[107.533717,-6.914763],[107.533685,-6.914756],[107.533642,-6.914747],[107.533606,-6.914718],[107.533606,-6.914688],[107.533607,-6.914666],[107.533618,-6.914632],[107.53362,-6.914626],[107.533655,-6.914569],[107.533672,-6.914546],[107.533689,-6.914524],[107.533719,-6.914486],[107.533723,-6.914434],[107.533728,-6.914382],[107.533728,-6.914379],[107.533753,-6.914339],[107.533766,-6.914319],[107.533812,-6.914271],[107.533818,-6.914263],[107.53382,-6.91426],[107.533861,-6.914206],[107.533876,-6.914143],[107.533876,-6.914129],[107.533874,-6.914104],[107.533872,-6.914053],[107.533875,-6.914009],[107.533902,-6.913968],[107.533915,-6.913947],[107.533936,-6.913928],[107.533953,-6.913911],[107.533978,-6.913855],[107.533976,-6.913829],[107.533972,-6.913792],[107.533943,-6.913737],[107.533903,-6.913686],[107.533866,-6.913638],[107.533858,-6.913626],[107.53381,-6.913556],[107.533799,-6.913536],[107.533779,-6.913499],[107.53378,-6.913448],[107.53378,-6.913422],[107.533793,-6.913385],[107.533794,-6.913384],[107.533786,-6.913357],[107.53378,-6.913352],[107.533713,-6.913289],[107.533679,-6.913265],[107.533616,-6.913221],[107.533614,-6.913218],[107.533599,-6.913188],[107.533595,-6.913125],[107.533604,-6.913099],[107.533614,-6.913069],[107.53362,-6.913061],[107.533656,-6.913008],[107.533677,-6.912955],[107.53368,-6.912946],[107.53368,-6.912895],[107.533651,-6.91279],[107.533651,-6.912788],[107.533647,-6.912768],[107.533633,-6.912688],[107.533626,-6.91262],[107.533625,-6.912616],[107.533623,-6.912591],[107.53363,-6.912552],[107.533649,-6.912458],[107.533657,-6.912415],[107.533666,-6.912373],[107.533668,-6.912356],[107.533674,-6.912308],[107.533676,-6.9123],[107.533679,-6.912277],[107.533683,-6.912266],[107.533744,-6.912124],[107.533758,-6.912092],[107.533769,-6.912066],[107.533807,-6.911987],[107.533806,-6.911948],[107.533805,-6.911897],[107.533793,-6.911829],[107.533789,-6.911808],[107.533789,-6.911745],[107.533804,-6.911685],[107.533822,-6.911652],[107.533839,-6.911621],[107.533878,-6.911552],[107.533889,-6.911532],[107.533911,-6.911485],[107.533921,-6.911465],[107.533921,-6.911464],[107.533932,-6.911361],[107.533933,-6.911297],[107.533933,-6.911244],[107.533925,-6.911143],[107.533924,-6.911122],[107.533922,-6.911101],[107.533921,-6.91109],[107.533944,-6.911023],[107.534011,-6.91098],[107.534015,-6.910977],[107.534016,-6.910975],[107.534047,-6.910949],[107.534049,-6.910947],[107.534057,-6.910941],[107.534068,-6.910932],[107.534087,-6.910894],[107.534069,-6.910834],[107.534056,-6.910823],[107.534004,-6.910777],[107.534003,-6.910776],[107.533966,-6.910749],[107.533921,-6.910715],[107.533905,-6.910684],[107.533892,-6.910659],[107.53389,-6.910643],[107.533887,-6.910623],[107.53388,-6.910569],[107.533844,-6.910466],[107.533834,-6.910441],[107.533834,-6.910439],[107.533833,-6.910438],[107.533833,-6.910437],[107.533825,-6.910415],[107.533824,-6.910414],[107.533795,-6.910339],[107.533757,-6.910242],[107.53375,-6.910224],[107.533723,-6.910188],[107.53371,-6.910171],[107.533675,-6.910156],[107.533619,-6.910133],[107.533508,-6.910114],[107.533445,-6.910108],[107.533416,-6.910105],[107.533378,-6.910102],[107.533277,-6.910068],[107.533276,-6.910068],[107.533251,-6.910048],[107.5332,-6.910009],[107.533198,-6.910008],[107.533143,-6.909971],[107.533094,-6.909937],[107.532972,-6.909883],[107.532927,-6.909863],[107.532871,-6.909807],[107.532825,-6.909762],[107.532779,-6.909719],[107.532634,-6.909582],[107.532583,-6.909534],[107.532579,-6.90953],[107.532423,-6.909343],[107.532422,-6.909341],[107.532393,-6.909254],[107.532348,-6.909154],[107.532316,-6.909084],[107.532312,-6.909072],[107.532278,-6.908983],[107.532262,-6.908941],[107.532197,-6.908866],[107.532142,-6.908802],[107.532119,-6.908776],[107.532092,-6.908745],[107.532052,-6.908697],[107.532045,-6.908693],[107.531971,-6.90865],[107.531868,-6.908604],[107.531856,-6.908598],[107.531777,-6.908571],[107.531719,-6.908528],[107.531675,-6.908501],[107.531525,-6.908408],[107.531521,-6.908399],[107.531497,-6.908344],[107.531481,-6.908306],[107.53146,-6.908254],[107.531447,-6.908189],[107.53144,-6.908153],[107.531444,-6.908109],[107.531447,-6.908069],[107.531466,-6.908009],[107.531466,-6.907929],[107.531462,-6.907904],[107.531458,-6.907874],[107.53145,-6.907816],[107.531469,-6.907781],[107.531471,-6.907777],[107.531472,-6.907774],[107.53148,-6.907772],[107.531495,-6.907766],[107.531497,-6.907767],[107.531557,-6.907772],[107.531626,-6.907778],[107.531631,-6.907779],[107.53165,-6.907781],[107.531653,-6.907781],[107.53167,-6.907779],[107.53169,-6.907776],[107.531715,-6.907773],[107.53176,-6.907767],[107.531767,-6.907764],[107.531777,-6.90776],[107.53178,-6.907759],[107.531791,-6.907755],[107.531801,-6.907751],[107.531817,-6.907746],[107.531819,-6.907742],[107.531828,-6.907722],[107.531846,-6.907683],[107.531867,-6.907636],[107.531868,-6.907634],[107.53187,-6.907627],[107.531898,-6.907535],[107.53193,-6.907454],[107.531943,-6.90742],[107.531954,-6.907409],[107.532001,-6.907365],[107.532004,-6.907362],[107.532063,-6.9073],[107.532079,-6.907283],[107.532105,-6.907224],[107.532168,-6.906979],[107.532169,-6.906977],[107.532181,-6.90695],[107.532184,-6.906943],[107.532199,-6.906909],[107.53227,-6.906838],[107.532302,-6.906817],[107.532355,-6.906782],[107.532397,-6.906738],[107.532402,-6.906724],[107.532403,-6.906721],[107.532437,-6.906623],[107.53244,-6.90661],[107.532461,-6.906533],[107.53248,-6.906462],[107.5325,-6.906436],[107.532508,-6.906427],[107.532569,-6.906349],[107.532575,-6.906341],[107.532634,-6.906253],[107.532685,-6.90619],[107.532735,-6.906128],[107.532754,-6.906105],[107.532778,-6.906064],[107.53279,-6.906044],[107.532828,-6.905964],[107.532831,-6.905957],[107.532888,-6.905833],[107.532901,-6.905815],[107.53294,-6.905762],[107.532949,-6.90575],[107.532952,-6.905747],[107.532989,-6.905702],[107.533052,-6.905602],[107.533074,-6.905539],[107.533087,-6.905505],[107.533089,-6.905501],[107.533094,-6.905487],[107.533106,-6.905455],[107.533139,-6.905399],[107.533154,-6.905374],[107.533205,-6.905293],[107.533217,-6.905275],[107.533225,-6.905264],[107.533225,-6.905263],[107.533226,-6.905262],[107.533235,-6.905248],[107.533239,-6.905242],[107.533239,-6.905241],[107.533242,-6.905237],[107.533247,-6.90523],[107.533251,-6.905224],[107.533261,-6.905208],[107.533262,-6.905207],[107.533266,-6.905201],[107.533267,-6.905198],[107.53327,-6.905193],[107.533274,-6.905183],[107.533277,-6.905178],[107.533301,-6.905125],[107.533328,-6.905067],[107.53334,-6.905048],[107.53334,-6.905047],[107.533354,-6.905024],[107.533383,-6.904975],[107.533391,-6.904962],[107.533423,-6.904908],[107.533447,-6.904868],[107.533466,-6.904836],[107.533467,-6.904835],[107.533488,-6.90481],[107.5335,-6.904796],[107.533541,-6.904746],[107.533565,-6.904714],[107.53359,-6.904679],[107.533632,-6.904624],[107.533637,-6.904614],[107.533649,-6.904586],[107.533664,-6.904555],[107.533686,-6.904494],[107.533687,-6.90449],[107.533693,-6.904472],[107.533704,-6.904441],[107.533705,-6.90444],[107.533709,-6.90443],[107.533713,-6.904422],[107.533716,-6.904417],[107.533719,-6.904411],[107.533726,-6.904396],[107.533739,-6.904369],[107.533767,-6.904313],[107.533772,-6.904302],[107.533779,-6.904288],[107.533791,-6.904265],[107.533799,-6.904248],[107.533809,-6.904229],[107.533819,-6.904207],[107.533827,-6.904192],[107.533831,-6.904186],[107.533843,-6.904169],[107.533864,-6.904138],[107.533867,-6.904134],[107.533885,-6.904106],[107.533899,-6.904086],[107.533909,-6.904072],[107.533915,-6.90406],[107.533926,-6.904039],[107.533933,-6.904027],[107.533935,-6.904022],[107.533939,-6.904016],[107.533966,-6.903971],[107.533987,-6.903937],[107.534032,-6.903865],[107.534039,-6.903852],[107.534045,-6.903843],[107.534063,-6.903813],[107.534088,-6.903767],[107.534098,-6.903749],[107.534138,-6.90367],[107.534159,-6.903627],[107.534181,-6.903584],[107.53421,-6.90353],[107.534212,-6.903525],[107.534225,-6.903474],[107.534229,-6.903462],[107.534233,-6.90337],[107.534235,-6.903331],[107.534236,-6.903306],[107.534236,-6.903305],[107.534237,-6.903287],[107.534237,-6.903285],[107.534238,-6.903259],[107.534239,-6.903242],[107.534236,-6.903215],[107.534235,-6.903202],[107.534232,-6.903166],[107.534231,-6.903157],[107.534239,-6.903151],[107.534278,-6.903124],[107.534296,-6.903112],[107.5343,-6.903109],[107.534306,-6.903104],[107.53431,-6.903102],[107.53432,-6.903095],[107.534322,-6.903094],[107.534332,-6.903087],[107.534339,-6.903082],[107.534354,-6.903072],[107.534359,-6.903069],[107.534369,-6.903062],[107.534374,-6.903059],[107.534381,-6.903054],[107.534382,-6.903054],[107.534392,-6.903047],[107.534395,-6.903045],[107.534399,-6.903042],[107.534411,-6.903035],[107.534413,-6.903033],[107.534426,-6.903024],[107.534431,-6.903022],[107.534446,-6.903011],[107.534448,-6.90301],[107.534449,-6.903009],[107.534461,-6.903002],[107.534463,-6.903],[107.534464,-6.903],[107.534469,-6.902996],[107.534484,-6.902968],[107.53452,-6.902902],[107.534555,-6.902847],[107.534612,-6.902758],[107.534614,-6.902759],[107.534646,-6.902771],[107.534646,-6.90277],[107.53466,-6.902739],[107.534687,-6.902678],[107.534702,-6.902645],[107.534704,-6.902646],[107.534744,-6.902662],[107.534784,-6.902677],[107.53482,-6.902692],[107.534922,-6.902732],[107.53493,-6.902735],[107.53493,-6.902734],[107.534939,-6.902709],[107.534985,-6.902579],[107.534987,-6.902572],[107.535008,-6.902515],[107.535014,-6.902497],[107.535035,-6.902426],[107.535037,-6.90242],[107.535052,-6.902367],[107.535064,-6.902329],[107.535074,-6.902301],[107.535104,-6.902243],[107.535111,-6.902228],[107.535135,-6.902181],[107.535205,-6.902046],[107.535231,-6.901994],[107.535252,-6.901953],[107.535304,-6.901866],[107.535345,-6.901796],[107.53538,-6.901737],[107.535393,-6.901716],[107.535394,-6.901713],[107.535437,-6.901625],[107.535484,-6.901528],[107.535514,-6.901466],[107.535518,-6.901458],[107.535601,-6.901336],[107.53568,-6.90122],[107.535692,-6.901199],[107.535747,-6.901099],[107.535772,-6.901054],[107.535774,-6.901052],[107.53578,-6.901041],[107.535877,-6.90088],[107.535908,-6.900829],[107.535961,-6.90074],[107.536002,-6.900663],[107.536013,-6.900643],[107.536019,-6.900631],[107.536083,-6.900506],[107.536096,-6.900481],[107.536102,-6.900468],[107.536124,-6.900415],[107.536138,-6.900383],[107.536171,-6.90028],[107.536179,-6.900257],[107.536204,-6.90018],[107.536226,-6.900098],[107.536231,-6.900077],[107.536231,-6.900075],[107.536236,-6.900054],[107.536265,-6.899933],[107.536284,-6.89985],[107.536295,-6.899804],[107.536317,-6.899707],[107.536327,-6.899662],[107.53633,-6.899651],[107.536332,-6.899641],[107.536334,-6.899633],[107.536334,-6.899632],[107.536337,-6.899618],[107.536359,-6.899519],[107.53636,-6.899513],[107.536369,-6.899469],[107.536388,-6.899366],[107.536393,-6.899349],[107.536412,-6.899271],[107.53642,-6.899234],[107.536443,-6.899121],[107.536465,-6.899015],[107.536466,-6.899011],[107.536469,-6.899],[107.536483,-6.898934],[107.536498,-6.898861],[107.5365,-6.898851],[107.536508,-6.898808],[107.536519,-6.898693],[107.536527,-6.89861],[107.536531,-6.89857],[107.536534,-6.898537],[107.536541,-6.89844],[107.53655,-6.898304],[107.536549,-6.898258],[107.536548,-6.898211],[107.536546,-6.898157],[107.536541,-6.898058],[107.536538,-6.897995],[107.536533,-6.897879],[107.536526,-6.897741],[107.536523,-6.897518],[107.536522,-6.89743],[107.536519,-6.897168],[107.536529,-6.896977],[107.536532,-6.896916],[107.536534,-6.896876],[107.536548,-6.896615],[107.536555,-6.896483],[107.536561,-6.896369],[107.536562,-6.896364],[107.536567,-6.896266],[107.536566,-6.896085],[107.536566,-6.896057],[107.536567,-6.895941],[107.536568,-6.895894],[107.53657,-6.895622],[107.536572,-6.895491],[107.536572,-6.895408],[107.536574,-6.895227],[107.536576,-6.895083],[107.536576,-6.895003],[107.536579,-6.894741],[107.536579,-6.894695],[107.53658,-6.894643],[107.53658,-6.894603],[107.53655,-6.894603],[107.536507,-6.894602],[107.536446,-6.894602],[107.53641,-6.894601],[107.536352,-6.894601],[107.536327,-6.8946],[107.536251,-6.8946],[107.536251,-6.894552],[107.536252,-6.894523],[107.536253,-6.894507],[107.536253,-6.894485],[107.536254,-6.894477],[107.536254,-6.894439],[107.536255,-6.8944],[107.536197,-6.894413],[107.536169,-6.894419],[107.536165,-6.894419],[107.536122,-6.894435],[107.536093,-6.894446],[107.536083,-6.894452],[107.536077,-6.894455],[107.536035,-6.89448],[107.536024,-6.894486],[107.53602,-6.894491],[107.536001,-6.894513],[107.535996,-6.89453],[107.535991,-6.894545],[107.53599,-6.894547],[107.535988,-6.894584],[107.535984,-6.894585],[107.535967,-6.894587],[107.53594,-6.894591],[107.535939,-6.894591],[107.535912,-6.894595],[107.535903,-6.894596],[107.535884,-6.894599],[107.535878,-6.894599],[107.535857,-6.894598],[107.535846,-6.894597],[107.535809,-6.894595],[107.535795,-6.894595],[107.535769,-6.894593],[107.535766,-6.894593],[107.535748,-6.894592],[107.535724,-6.894591],[107.535711,-6.89459],[107.53571,-6.89459],[107.535691,-6.894589],[107.535668,-6.894588],[107.535647,-6.894587],[107.535646,-6.894587],[107.535636,-6.894586],[107.535626,-6.894586],[107.535606,-6.894585],[107.535585,-6.894584],[107.535571,-6.894583],[107.535544,-6.894582],[107.535525,-6.894581],[107.535507,-6.89458],[107.535496,-6.894579],[107.535485,-6.894579],[107.535463,-6.894577],[107.535456,-6.894577],[107.53542,-6.894576],[107.535397,-6.894576],[107.535373,-6.894575],[107.535359,-6.894575],[107.535328,-6.894574],[107.535312,-6.894573],[107.535291,-6.894573],[107.535263,-6.894572],[107.535253,-6.894572],[107.535224,-6.894571],[107.535201,-6.89457],[107.53517,-6.894569],[107.535161,-6.894569],[107.53512,-6.894568],[107.535112,-6.894568],[107.535079,-6.894567],[107.535073,-6.894567],[107.535062,-6.894566],[107.535028,-6.894565],[107.535021,-6.894565],[107.53497,-6.894563],[107.534969,-6.894563],[107.534921,-6.894561],[107.534908,-6.894561],[107.53486,-6.894559],[107.534843,-6.894558],[107.534823,-6.894557],[107.534799,-6.894557],[107.534782,-6.894556],[107.534752,-6.894555],[107.53474,-6.894554],[107.534692,-6.894553],[107.53469,-6.894552],[107.534652,-6.894551],[107.534608,-6.894549],[107.534593,-6.894549],[107.534563,-6.894548],[107.534548,-6.894547],[107.534547,-6.894547],[107.534476,-6.894544],[107.534471,-6.894544],[107.534442,-6.894543],[107.534413,-6.894541],[107.534314,-6.894536],[107.534308,-6.894536],[107.534307,-6.894544],[107.534304,-6.894588],[107.5343,-6.894624],[107.534297,-6.894665],[107.534297,-6.894763],[107.534298,-6.894766],[107.534303,-6.894797],[107.534303,-6.8948],[107.534306,-6.894813],[107.534307,-6.894822],[107.534308,-6.894828],[107.534308,-6.894829],[107.534299,-6.894859],[107.534296,-6.89487],[107.53428,-6.894923],[107.534275,-6.894942],[107.534253,-6.895015],[107.534252,-6.895019],[107.534251,-6.895022],[107.534248,-6.895032],[107.53422,-6.895126],[107.534217,-6.895138],[107.534206,-6.895175],[107.5342,-6.895197],[107.534192,-6.895224],[107.534123,-6.895247],[107.534122,-6.89525],[107.534118,-6.895266],[107.53411,-6.895303],[107.534108,-6.895312],[107.534105,-6.895324],[107.534098,-6.895355],[107.534093,-6.895373],[107.534077,-6.895444],[107.534072,-6.895465],[107.534055,-6.895537],[107.534051,-6.895556],[107.534034,-6.895628],[107.534033,-6.895633],[107.534032,-6.895635],[107.534032,-6.895637],[107.534029,-6.895648],[107.534026,-6.895654],[107.534008,-6.895683],[107.533996,-6.895701],[107.533985,-6.895716],[107.533976,-6.895729],[107.533965,-6.895743],[107.533952,-6.895762],[107.533944,-6.895773],[107.533929,-6.895793],[107.533924,-6.895799],[107.533921,-6.895803],[107.533918,-6.895808],[107.533882,-6.895856],[107.533876,-6.895865],[107.53387,-6.895865],[107.533868,-6.895864],[107.533853,-6.895863],[107.533852,-6.895863],[107.53384,-6.895861],[107.533832,-6.895861],[107.533825,-6.89586],[107.53382,-6.895859],[107.533807,-6.895858],[107.533805,-6.895858],[107.533793,-6.895856],[107.533791,-6.895856],[107.53379,-6.895869],[107.533789,-6.895871],[107.533788,-6.89588],[107.533787,-6.895893],[107.533786,-6.895902],[107.533784,-6.895915],[107.533783,-6.895927],[107.533782,-6.895931],[107.533777,-6.895973],[107.533776,-6.895984],[107.533774,-6.895994],[107.533772,-6.896008],[107.533766,-6.896065],[107.53376,-6.896114],[107.533758,-6.896123],[107.533742,-6.896126],[107.533742,-6.896127],[107.533731,-6.89622],[107.533727,-6.89626],[107.533726,-6.896262],[107.533726,-6.896263],[107.53371,-6.896352],[107.533707,-6.896369],[107.533701,-6.896401],[107.533691,-6.896451],[107.53369,-6.89646],[107.533686,-6.89648],[107.533685,-6.896487],[107.53368,-6.896512],[107.533677,-6.896532],[107.533668,-6.896583],[107.533662,-6.896618],[107.533657,-6.896648],[107.533654,-6.896671],[107.533637,-6.896768],[107.533627,-6.896833],[107.533622,-6.896858],[107.533605,-6.896959],[107.533603,-6.896976],[107.533579,-6.897094],[107.533551,-6.897236],[107.53355,-6.897238],[107.533549,-6.897244],[107.533536,-6.897312],[107.533534,-6.897323],[107.53352,-6.897392],[107.533513,-6.897427],[107.533512,-6.897433],[107.533507,-6.897462],[107.533506,-6.897467],[107.533506,-6.897469],[107.533489,-6.897481],[107.533476,-6.897487],[107.53346,-6.897484],[107.533438,-6.897481],[107.533402,-6.897474],[107.53339,-6.897472],[107.533352,-6.897462],[107.533313,-6.897453],[107.533301,-6.89745],[107.533284,-6.897446],[107.533269,-6.897443],[107.533252,-6.897439],[107.53321,-6.897429],[107.533197,-6.897426],[107.533153,-6.897415],[107.533134,-6.897411],[107.533084,-6.897399],[107.533083,-6.897399],[107.533073,-6.897397],[107.533011,-6.897382],[107.533005,-6.89738],[107.532942,-6.897366],[107.532939,-6.897365],[107.532932,-6.897363],[107.532867,-6.897349],[107.53286,-6.897348],[107.532848,-6.897345],[107.532791,-6.897333],[107.532788,-6.897332],[107.532749,-6.897324],[107.532728,-6.897319],[107.532719,-6.897317],[107.532677,-6.897308],[107.532656,-6.897303],[107.532636,-6.897299],[107.53262,-6.897296],[107.532605,-6.897292],[107.532604,-6.897292],[107.532538,-6.897276],[107.532491,-6.897265],[107.532474,-6.897261],[107.532461,-6.897258],[107.53243,-6.897251],[107.532383,-6.89724],[107.532362,-6.897235],[107.532325,-6.897228],[107.532274,-6.897219],[107.532234,-6.897212],[107.532178,-6.897202],[107.532168,-6.897201],[107.532121,-6.897192],[107.532116,-6.897192],[107.532113,-6.897191],[107.53207,-6.897184],[107.532057,-6.897181],[107.532022,-6.897175],[107.531999,-6.897171],[107.53199,-6.897169],[107.531985,-6.897169],[107.531954,-6.897163],[107.531838,-6.89714],[107.53183,-6.897138],[107.531811,-6.897134],[107.531796,-6.897131],[107.531788,-6.89713],[107.531786,-6.897129],[107.531763,-6.897125],[107.531755,-6.897123],[107.531733,-6.897119],[107.531715,-6.897115],[107.53171,-6.897114],[107.531707,-6.897114],[107.531704,-6.897113],[107.531703,-6.897113],[107.53168,-6.897108],[107.531644,-6.897101],[107.531642,-6.897101],[107.531641,-6.8971],[107.531637,-6.897094],[107.531633,-6.897089],[107.531626,-6.89708],[107.531624,-6.897077],[107.531619,-6.897071],[107.531608,-6.897058],[107.531607,-6.897056],[107.531596,-6.897042],[107.531594,-6.897039],[107.531528,-6.896958],[107.531501,-6.896924],[107.531487,-6.896907],[107.531459,-6.896872],[107.531458,-6.896872],[107.5314,-6.8968],[107.531398,-6.896796],[107.531327,-6.896709],[107.531316,-6.896696],[107.531225,-6.896583],[107.531107,-6.896437],[107.531102,-6.896432],[107.531074,-6.896401],[107.531069,-6.896394],[107.531004,-6.896322],[107.530982,-6.896297],[107.530976,-6.896291],[107.530918,-6.896226],[107.530887,-6.896191],[107.530854,-6.896155],[107.530791,-6.896085],[107.530756,-6.896046],[107.530752,-6.896041],[107.530722,-6.896008],[107.530711,-6.895995],[107.530654,-6.895931],[107.530635,-6.895911],[107.530462,-6.895738],[107.530426,-6.895703],[107.53041,-6.895686],[107.530346,-6.895623],[107.530224,-6.895501],[107.530222,-6.8955],[107.530159,-6.895437],[107.530128,-6.895409],[107.530125,-6.895406],[107.530105,-6.895388],[107.530033,-6.895323],[107.530021,-6.895312],[107.530018,-6.89531],[107.529982,-6.895277],[107.529971,-6.895267],[107.529864,-6.89517],[107.529854,-6.895161],[107.529842,-6.89515],[107.529804,-6.895116],[107.529764,-6.89508],[107.529761,-6.895076],[107.52976,-6.895076],[107.529713,-6.895037],[107.529704,-6.89503],[107.529694,-6.895022],[107.529676,-6.895007],[107.529633,-6.894972],[107.529628,-6.894967],[107.529556,-6.894909],[107.529542,-6.894897],[107.529534,-6.894891],[107.529534,-6.89489],[107.529512,-6.894872],[107.529467,-6.894835],[107.529458,-6.894828],[107.529425,-6.894801],[107.529393,-6.894775],[107.529393,-6.894774],[107.529345,-6.894735],[107.529338,-6.89473],[107.529337,-6.894729],[107.529308,-6.894706],[107.529307,-6.894705],[107.529267,-6.894673],[107.529258,-6.894666],[107.529226,-6.89464],[107.529162,-6.894589],[107.529154,-6.894583],[107.529152,-6.894581],[107.529113,-6.89455],[107.529088,-6.89453],[107.529087,-6.894529],[107.529053,-6.894502],[107.529018,-6.894473],[107.528995,-6.894455],[107.528975,-6.894439],[107.528933,-6.894406],[107.528914,-6.894392],[107.528838,-6.894339],[107.528832,-6.894335],[107.528791,-6.894307],[107.528754,-6.894281],[107.528723,-6.894259],[107.528663,-6.894217],[107.528662,-6.894216],[107.52865,-6.894208],[107.528614,-6.894182],[107.528591,-6.894166],[107.52859,-6.894165],[107.528554,-6.89414],[107.52851,-6.894109],[107.528491,-6.894095],[107.528451,-6.894067],[107.528354,-6.893998],[107.528309,-6.893966],[107.528286,-6.89395],[107.528278,-6.893944],[107.528273,-6.893941],[107.528262,-6.893933],[107.528223,-6.893907],[107.528212,-6.893901],[107.528194,-6.893889],[107.528173,-6.893876],[107.528145,-6.893858],[107.528128,-6.893847],[107.528104,-6.893831],[107.528064,-6.893806],[107.528053,-6.893799],[107.528027,-6.893782],[107.528004,-6.893768],[107.527999,-6.893764],[107.527968,-6.893745],[107.527958,-6.893738],[107.527935,-6.893724],[107.527923,-6.893715],[107.527913,-6.893709],[107.527911,-6.893708],[107.527908,-6.893706],[107.527906,-6.893705],[107.527897,-6.8937],[107.527889,-6.893695],[107.527883,-6.893691],[107.527865,-6.893681],[107.527858,-6.893677],[107.527847,-6.89367],[107.527827,-6.893658],[107.527814,-6.893651],[107.527803,-6.893644],[107.527794,-6.893638],[107.52779,-6.893636],[107.52778,-6.893629],[107.527772,-6.893624],[107.527762,-6.893618],[107.527748,-6.893609],[107.527746,-6.893608],[107.527737,-6.893602],[107.527726,-6.893595],[107.527723,-6.893593],[107.527721,-6.893592],[107.527719,-6.89359],[107.527713,-6.893593],[107.527704,-6.893596],[107.527686,-6.893603],[107.527685,-6.893603],[107.527667,-6.89361],[107.527666,-6.89361],[107.527653,-6.893615],[107.527605,-6.893633],[107.527591,-6.893638],[107.527575,-6.893644],[107.527541,-6.893671],[107.527533,-6.893746],[107.52753,-6.893803],[107.527551,-6.893891],[107.527588,-6.893929],[107.527626,-6.893959],[107.527685,-6.894231],[107.527813,-6.894421],[107.527876,-6.894501],[107.527918,-6.894542],[107.528157,-6.894772],[107.528566,-6.89516],[107.528607,-6.895215],[107.528735,-6.895388],[107.528783,-6.895527],[107.528779,-6.895642],[107.528717,-6.895699],[107.52869,-6.895867],[107.528669,-6.895989],[107.528659,-6.896011],[107.528658,-6.896013],[107.528609,-6.896123],[107.528574,-6.896202],[107.528527,-6.896286],[107.528511,-6.896401],[107.528494,-6.896487],[107.528473,-6.896554],[107.528433,-6.896753],[107.528418,-6.896809],[107.528397,-6.896886],[107.528384,-6.89693],[107.528384,-6.896932],[107.528379,-6.896949],[107.528373,-6.896969],[107.528366,-6.896992],[107.528361,-6.897009],[107.528347,-6.897037],[107.52834,-6.897052],[107.528319,-6.897095],[107.528312,-6.89711],[107.528306,-6.897122],[107.528303,-6.897123],[107.528298,-6.897125],[107.528292,-6.897127],[107.528291,-6.897127],[107.52829,-6.897128],[107.528289,-6.897128],[107.52826,-6.897139],[107.528251,-6.897143],[107.528247,-6.897144],[107.528156,-6.897178],[107.528122,-6.897185],[107.528115,-6.897187],[107.528114,-6.897187],[107.5281,-6.897189],[107.528005,-6.897206],[107.527964,-6.897214],[107.527879,-6.897244],[107.527833,-6.897287],[107.527714,-6.897443],[107.527667,-6.897489],[107.527613,-6.897542],[107.527561,-6.897584],[107.527558,-6.897586],[107.527539,-6.897602],[107.527501,-6.897632],[107.527442,-6.89768],[107.527372,-6.897736],[107.527304,-6.897791],[107.527296,-6.897792],[107.527276,-6.897796],[107.527263,-6.897799],[107.527256,-6.8978],[107.527254,-6.8978],[107.527253,-6.897801],[107.527242,-6.897804],[107.527229,-6.897807],[107.527205,-6.897814],[107.5272,-6.897816],[107.527163,-6.897828],[107.527099,-6.897848],[107.526901,-6.897883],[107.526848,-6.897892],[107.526638,-6.897886],[107.526422,-6.897852],[107.526195,-6.897848],[107.526043,-6.897833],[107.526026,-6.897831],[107.52591,-6.897819],[107.525823,-6.897809],[107.52582,-6.897812],[107.525817,-6.897814],[107.525644,-6.897684],[107.525531,-6.897612],[107.525523,-6.897596],[107.525497,-6.897538],[107.525458,-6.89746],[107.525217,-6.897528],[107.525005,-6.897634],[107.524792,-6.897782],[107.524771,-6.897887],[107.524739,-6.898064],[107.524727,-6.898145],[107.524757,-6.898305],[107.524731,-6.898399],[107.524732,-6.898419],[107.524734,-6.898561],[107.524726,-6.898755],[107.524719,-6.898803],[107.52471,-6.898913],[107.524424,-6.898859],[107.524353,-6.898845],[107.524351,-6.898844],[107.52404,-6.898778],[107.523731,-6.898668],[107.523159,-6.898466],[107.523157,-6.898465],[107.523148,-6.898478],[107.523121,-6.898514],[107.52312,-6.898515],[107.523093,-6.898551],[107.523166,-6.898601],[107.523138,-6.898642],[107.523085,-6.898648],[107.523022,-6.8987],[107.523006,-6.898717],[107.522954,-6.898773],[107.522953,-6.898773],[107.522914,-6.898816],[107.522895,-6.898837],[107.522854,-6.898883],[107.522832,-6.898908],[107.522812,-6.898931],[107.522743,-6.899008],[107.522793,-6.899052],[107.522779,-6.899072],[107.522775,-6.899078],[107.522711,-6.899171],[107.522683,-6.899212],[107.522648,-6.899297],[107.522646,-6.899304],[107.522631,-6.899339],[107.522623,-6.899352],[107.522574,-6.89944],[107.522525,-6.899525],[107.522492,-6.899602],[107.522473,-6.899646],[107.522465,-6.899664],[107.522433,-6.899737],[107.522393,-6.899846],[107.522388,-6.89986],[107.522363,-6.899929],[107.522352,-6.899959],[107.522348,-6.89997],[107.52234,-6.899993],[107.522337,-6.899997],[107.522337,-6.899998],[107.522322,-6.900029],[107.522309,-6.900055],[107.522308,-6.900056],[107.522098,-6.899957],[107.522097,-6.899957],[107.522041,-6.900001],[107.522031,-6.900018],[107.522029,-6.90002],[107.522022,-6.900031],[107.522007,-6.900055],[107.521992,-6.900065],[107.521991,-6.900066],[107.521956,-6.900048],[107.521954,-6.900048],[107.521926,-6.900096],[107.521917,-6.900112],[107.521897,-6.900146],[107.521891,-6.900156],[107.521876,-6.900169],[107.521771,-6.900101],[107.521708,-6.900171],[107.5217,-6.90018],[107.521665,-6.900246],[107.521663,-6.90025],[107.521656,-6.900261],[107.521655,-6.900262],[107.521652,-6.900266],[107.521634,-6.900294],[107.521614,-6.900325],[107.521595,-6.900354],[107.52159,-6.900384],[107.52159,-6.900386],[107.521569,-6.900433],[107.521561,-6.900452],[107.521556,-6.900462],[107.52154,-6.900499],[107.521529,-6.900525],[107.521513,-6.900564],[107.52151,-6.900572],[107.521509,-6.900575],[107.521496,-6.90064],[107.521475,-6.900677],[107.521473,-6.900681],[107.521466,-6.900693],[107.52146,-6.900705],[107.521456,-6.900711],[107.521447,-6.900723],[107.521434,-6.900743],[107.521428,-6.900751],[107.521422,-6.900761],[107.521409,-6.90078],[107.521405,-6.900784],[107.521405,-6.900785],[107.521388,-6.900809],[107.52136,-6.90085],[107.521367,-6.900853],[107.5214,-6.900865],[107.521417,-6.900871],[107.521411,-6.90088],[107.521407,-6.900888],[107.521406,-6.900889],[107.521406,-6.90089],[107.521402,-6.900896],[107.521388,-6.90092],[107.521388,-6.900921],[107.521385,-6.900926],[107.521383,-6.900931],[107.521375,-6.900948],[107.521367,-6.900964],[107.521367,-6.900965],[107.521358,-6.900982],[107.521352,-6.900994],[107.521351,-6.900993],[107.521347,-6.901009],[107.521342,-6.901025],[107.521342,-6.901026],[107.521313,-6.901114],[107.521287,-6.901191],[107.521272,-6.901238],[107.521268,-6.90125],[107.521266,-6.901258],[107.521263,-6.901267],[107.521253,-6.901295],[107.52125,-6.901305],[107.52124,-6.901335],[107.521243,-6.901336],[107.52125,-6.901338],[107.521274,-6.901348],[107.521303,-6.90136],[107.52132,-6.901367],[107.521349,-6.901378],[107.521356,-6.901381],[107.521371,-6.901387],[107.521377,-6.90139],[107.521376,-6.901393],[107.52131,-6.901545],[107.521265,-6.90165],[107.521243,-6.901703],[107.521229,-6.901737],[107.521203,-6.901798],[107.521195,-6.901822],[107.521189,-6.901841],[107.521178,-6.901879],[107.52117,-6.901904],[107.521162,-6.901931],[107.521144,-6.901994],[107.521139,-6.902011],[107.521135,-6.902022],[107.521135,-6.902024],[107.52113,-6.902022],[107.521073,-6.901994],[107.520708,-6.901817],[107.520707,-6.901818],[107.520687,-6.901806],[107.520673,-6.901799],[107.520665,-6.901796],[107.52065,-6.901788],[107.520643,-6.901785],[107.520638,-6.901782],[107.520636,-6.901781],[107.520633,-6.90178],[107.520625,-6.901776],[107.520617,-6.901786],[107.520614,-6.90179],[107.520609,-6.901795],[107.520602,-6.901804],[107.520597,-6.90181],[107.520596,-6.901811],[107.520585,-6.901824],[107.520582,-6.901827],[107.520571,-6.901841],[107.520566,-6.901846],[107.520559,-6.901855],[107.520557,-6.901857],[107.520555,-6.90186],[107.520553,-6.901862],[107.520549,-6.901867],[107.520544,-6.901872],[107.520541,-6.901878],[107.520535,-6.901887],[107.520515,-6.901919],[107.520509,-6.901927],[107.520508,-6.901929],[107.520496,-6.901947],[107.520492,-6.901952],[107.520483,-6.901967],[107.52043,-6.902005],[107.520417,-6.902034],[107.520415,-6.902038],[107.520414,-6.902059],[107.520412,-6.902098],[107.520411,-6.902129],[107.52041,-6.902132],[107.520409,-6.902155],[107.520408,-6.90219],[107.520406,-6.902217],[107.520403,-6.902229],[107.520396,-6.902256],[107.52039,-6.902278],[107.520388,-6.902282],[107.520386,-6.902285],[107.520374,-6.902304],[107.520368,-6.902315],[107.520357,-6.902333],[107.520349,-6.902346],[107.520341,-6.902364],[107.520334,-6.90238],[107.520322,-6.902405],[107.520315,-6.902436],[107.520308,-6.902469],[107.520301,-6.9025],[107.520294,-6.902535],[107.520278,-6.902594],[107.520276,-6.90262],[107.520275,-6.902654],[107.520276,-6.902683],[107.520276,-6.902693],[107.520277,-6.902704],[107.520277,-6.902712],[107.520276,-6.902729],[107.520275,-6.902733],[107.520274,-6.902746],[107.520269,-6.902758],[107.520262,-6.902772],[107.520257,-6.902783],[107.52025,-6.902792],[107.520239,-6.902804],[107.520226,-6.902818],[107.520215,-6.90283],[107.520197,-6.902853],[107.520169,-6.902887],[107.52015,-6.902924],[107.520182,-6.902947],[107.520228,-6.902981],[107.520255,-6.903001],[107.520273,-6.903029],[107.520288,-6.903052],[107.520305,-6.903077],[107.520331,-6.903135],[107.520331,-6.903136],[107.520357,-6.903158],[107.520386,-6.903182],[107.520406,-6.903211],[107.520424,-6.903252],[107.520424,-6.903271],[107.520425,-6.903296],[107.520425,-6.903311],[107.520413,-6.903351],[107.520383,-6.903411],[107.520374,-6.903428],[107.520367,-6.903441],[107.520399,-6.903456],[107.520409,-6.90347],[107.520474,-6.90356],[107.520498,-6.903592],[107.520573,-6.903695],[107.520579,-6.903704],[107.52056,-6.903768],[107.520516,-6.903915],[107.520516,-6.903916],[107.520513,-6.903929],[107.520509,-6.903949],[107.52049,-6.90405],[107.52049,-6.904052],[107.520485,-6.904102],[107.520483,-6.904128],[107.520477,-6.904194],[107.520475,-6.904223],[107.520472,-6.904255],[107.520469,-6.904296],[107.520468,-6.904352],[107.520467,-6.904371],[107.520467,-6.904411],[107.520466,-6.904439],[107.520466,-6.904461],[107.520465,-6.90448],[107.520465,-6.904507],[107.520464,-6.904526],[107.520464,-6.904546],[107.520409,-6.904549],[107.520401,-6.90455],[107.52038,-6.904551],[107.520353,-6.904552],[107.520334,-6.904554],[107.520323,-6.904554],[107.520313,-6.904555],[107.520289,-6.904556],[107.520278,-6.904557],[107.520239,-6.904559],[107.520233,-6.904559],[107.520215,-6.904561],[107.520137,-6.904561],[107.520102,-6.90456],[107.520083,-6.90456],[107.520067,-6.904559],[107.520028,-6.904559],[107.520022,-6.904558],[107.51997,-6.904558],[107.519945,-6.904557],[107.51992,-6.904557],[107.51989,-6.904556],[107.519876,-6.904556],[107.519848,-6.904555],[107.519831,-6.904555],[107.51977,-6.904554],[107.519767,-6.904554],[107.519766,-6.904555],[107.519764,-6.904554],[107.519677,-6.904564],[107.519592,-6.904573],[107.51959,-6.904573],[107.519412,-6.904592],[107.519407,-6.904731],[107.519407,-6.90474],[107.519406,-6.904753],[107.519406,-6.904754],[107.519386,-6.904831],[107.519371,-6.904891],[107.519335,-6.905027],[107.519332,-6.905037],[107.519302,-6.905151],[107.519275,-6.905274],[107.519266,-6.905317],[107.51925,-6.90539],[107.519244,-6.905419],[107.519231,-6.905463],[107.519224,-6.905486],[107.519223,-6.90549],[107.519173,-6.905663],[107.519167,-6.905683],[107.519167,-6.905684],[107.519131,-6.905673],[107.519098,-6.905664],[107.51908,-6.905658],[107.518939,-6.905617],[107.518939,-6.905619],[107.518919,-6.90577],[107.518906,-6.90586],[107.518887,-6.905984],[107.51888,-6.906033],[107.518873,-6.906076],[107.518852,-6.906214],[107.518852,-6.906218],[107.51885,-6.906228],[107.518846,-6.906255],[107.518845,-6.906263],[107.518843,-6.906274],[107.518839,-6.906299],[107.518838,-6.906305],[107.518837,-6.906315],[107.518835,-6.906325],[107.518821,-6.906322],[107.518816,-6.906321],[107.518806,-6.90632],[107.518761,-6.906312],[107.518759,-6.906312],[107.518723,-6.906305],[107.518715,-6.906304],[107.518699,-6.906301],[107.518665,-6.906295],[107.518655,-6.906294],[107.518613,-6.906286],[107.518604,-6.906285],[107.518565,-6.906278],[107.518563,-6.906278],[107.518525,-6.906271],[107.518521,-6.906271],[107.518493,-6.906266],[107.518473,-6.906262],[107.518449,-6.906258],[107.518438,-6.906256],[107.518428,-6.906255],[107.518406,-6.906249],[107.518396,-6.906246],[107.518359,-6.906236],[107.51835,-6.906234],[107.518346,-6.906233],[107.518296,-6.90622],[107.518293,-6.906219],[107.518238,-6.906205],[107.518198,-6.906194],[107.518195,-6.906193],[107.51819,-6.906192],[107.51818,-6.906189],[107.518169,-6.906186],[107.518166,-6.906186],[107.518161,-6.906184],[107.518159,-6.906184],[107.518085,-6.906176],[107.518077,-6.906175],[107.51806,-6.906169],[107.518059,-6.906169],[107.518046,-6.906166],[107.518012,-6.90616],[107.517997,-6.906158],[107.517974,-6.906153],[107.517951,-6.906149],[107.517938,-6.906147],[107.517914,-6.906142],[107.517904,-6.906141],[107.517869,-6.906134],[107.51785,-6.906131],[107.517847,-6.90613],[107.517782,-6.90613],[107.517772,-6.906131],[107.517722,-6.906131],[107.517688,-6.906132],[107.517655,-6.906132],[107.517644,-6.906133],[107.517609,-6.906133],[107.517602,-6.906134],[107.517563,-6.906134],[107.517549,-6.906135],[107.517506,-6.906135],[107.517475,-6.906136],[107.51746,-6.906136],[107.517436,-6.906137],[107.517411,-6.906137],[107.517401,-6.906138],[107.517373,-6.906138],[107.517366,-6.906139],[107.517353,-6.906139],[107.517341,-6.90614],[107.517325,-6.90614],[107.517305,-6.906141],[107.517283,-6.906143],[107.517269,-6.906143],[107.517234,-6.906145],[107.517224,-6.906146],[107.517216,-6.906146],[107.517178,-6.906148],[107.517164,-6.906149],[107.517161,-6.906149],[107.51715,-6.906151],[107.517118,-6.906159],[107.517116,-6.906159],[107.517094,-6.906164],[107.516988,-6.906185],[107.516976,-6.90619],[107.516948,-6.906201],[107.516944,-6.906202],[107.516938,-6.906203],[107.516922,-6.906205],[107.516897,-6.906208],[107.516889,-6.906209],[107.516877,-6.906212],[107.516868,-6.906214],[107.516854,-6.906217],[107.516822,-6.906224],[107.516818,-6.906225],[107.516778,-6.906234],[107.516767,-6.906236],[107.516729,-6.906244],[107.516728,-6.906245],[107.516721,-6.906246],[107.516709,-6.906249],[107.516693,-6.906252],[107.516686,-6.906254],[107.516688,-6.906263],[107.51669,-6.90627],[107.516712,-6.906351],[107.516714,-6.90636],[107.516502,-6.906478],[107.516467,-6.906498],[107.51643,-6.906521],[107.516241,-6.906638],[107.516175,-6.906679],[107.516175,-6.906681],[107.516217,-6.906742],[107.516249,-6.906789],[107.516316,-6.906885],[107.516374,-6.906969],[107.516416,-6.90703],[107.516406,-6.907049],[107.516353,-6.907149],[107.516329,-6.907196],[107.516325,-6.907201],[107.516301,-6.907234],[107.516281,-6.90726],[107.51627,-6.907274],[107.516255,-6.907295],[107.516243,-6.90731],[107.516176,-6.907318],[107.516161,-6.907319],[107.516157,-6.90732],[107.516142,-6.907318],[107.516126,-6.907317],[107.51612,-6.907316],[107.51611,-6.907316],[107.516109,-6.907315],[107.5161,-6.907315],[107.516094,-6.907314],[107.516089,-6.907314],[107.516085,-6.907313],[107.516078,-6.907313],[107.516076,-6.907312],[107.516067,-6.907312],[107.516063,-6.907311],[107.516055,-6.907311],[107.516054,-6.90731],[107.516053,-6.90731],[107.516031,-6.907324],[107.515957,-6.907367],[107.515952,-6.907376],[107.515925,-6.907421],[107.5159,-6.907463],[107.515892,-6.907498],[107.515882,-6.907538],[107.515862,-6.907615],[107.515862,-6.907767],[107.515889,-6.907853],[107.5159,-6.907891],[107.515953,-6.90795],[107.515977,-6.907977],[107.515986,-6.907992],[107.516015,-6.908041],[107.516034,-6.908072],[107.51605,-6.908103],[107.516065,-6.90813],[107.5161,-6.908195],[107.516101,-6.908203],[107.516103,-6.908246],[107.516106,-6.908288],[107.51611,-6.908357],[107.516129,-6.908452],[107.51614,-6.90848],[107.516141,-6.908481],[107.516161,-6.908529],[107.516176,-6.908567],[107.516183,-6.90857],[107.516194,-6.908576],[107.516238,-6.908599],[107.516244,-6.908603],[107.516288,-6.908626],[107.516297,-6.908631],[107.516318,-6.908642],[107.516319,-6.908643],[107.516357,-6.908648],[107.51636,-6.908648],[107.516387,-6.908652],[107.516404,-6.908654],[107.516428,-6.908658],[107.516444,-6.90866],[107.516486,-6.908666],[107.516513,-6.908669],[107.516526,-6.908671],[107.51653,-6.908671],[107.516532,-6.908672],[107.516541,-6.908672],[107.516601,-6.908676],[107.516661,-6.908679],[107.516677,-6.90868],[107.516684,-6.908681],[107.51669,-6.908681],[107.516714,-6.908677],[107.516756,-6.908669],[107.516886,-6.908647],[107.516895,-6.908645],[107.516905,-6.908644],[107.516909,-6.908643],[107.516974,-6.908621],[107.517075,-6.908587],[107.517109,-6.908576],[107.517117,-6.908573],[107.517309,-6.9085],[107.517322,-6.908492],[107.517363,-6.908468],[107.517452,-6.908414],[107.517493,-6.908393],[107.517586,-6.908343],[107.517595,-6.908338],[107.517663,-6.908337],[107.517735,-6.908336],[107.517837,-6.908334],[107.51786,-6.908333],[107.517891,-6.908333],[107.517896,-6.908336],[107.517912,-6.908347],[107.51801,-6.908409],[107.518015,-6.908412],[107.518048,-6.908433],[107.518061,-6.908447],[107.518179,-6.908574],[107.518211,-6.908609],[107.518295,-6.9087],[107.518308,-6.908714],[107.518337,-6.908744],[107.518421,-6.908812],[107.518454,-6.908837],[107.518483,-6.90886],[107.518588,-6.908899],[107.518602,-6.908905],[107.518733,-6.908953],[107.518769,-6.908967],[107.518771,-6.908968],[107.518789,-6.908974],[107.51886,-6.908988],[107.518995,-6.909015],[107.518999,-6.909016],[107.519015,-6.909019],[107.519018,-6.909019],[107.519021,-6.90902],[107.519025,-6.909021],[107.519026,-6.909034],[107.519026,-6.909037],[107.519028,-6.909056],[107.519029,-6.909064],[107.519031,-6.909087],[107.519003,-6.909115],[107.518944,-6.909175],[107.51892,-6.9092],[107.518904,-6.909215],[107.518797,-6.909323],[107.518709,-6.909421],[107.518681,-6.909451],[107.518664,-6.90947],[107.518629,-6.909508],[107.518612,-6.909527],[107.518491,-6.90963],[107.518423,-6.909741],[107.518406,-6.909798],[107.518391,-6.909851],[107.518376,-6.909902],[107.518329,-6.910123],[107.518319,-6.91017],[107.518321,-6.910205],[107.518333,-6.910358],[107.51836,-6.91052],[107.518362,-6.910529],[107.518364,-6.910653],[107.518365,-6.910691],[107.518366,-6.910743],[107.518367,-6.91077],[107.518332,-6.910849],[107.518314,-6.910891],[107.518313,-6.910892],[107.518287,-6.910925],[107.518219,-6.911014],[107.518191,-6.911031],[107.518171,-6.911042],[107.518147,-6.911056],[107.518084,-6.911092],[107.518074,-6.911097],[107.518049,-6.911112],[107.518015,-6.911131],[107.517995,-6.911143],[107.517973,-6.911155],[107.517949,-6.911169],[107.517874,-6.911211],[107.517851,-6.911225],[107.517778,-6.911266],[107.517762,-6.911276],[107.517686,-6.911319],[107.51768,-6.911322],[107.517659,-6.911332],[107.517646,-6.911338],[107.517585,-6.911367],[107.517572,-6.911373],[107.517564,-6.911376],[107.517552,-6.911381],[107.517539,-6.911386],[107.517497,-6.911403],[107.517487,-6.911407],[107.517473,-6.911412],[107.517427,-6.911431],[107.517418,-6.911434],[107.517398,-6.911438],[107.517359,-6.911446],[107.517327,-6.911453],[107.517283,-6.911462],[107.517276,-6.911464],[107.517262,-6.911466],[107.517256,-6.911467],[107.517235,-6.91147],[107.517194,-6.911477],[107.517118,-6.91149],[107.517031,-6.911487],[107.517016,-6.911487],[107.516994,-6.911486],[107.516986,-6.911486],[107.516948,-6.911485],[107.516938,-6.911484],[107.516926,-6.911484],[107.516903,-6.91149],[107.5169,-6.911491],[107.516867,-6.911499],[107.51685,-6.911503],[107.516745,-6.91153],[107.516723,-6.911538],[107.516542,-6.911609],[107.516508,-6.911622],[107.516479,-6.911634],[107.516388,-6.911691],[107.51635,-6.911715],[107.51631,-6.91174],[107.51631,-6.911741],[107.516283,-6.911757],[107.516253,-6.911777],[107.516226,-6.911808],[107.516223,-6.911812],[107.516211,-6.911826],[107.516144,-6.911904],[107.516131,-6.911919],[107.516091,-6.911966],[107.515928,-6.912156],[107.515778,-6.912331],[107.515769,-6.912342],[107.515763,-6.912349],[107.515761,-6.912352],[107.515732,-6.9124],[107.51567,-6.912502],[107.51567,-6.912693]]]}},{"type":"Feature","properties":{"wilayah_id":5,"kelurahan":"Cibeber","kecamatan":"Cimahi Selatan","jumlah_rw":14},"geometry":{"type":"Polygon","coordinates":[[[107.510319,-6.898184],[107.510323,-6.89836],[107.510325,-6.898468],[107.510351,-6.898662],[107.510353,-6.898675],[107.510385,-6.898829],[107.510416,-6.898975],[107.510474,-6.899253],[107.510499,-6.899342],[107.510539,-6.899482],[107.510573,-6.899603],[107.510596,-6.899682],[107.510662,-6.899821],[107.510702,-6.899906],[107.510724,-6.899953],[107.510827,-6.900219],[107.510845,-6.900323],[107.51085,-6.900351],[107.51086,-6.90041],[107.510873,-6.900545],[107.510887,-6.900682],[107.510896,-6.900767],[107.510899,-6.900859],[107.510903,-6.901005],[107.510885,-6.901198],[107.511074,-6.901418],[107.511095,-6.901442],[107.511279,-6.901596],[107.511419,-6.901691],[107.511639,-6.901838],[107.51182,-6.901959],[107.511933,-6.902156],[107.512017,-6.902465],[107.512139,-6.902637],[107.512299,-6.902708],[107.512305,-6.902709],[107.512329,-6.902714],[107.512395,-6.902725],[107.512421,-6.902729],[107.512424,-6.902729],[107.512526,-6.902756],[107.512624,-6.902797],[107.51271,-6.90283],[107.512871,-6.902912],[107.512964,-6.902958],[107.513262,-6.903021],[107.513504,-6.903145],[107.513628,-6.903205],[107.513749,-6.903246],[107.513755,-6.903249],[107.513931,-6.903347],[107.514054,-6.903415],[107.51413,-6.903457],[107.514271,-6.903587],[107.514317,-6.90363],[107.514366,-6.903675],[107.514374,-6.903684],[107.51453,-6.903878],[107.514553,-6.903907],[107.514651,-6.904064],[107.51469,-6.904126],[107.514728,-6.904187],[107.51473,-6.90419],[107.514865,-6.904394],[107.515001,-6.9046],[107.5152,-6.904764],[107.515287,-6.904835],[107.515456,-6.904986],[107.515536,-6.905056],[107.515779,-6.905171],[107.515959,-6.905195],[107.516043,-6.905206],[107.516143,-6.905212],[107.516172,-6.905214],[107.516265,-6.905235],[107.516357,-6.905278],[107.516446,-6.905409],[107.516545,-6.905741],[107.516686,-6.906254],[107.516693,-6.906252],[107.516709,-6.906249],[107.516721,-6.906246],[107.516728,-6.906245],[107.516729,-6.906244],[107.516767,-6.906236],[107.516778,-6.906234],[107.516818,-6.906225],[107.516822,-6.906224],[107.516854,-6.906217],[107.516868,-6.906214],[107.516877,-6.906212],[107.516889,-6.906209],[107.516897,-6.906208],[107.516922,-6.906205],[107.516938,-6.906203],[107.516944,-6.906202],[107.516948,-6.906201],[107.516976,-6.90619],[107.516988,-6.906185],[107.517094,-6.906164],[107.517116,-6.906159],[107.517118,-6.906159],[107.51715,-6.906151],[107.517161,-6.906149],[107.517164,-6.906149],[107.517178,-6.906148],[107.517216,-6.906146],[107.517224,-6.906146],[107.517234,-6.906145],[107.517269,-6.906143],[107.517283,-6.906143],[107.517305,-6.906141],[107.517325,-6.90614],[107.517341,-6.90614],[107.517353,-6.906139],[107.517366,-6.906139],[107.517373,-6.906138],[107.517401,-6.906138],[107.517411,-6.906137],[107.517436,-6.906137],[107.51746,-6.906136],[107.517475,-6.906136],[107.517506,-6.906135],[107.517549,-6.906135],[107.517563,-6.906134],[107.517602,-6.906134],[107.517609,-6.906133],[107.517644,-6.906133],[107.517655,-6.906132],[107.517688,-6.906132],[107.517722,-6.906131],[107.517772,-6.906131],[107.517782,-6.90613],[107.517847,-6.90613],[107.51785,-6.906131],[107.517869,-6.906134],[107.517904,-6.906141],[107.517914,-6.906142],[107.517938,-6.906147],[107.517951,-6.906149],[107.517974,-6.906153],[107.517997,-6.906158],[107.518012,-6.90616],[107.518046,-6.906166],[107.518059,-6.906169],[107.51806,-6.906169],[107.518077,-6.906175],[107.518085,-6.906176],[107.518159,-6.906184],[107.518161,-6.906184],[107.518166,-6.906186],[107.518169,-6.906186],[107.51818,-6.906189],[107.51819,-6.906192],[107.518195,-6.906193],[107.518198,-6.906194],[107.518238,-6.906205],[107.518293,-6.906219],[107.518296,-6.90622],[107.518346,-6.906233],[107.51835,-6.906234],[107.518359,-6.906236],[107.518396,-6.906246],[107.518406,-6.906249],[107.518428,-6.906255],[107.518438,-6.906256],[107.518449,-6.906258],[107.518473,-6.906262],[107.518493,-6.906266],[107.518521,-6.906271],[107.518525,-6.906271],[107.518563,-6.906278],[107.518565,-6.906278],[107.518604,-6.906285],[107.518613,-6.906286],[107.518655,-6.906294],[107.518665,-6.906295],[107.518699,-6.906301],[107.518715,-6.906304],[107.518723,-6.906305],[107.518759,-6.906312],[107.518761,-6.906312],[107.518806,-6.90632],[107.518816,-6.906321],[107.518821,-6.906322],[107.518835,-6.906325],[107.518837,-6.906315],[107.518838,-6.906305],[107.518839,-6.906299],[107.518843,-6.906274],[107.518845,-6.906263],[107.518846,-6.906255],[107.51885,-6.906228],[107.518852,-6.906218],[107.518852,-6.906214],[107.518873,-6.906076],[107.51888,-6.906033],[107.518887,-6.905984],[107.518906,-6.90586],[107.518919,-6.90577],[107.518939,-6.905619],[107.518939,-6.905617],[107.51908,-6.905658],[107.519098,-6.905664],[107.519131,-6.905673],[107.519167,-6.905684],[107.519167,-6.905683],[107.519173,-6.905663],[107.519223,-6.90549],[107.519224,-6.905486],[107.519231,-6.905463],[107.519244,-6.905419],[107.51925,-6.90539],[107.519266,-6.905317],[107.519275,-6.905274],[107.519302,-6.905151],[107.519332,-6.905037],[107.519335,-6.905027],[107.519371,-6.904891],[107.519386,-6.904831],[107.519406,-6.904754],[107.519406,-6.904753],[107.519407,-6.90474],[107.519407,-6.904731],[107.519412,-6.904592],[107.51959,-6.904573],[107.519592,-6.904573],[107.519677,-6.904564],[107.519764,-6.904554],[107.519766,-6.904555],[107.519767,-6.904554],[107.51977,-6.904554],[107.519831,-6.904555],[107.519848,-6.904555],[107.519876,-6.904556],[107.51989,-6.904556],[107.51992,-6.904557],[107.519945,-6.904557],[107.51997,-6.904558],[107.520022,-6.904558],[107.520028,-6.904559],[107.520067,-6.904559],[107.520083,-6.90456],[107.520102,-6.90456],[107.520137,-6.904561],[107.520215,-6.904561],[107.520233,-6.904559],[107.520239,-6.904559],[107.520278,-6.904557],[107.520289,-6.904556],[107.520313,-6.904555],[107.520323,-6.904554],[107.520334,-6.904554],[107.520353,-6.904552],[107.52038,-6.904551],[107.520401,-6.90455],[107.520409,-6.904549],[107.520464,-6.904546],[107.520464,-6.904526],[107.520465,-6.904507],[107.520465,-6.90448],[107.520466,-6.904461],[107.520466,-6.904439],[107.520467,-6.904411],[107.520467,-6.904371],[107.520468,-6.904352],[107.520469,-6.904296],[107.520472,-6.904255],[107.520475,-6.904223],[107.520477,-6.904194],[107.520483,-6.904128],[107.520485,-6.904102],[107.52049,-6.904052],[107.52049,-6.90405],[107.520509,-6.903949],[107.520513,-6.903929],[107.520516,-6.903916],[107.520516,-6.903915],[107.52056,-6.903768],[107.520579,-6.903704],[107.520573,-6.903695],[107.520498,-6.903592],[107.520474,-6.90356],[107.520409,-6.90347],[107.520399,-6.903456],[107.520367,-6.903441],[107.520374,-6.903428],[107.520383,-6.903411],[107.520413,-6.903351],[107.520425,-6.903311],[107.520425,-6.903296],[107.520424,-6.903271],[107.520424,-6.903252],[107.520406,-6.903211],[107.520386,-6.903182],[107.520357,-6.903158],[107.520331,-6.903136],[107.520331,-6.903135],[107.520305,-6.903077],[107.520288,-6.903052],[107.520273,-6.903029],[107.520255,-6.903001],[107.520228,-6.902981],[107.520182,-6.902947],[107.52015,-6.902924],[107.520169,-6.902887],[107.520197,-6.902853],[107.520215,-6.90283],[107.520226,-6.902818],[107.520239,-6.902804],[107.52025,-6.902792],[107.520257,-6.902783],[107.520262,-6.902772],[107.520269,-6.902758],[107.520274,-6.902746],[107.520275,-6.902733],[107.520276,-6.902729],[107.520277,-6.902712],[107.520277,-6.902704],[107.520276,-6.902693],[107.520276,-6.902683],[107.520275,-6.902654],[107.520276,-6.90262],[107.520278,-6.902594],[107.520294,-6.902535],[107.520301,-6.9025],[107.520308,-6.902469],[107.520315,-6.902436],[107.520322,-6.902405],[107.520334,-6.90238],[107.520341,-6.902364],[107.520349,-6.902346],[107.520357,-6.902333],[107.520368,-6.902315],[107.520374,-6.902304],[107.520386,-6.902285],[107.520388,-6.902282],[107.52039,-6.902278],[107.520396,-6.902256],[107.520403,-6.902229],[107.520406,-6.902217],[107.520408,-6.90219],[107.520409,-6.902155],[107.52041,-6.902132],[107.520411,-6.902129],[107.520412,-6.902098],[107.520414,-6.902059],[107.520415,-6.902038],[107.520417,-6.902034],[107.52043,-6.902005],[107.520483,-6.901967],[107.520492,-6.901952],[107.520496,-6.901947],[107.520508,-6.901929],[107.520509,-6.901927],[107.520515,-6.901919],[107.520535,-6.901887],[107.520541,-6.901878],[107.520544,-6.901872],[107.520549,-6.901867],[107.520553,-6.901862],[107.520555,-6.90186],[107.520557,-6.901857],[107.520559,-6.901855],[107.520566,-6.901846],[107.520571,-6.901841],[107.520582,-6.901827],[107.520585,-6.901824],[107.520596,-6.901811],[107.520597,-6.90181],[107.520602,-6.901804],[107.520609,-6.901795],[107.520614,-6.90179],[107.520617,-6.901786],[107.520625,-6.901776],[107.520633,-6.90178],[107.520636,-6.901781],[107.520638,-6.901782],[107.520643,-6.901785],[107.52065,-6.901788],[107.520665,-6.901796],[107.520673,-6.901799],[107.520687,-6.901806],[107.520707,-6.901818],[107.520708,-6.901817],[107.521073,-6.901994],[107.52113,-6.902022],[107.521135,-6.902024],[107.521135,-6.902022],[107.521139,-6.902011],[107.521144,-6.901994],[107.521162,-6.901931],[107.52117,-6.901904],[107.521178,-6.901879],[107.521189,-6.901841],[107.521195,-6.901822],[107.521203,-6.901798],[107.521229,-6.901737],[107.521243,-6.901703],[107.521265,-6.90165],[107.52131,-6.901545],[107.521376,-6.901393],[107.521377,-6.90139],[107.521371,-6.901387],[107.521356,-6.901381],[107.521349,-6.901378],[107.52132,-6.901367],[107.521303,-6.90136],[107.521274,-6.901348],[107.52125,-6.901338],[107.521243,-6.901336],[107.52124,-6.901335],[107.52125,-6.901305],[107.521253,-6.901295],[107.521263,-6.901267],[107.521266,-6.901258],[107.521268,-6.90125],[107.521272,-6.901238],[107.521287,-6.901191],[107.521313,-6.901114],[107.521342,-6.901026],[107.521342,-6.901025],[107.521347,-6.901009],[107.521351,-6.900993],[107.521352,-6.900994],[107.521358,-6.900982],[107.521367,-6.900965],[107.521367,-6.900964],[107.521375,-6.900948],[107.521383,-6.900931],[107.521385,-6.900926],[107.521388,-6.900921],[107.521388,-6.90092],[107.521402,-6.900896],[107.521406,-6.90089],[107.521406,-6.900889],[107.521407,-6.900888],[107.521411,-6.90088],[107.521417,-6.900871],[107.5214,-6.900865],[107.521367,-6.900853],[107.52136,-6.90085],[107.521388,-6.900809],[107.521405,-6.900785],[107.521405,-6.900784],[107.521409,-6.90078],[107.521422,-6.900761],[107.521428,-6.900751],[107.521434,-6.900743],[107.521447,-6.900723],[107.521456,-6.900711],[107.52146,-6.900705],[107.521466,-6.900693],[107.521473,-6.900681],[107.521475,-6.900677],[107.521496,-6.90064],[107.521509,-6.900575],[107.52151,-6.900572],[107.521513,-6.900564],[107.521529,-6.900525],[107.52154,-6.900499],[107.521556,-6.900462],[107.521561,-6.900452],[107.521569,-6.900433],[107.52159,-6.900386],[107.52159,-6.900384],[107.521595,-6.900354],[107.521614,-6.900325],[107.521634,-6.900294],[107.521652,-6.900266],[107.521655,-6.900262],[107.521656,-6.900261],[107.521663,-6.90025],[107.521665,-6.900246],[107.5217,-6.90018],[107.521708,-6.900171],[107.521771,-6.900101],[107.521876,-6.900169],[107.521891,-6.900156],[107.521897,-6.900146],[107.521917,-6.900112],[107.521926,-6.900096],[107.521954,-6.900048],[107.521956,-6.900048],[107.521991,-6.900066],[107.521992,-6.900065],[107.522007,-6.900055],[107.522022,-6.900031],[107.522029,-6.90002],[107.522031,-6.900018],[107.522041,-6.900001],[107.522097,-6.899957],[107.522098,-6.899957],[107.522308,-6.900056],[107.522309,-6.900055],[107.522322,-6.900029],[107.522337,-6.899998],[107.522337,-6.899997],[107.52234,-6.899993],[107.522348,-6.89997],[107.522352,-6.899959],[107.522363,-6.899929],[107.522388,-6.89986],[107.522393,-6.899846],[107.522433,-6.899737],[107.522465,-6.899664],[107.522473,-6.899646],[107.522492,-6.899602],[107.522525,-6.899525],[107.522574,-6.89944],[107.522623,-6.899352],[107.522631,-6.899339],[107.522646,-6.899304],[107.522648,-6.899297],[107.522683,-6.899212],[107.522711,-6.899171],[107.522775,-6.899078],[107.522779,-6.899072],[107.522793,-6.899052],[107.522743,-6.899008],[107.522812,-6.898931],[107.522832,-6.898908],[107.522854,-6.898883],[107.522895,-6.898837],[107.522914,-6.898816],[107.522953,-6.898773],[107.522954,-6.898773],[107.523006,-6.898717],[107.523022,-6.8987],[107.523085,-6.898648],[107.523138,-6.898642],[107.523166,-6.898601],[107.523093,-6.898551],[107.52312,-6.898515],[107.523121,-6.898514],[107.523148,-6.898478],[107.523157,-6.898465],[107.523159,-6.898466],[107.523731,-6.898668],[107.52404,-6.898778],[107.524351,-6.898844],[107.524353,-6.898845],[107.524424,-6.898859],[107.52471,-6.898913],[107.524719,-6.898803],[107.524726,-6.898755],[107.524734,-6.898561],[107.524732,-6.898419],[107.524731,-6.898399],[107.524757,-6.898305],[107.524727,-6.898145],[107.524739,-6.898064],[107.524771,-6.897887],[107.524792,-6.897782],[107.525005,-6.897634],[107.525217,-6.897528],[107.525458,-6.89746],[107.525497,-6.897538],[107.525523,-6.897596],[107.525531,-6.897612],[107.525644,-6.897684],[107.525817,-6.897814],[107.52582,-6.897812],[107.525823,-6.897809],[107.52591,-6.897819],[107.526026,-6.897831],[107.526043,-6.897833],[107.526195,-6.897848],[107.526422,-6.897852],[107.526638,-6.897886],[107.526848,-6.897892],[107.526901,-6.897883],[107.527099,-6.897848],[107.527163,-6.897828],[107.5272,-6.897816],[107.527205,-6.897814],[107.527229,-6.897807],[107.527242,-6.897804],[107.527253,-6.897801],[107.527254,-6.8978],[107.527256,-6.8978],[107.527263,-6.897799],[107.527276,-6.897796],[107.527296,-6.897792],[107.527304,-6.897791],[107.527372,-6.897736],[107.527442,-6.89768],[107.527501,-6.897632],[107.527539,-6.897602],[107.527558,-6.897586],[107.527561,-6.897584],[107.527613,-6.897542],[107.527667,-6.897489],[107.527714,-6.897443],[107.527833,-6.897287],[107.527879,-6.897244],[107.527964,-6.897214],[107.528005,-6.897206],[107.5281,-6.897189],[107.528114,-6.897187],[107.528115,-6.897187],[107.528122,-6.897185],[107.528156,-6.897178],[107.528247,-6.897144],[107.528251,-6.897143],[107.52826,-6.897139],[107.528289,-6.897128],[107.52829,-6.897128],[107.528291,-6.897127],[107.528292,-6.897127],[107.528298,-6.897125],[107.528303,-6.897123],[107.528306,-6.897122],[107.528312,-6.89711],[107.528319,-6.897095],[107.52834,-6.897052],[107.528347,-6.897037],[107.528361,-6.897009],[107.528366,-6.896992],[107.528373,-6.896969],[107.528379,-6.896949],[107.528384,-6.896932],[107.528384,-6.89693],[107.528397,-6.896886],[107.528418,-6.896809],[107.528433,-6.896753],[107.528473,-6.896554],[107.528494,-6.896487],[107.528511,-6.896401],[107.528527,-6.896286],[107.528574,-6.896202],[107.528609,-6.896123],[107.528658,-6.896013],[107.528659,-6.896011],[107.528669,-6.895989],[107.52869,-6.895867],[107.528717,-6.895699],[107.528779,-6.895642],[107.528783,-6.895527],[107.528735,-6.895388],[107.528607,-6.895215],[107.528566,-6.89516],[107.528157,-6.894772],[107.527918,-6.894542],[107.527876,-6.894501],[107.527813,-6.894421],[107.527685,-6.894231],[107.527626,-6.893959],[107.527588,-6.893929],[107.527551,-6.893891],[107.52753,-6.893803],[107.527533,-6.893746],[107.527541,-6.893671],[107.527575,-6.893644],[107.527591,-6.893638],[107.527605,-6.893633],[107.527653,-6.893615],[107.527666,-6.89361],[107.527667,-6.89361],[107.527685,-6.893603],[107.527686,-6.893603],[107.527704,-6.893596],[107.527713,-6.893593],[107.527719,-6.89359],[107.527718,-6.89359],[107.527705,-6.893581],[107.527629,-6.893532],[107.527579,-6.893499],[107.527522,-6.893462],[107.527499,-6.893447],[107.527427,-6.8934],[107.527368,-6.893362],[107.527349,-6.893349],[107.527324,-6.893332],[107.527306,-6.893319],[107.527213,-6.893254],[107.527166,-6.893221],[107.527157,-6.893215],[107.527071,-6.893154],[107.527014,-6.893114],[107.526975,-6.893086],[107.526862,-6.893007],[107.526849,-6.892998],[107.526807,-6.892967],[107.526757,-6.892929],[107.526728,-6.892908],[107.526584,-6.8928],[107.526552,-6.892775],[107.526532,-6.892759],[107.526493,-6.892728],[107.526325,-6.892596],[107.526304,-6.892578],[107.526244,-6.892531],[107.526178,-6.892479],[107.526101,-6.892418],[107.526089,-6.892408],[107.526076,-6.892398],[107.526019,-6.89235],[107.525966,-6.892306],[107.525932,-6.892277],[107.52593,-6.892275],[107.525919,-6.892266],[107.525847,-6.892205],[107.525757,-6.89213],[107.52575,-6.892124],[107.525738,-6.892114],[107.525686,-6.89207],[107.525641,-6.892032],[107.525597,-6.891996],[107.525577,-6.891978],[107.525517,-6.891928],[107.52551,-6.891922],[107.525498,-6.891912],[107.525475,-6.891893],[107.525463,-6.891883],[107.525423,-6.891849],[107.525398,-6.891828],[107.525347,-6.89178],[107.525324,-6.891758],[107.52531,-6.891744],[107.525293,-6.891728],[107.525237,-6.891675],[107.525207,-6.891646],[107.525201,-6.89164],[107.525151,-6.891592],[107.525137,-6.891579],[107.525135,-6.891577],[107.5251,-6.891544],[107.525077,-6.891522],[107.525063,-6.891509],[107.525048,-6.891494],[107.525033,-6.89148],[107.525017,-6.891465],[107.525016,-6.891463],[107.52501,-6.891458],[107.525005,-6.891453],[107.525006,-6.891452],[107.525058,-6.891394],[107.525109,-6.891339],[107.525123,-6.891324],[107.525166,-6.891282],[107.525173,-6.891275],[107.525232,-6.891218],[107.525272,-6.891059],[107.525298,-6.890986],[107.525306,-6.890963],[107.525312,-6.890947],[107.525319,-6.890928],[107.525393,-6.890799],[107.525408,-6.890774],[107.525451,-6.890699],[107.525522,-6.890579],[107.525573,-6.890493],[107.525603,-6.890438],[107.525632,-6.890385],[107.525652,-6.890348],[107.525678,-6.890302],[107.525696,-6.89027],[107.525716,-6.890232],[107.525801,-6.890087],[107.525832,-6.890035],[107.525846,-6.890011],[107.525865,-6.88998],[107.526009,-6.889727],[107.526012,-6.88972],[107.526046,-6.889637],[107.526064,-6.889592],[107.526135,-6.88948],[107.526199,-6.88938],[107.526233,-6.889321],[107.526287,-6.889226],[107.526327,-6.889158],[107.52636,-6.889112],[107.526371,-6.889107],[107.526498,-6.889225],[107.526508,-6.889234],[107.526662,-6.889377],[107.526689,-6.889403],[107.526722,-6.889433],[107.526725,-6.889435],[107.526774,-6.88948],[107.526832,-6.889533],[107.526845,-6.889544],[107.526893,-6.889587],[107.526953,-6.889639],[107.526993,-6.889673],[107.526995,-6.889674],[107.527003,-6.889681],[107.527005,-6.889683],[107.527021,-6.889696],[107.527069,-6.889737],[107.527101,-6.889764],[107.52712,-6.88978],[107.527134,-6.889792],[107.527137,-6.889795],[107.52716,-6.889814],[107.527165,-6.889819],[107.527193,-6.889845],[107.527196,-6.889849],[107.527215,-6.889866],[107.527235,-6.889887],[107.527242,-6.889894],[107.527258,-6.889911],[107.52733,-6.889953],[107.527356,-6.889902],[107.527378,-6.889858],[107.527379,-6.889857],[107.527385,-6.889848],[107.527386,-6.889847],[107.527399,-6.889827],[107.527441,-6.889767],[107.527442,-6.889765],[107.527453,-6.889751],[107.52746,-6.889743],[107.527463,-6.889739],[107.527527,-6.889627],[107.527544,-6.889604],[107.527564,-6.889576],[107.527579,-6.88956],[107.527602,-6.889535],[107.527651,-6.889482],[107.527707,-6.88942],[107.527746,-6.889376],[107.527752,-6.889369],[107.527781,-6.889335],[107.527785,-6.889331],[107.52783,-6.889279],[107.527836,-6.889272],[107.52784,-6.889268],[107.527843,-6.889264],[107.527884,-6.889217],[107.527908,-6.889188],[107.527945,-6.889145],[107.527966,-6.88912],[107.527976,-6.889108],[107.527985,-6.889096],[107.527995,-6.889084],[107.52801,-6.889065],[107.528016,-6.889038],[107.528024,-6.888999],[107.528028,-6.88898],[107.528029,-6.888966],[107.52803,-6.888924],[107.528031,-6.888898],[107.528032,-6.888891],[107.528033,-6.88885],[107.528033,-6.888837],[107.528032,-6.888766],[107.528031,-6.888749],[107.528031,-6.888714],[107.52803,-6.888713],[107.52803,-6.888691],[107.528029,-6.888675],[107.528029,-6.88865],[107.528032,-6.888637],[107.528035,-6.888623],[107.528035,-6.888621],[107.528043,-6.888584],[107.528052,-6.888566],[107.528077,-6.88851],[107.528119,-6.888421],[107.528131,-6.8884],[107.528141,-6.888381],[107.52815,-6.888372],[107.528165,-6.888356],[107.528188,-6.888332],[107.528189,-6.888332],[107.528198,-6.888315],[107.528215,-6.888302],[107.528246,-6.888258],[107.528271,-6.888213],[107.52828,-6.888204],[107.528293,-6.888192],[107.528325,-6.888163],[107.52834,-6.888145],[107.528341,-6.888144],[107.528369,-6.888128],[107.528374,-6.888125],[107.528378,-6.888123],[107.528395,-6.888113],[107.52841,-6.888104],[107.528413,-6.888098],[107.528422,-6.888082],[107.528422,-6.888023],[107.528421,-6.887995],[107.52843,-6.887971],[107.528439,-6.887946],[107.528442,-6.887936],[107.528444,-6.887929],[107.528447,-6.887919],[107.52846,-6.887911],[107.528466,-6.887907],[107.528474,-6.887903],[107.528501,-6.887899],[107.528524,-6.887901],[107.528544,-6.887903],[107.52858,-6.887911],[107.528596,-6.887914],[107.528615,-6.88791],[107.52862,-6.88791],[107.528623,-6.887909],[107.528678,-6.887888],[107.528695,-6.887881],[107.528735,-6.887863],[107.528745,-6.88786],[107.528747,-6.887859],[107.528763,-6.887853],[107.528764,-6.887853],[107.528805,-6.88786],[107.528814,-6.887861],[107.528847,-6.887865],[107.528854,-6.887866],[107.528905,-6.887865],[107.528907,-6.887865],[107.528912,-6.887864],[107.528935,-6.887849],[107.528953,-6.887837],[107.528985,-6.887822],[107.529043,-6.88782],[107.529054,-6.88782],[107.529074,-6.887818],[107.529096,-6.887816],[107.529145,-6.887802],[107.529203,-6.887773],[107.52928,-6.887715],[107.529285,-6.887711],[107.529351,-6.887659],[107.529414,-6.8876],[107.529464,-6.88755],[107.529492,-6.887515],[107.529502,-6.887502],[107.529522,-6.887456],[107.529527,-6.887444],[107.529545,-6.887404],[107.529576,-6.887343],[107.529598,-6.887301],[107.529624,-6.887252],[107.529633,-6.887233],[107.529658,-6.88717],[107.529683,-6.887106],[107.529702,-6.887054],[107.529719,-6.88701],[107.529722,-6.887004],[107.529724,-6.886997],[107.529725,-6.886994],[107.529728,-6.886988],[107.52974,-6.886957],[107.529755,-6.88691],[107.529755,-6.886909],[107.529652,-6.886861],[107.529477,-6.886775],[107.529404,-6.88674],[107.529366,-6.886721],[107.529327,-6.8867],[107.529285,-6.886678],[107.529251,-6.886673],[107.529236,-6.886686],[107.529212,-6.886743],[107.529189,-6.886801],[107.529183,-6.886816],[107.529141,-6.886867],[107.52908,-6.886905],[107.528998,-6.886927],[107.528873,-6.886944],[107.528778,-6.886941],[107.528692,-6.886934],[107.528677,-6.88693],[107.528541,-6.886893],[107.528498,-6.886867],[107.528486,-6.88682],[107.528477,-6.886759],[107.528456,-6.88671],[107.528428,-6.88666],[107.52838,-6.886627],[107.528377,-6.886625],[107.528373,-6.886623],[107.528301,-6.886605],[107.528234,-6.886592],[107.528123,-6.886613],[107.527965,-6.886658],[107.527678,-6.88674],[107.527602,-6.886762],[107.527479,-6.886787],[107.527453,-6.886793],[107.527379,-6.886805],[107.52734,-6.886803],[107.527325,-6.886802],[107.52728,-6.886779],[107.527212,-6.886728],[107.527045,-6.886604],[107.526983,-6.886556],[107.526934,-6.886534],[107.526898,-6.886519],[107.526796,-6.886483],[107.526743,-6.886464],[107.526736,-6.886461],[107.526665,-6.886442],[107.526609,-6.886418],[107.526572,-6.886384],[107.526551,-6.886345],[107.526524,-6.886256],[107.526519,-6.886242],[107.526497,-6.886175],[107.526482,-6.886144],[107.52646,-6.886135],[107.526451,-6.886131],[107.526402,-6.886134],[107.526296,-6.886159],[107.526195,-6.88618],[107.525829,-6.886257],[107.525483,-6.886313],[107.525431,-6.886324],[107.525256,-6.886359],[107.525261,-6.886339],[107.525279,-6.886272],[107.525293,-6.886222],[107.525308,-6.886173],[107.525317,-6.886133],[107.525335,-6.886059],[107.525385,-6.885896],[107.525398,-6.885851],[107.525412,-6.885803],[107.525437,-6.885713],[107.52544,-6.885678],[107.525438,-6.885655],[107.52543,-6.88563],[107.525384,-6.885589],[107.525366,-6.88557],[107.525361,-6.885552],[107.525363,-6.885529],[107.525365,-6.885479],[107.525364,-6.885452],[107.525364,-6.88545],[107.52536,-6.885429],[107.525354,-6.885407],[107.525353,-6.885389],[107.525361,-6.885355],[107.525371,-6.885314],[107.52537,-6.885297],[107.525362,-6.885274],[107.525342,-6.885249],[107.525335,-6.885238],[107.525321,-6.885218],[107.525303,-6.885191],[107.525287,-6.885154],[107.525281,-6.885131],[107.525268,-6.8851],[107.525254,-6.88506],[107.525242,-6.885014],[107.525239,-6.884981],[107.525243,-6.884938],[107.525237,-6.884892],[107.525221,-6.884847],[107.52521,-6.884816],[107.525187,-6.88476],[107.525169,-6.884714],[107.525148,-6.884662],[107.525105,-6.884589],[107.525002,-6.884448],[107.524991,-6.884413],[107.524998,-6.884382],[107.525029,-6.884329],[107.525082,-6.884238],[107.525089,-6.884198],[107.525087,-6.884165],[107.525065,-6.884118],[107.52506,-6.884077],[107.525066,-6.884036],[107.52507,-6.883982],[107.525067,-6.883945],[107.525045,-6.883908],[107.525044,-6.883906],[107.524979,-6.883832],[107.524888,-6.883738],[107.524859,-6.883703],[107.524838,-6.883655],[107.524816,-6.883562],[107.524816,-6.88356],[107.524811,-6.883518],[107.524786,-6.883471],[107.524746,-6.883428],[107.524674,-6.883377],[107.524666,-6.883331],[107.524617,-6.883285],[107.524559,-6.883236],[107.524482,-6.883183],[107.524396,-6.883103],[107.524282,-6.883024],[107.524195,-6.88296],[107.524137,-6.882901],[107.524011,-6.882774],[107.523963,-6.882752],[107.523892,-6.882787],[107.523795,-6.882843],[107.523699,-6.882811],[107.523671,-6.882799],[107.52347,-6.882739],[107.523237,-6.882642],[107.522997,-6.882557],[107.522939,-6.882536],[107.522771,-6.882464],[107.522737,-6.882449],[107.522664,-6.882413],[107.522684,-6.882356],[107.522626,-6.882165],[107.522444,-6.882036],[107.522055,-6.881919],[107.52161,-6.881828],[107.521169,-6.881826],[107.520531,-6.881498],[107.520131,-6.881231],[107.520108,-6.880884],[107.519911,-6.880771],[107.519626,-6.880584],[107.519627,-6.880582],[107.519351,-6.880338],[107.519349,-6.880337],[107.518952,-6.879986],[107.518654,-6.8802],[107.518398,-6.880377],[107.518242,-6.880481],[107.518208,-6.880498],[107.518105,-6.880548],[107.517956,-6.880638],[107.517884,-6.880678],[107.517837,-6.880705],[107.517741,-6.880777],[107.517532,-6.880878],[107.517479,-6.880904],[107.517323,-6.880972],[107.517281,-6.88099],[107.517224,-6.881074],[107.517187,-6.881131],[107.517122,-6.881208],[107.517088,-6.881254],[107.517082,-6.881261],[107.517027,-6.881331],[107.51697,-6.881412],[107.516803,-6.881565],[107.516775,-6.881591],[107.516708,-6.881655],[107.516651,-6.8817],[107.516564,-6.881814],[107.516525,-6.881877],[107.516492,-6.881952],[107.516479,-6.88197],[107.516461,-6.881997],[107.516405,-6.882077],[107.516379,-6.882115],[107.516356,-6.882192],[107.516234,-6.882598],[107.51607,-6.883143],[107.515902,-6.883414],[107.51576,-6.883644],[107.515137,-6.884232],[107.515103,-6.884264],[107.514774,-6.884496],[107.514749,-6.884503],[107.514487,-6.884583],[107.51434,-6.8846],[107.514203,-6.884615],[107.514202,-6.884615],[107.513813,-6.884673],[107.513722,-6.884746],[107.51347,-6.884947],[107.513299,-6.885249],[107.513164,-6.885655],[107.512914,-6.88641],[107.512768,-6.886849],[107.512684,-6.887102],[107.512647,-6.887214],[107.512513,-6.887617],[107.512413,-6.887917],[107.512294,-6.888411],[107.512051,-6.889061],[107.511944,-6.889289],[107.511936,-6.889361],[107.511958,-6.889559],[107.512022,-6.889925],[107.512058,-6.890146],[107.512129,-6.890496],[107.5122,-6.890938],[107.512215,-6.891124],[107.512215,-6.891574],[107.512236,-6.891852],[107.512258,-6.891995],[107.5123,-6.892223],[107.512372,-6.89263],[107.512393,-6.892844],[107.512386,-6.89303],[107.512343,-6.893251],[107.512246,-6.893548],[107.512086,-6.893965],[107.511933,-6.89421],[107.511744,-6.894615],[107.511537,-6.89485],[107.511227,-6.895073],[107.511179,-6.89523],[107.511121,-6.895322],[107.511076,-6.895349],[107.511024,-6.895498],[107.510999,-6.895584],[107.510935,-6.895848],[107.510865,-6.895838],[107.510789,-6.895827],[107.510746,-6.896094],[107.510775,-6.896197],[107.51067,-6.896616],[107.510589,-6.896941],[107.510568,-6.897025],[107.510535,-6.897155],[107.510477,-6.897431],[107.510416,-6.897722],[107.51035,-6.898036],[107.510319,-6.898184]]]}},{"type":"Feature","properties":{"wilayah_id":13,"kelurahan":"Cibabat","kecamatan":"Cimahi Utara","jumlah_rw":25},"geometry":{"type":"Polygon","coordinates":[[[107.547057,-6.876592],[107.547224,-6.876695],[107.547256,-6.876715],[107.547481,-6.876864],[107.547485,-6.876866],[107.547537,-6.876902],[107.547546,-6.876908],[107.54762,-6.876953],[107.547876,-6.877107],[107.547904,-6.877123],[107.548376,-6.877424],[107.548473,-6.877487],[107.548492,-6.877499],[107.548566,-6.877546],[107.548878,-6.877745],[107.54892,-6.877772],[107.548971,-6.877804],[107.549087,-6.877879],[107.549128,-6.877917],[107.549173,-6.877959],[107.549262,-6.878042],[107.549266,-6.878045],[107.549271,-6.878048],[107.549309,-6.878078],[107.549333,-6.878098],[107.549384,-6.878138],[107.549399,-6.878156],[107.549415,-6.878175],[107.549475,-6.878267],[107.549491,-6.878291],[107.549508,-6.878317],[107.549528,-6.878346],[107.549563,-6.8784],[107.549591,-6.878441],[107.54961,-6.878471],[107.549632,-6.878504],[107.549668,-6.878559],[107.549703,-6.878612],[107.549729,-6.878652],[107.549745,-6.878676],[107.549796,-6.878753],[107.549819,-6.878788],[107.549833,-6.878813],[107.549857,-6.878855],[107.549869,-6.878878],[107.549949,-6.879022],[107.549971,-6.879061],[107.54998,-6.879076],[107.549981,-6.879078],[107.549985,-6.879085],[107.549988,-6.879091],[107.549993,-6.879099],[107.550002,-6.879116],[107.550003,-6.879117],[107.55001,-6.87913],[107.550028,-6.879162],[107.550029,-6.879163],[107.55003,-6.879165],[107.550056,-6.879211],[107.550065,-6.879228],[107.550073,-6.879241],[107.550109,-6.879305],[107.550109,-6.879306],[107.55011,-6.879306],[107.55011,-6.879308],[107.550111,-6.879308],[107.550111,-6.879309],[107.550112,-6.87931],[107.550112,-6.879311],[107.550113,-6.879312],[107.550113,-6.879313],[107.550115,-6.879315],[107.550117,-6.87932],[107.550118,-6.87932],[107.55012,-6.879325],[107.550121,-6.879327],[107.550123,-6.87933],[107.550125,-6.879334],[107.550127,-6.879337],[107.55013,-6.879342],[107.550135,-6.879352],[107.55014,-6.87936],[107.550142,-6.879363],[107.550144,-6.879368],[107.550146,-6.87937],[107.550147,-6.879372],[107.550147,-6.879373],[107.550149,-6.879375],[107.550155,-6.879387],[107.550163,-6.8794],[107.550165,-6.879404],[107.55017,-6.879413],[107.55017,-6.879414],[107.550181,-6.87943],[107.550184,-6.879435],[107.550202,-6.879462],[107.55021,-6.879475],[107.550216,-6.879483],[107.550225,-6.879497],[107.550231,-6.879507],[107.550239,-6.879518],[107.550246,-6.879528],[107.550252,-6.879538],[107.550257,-6.879546],[107.550265,-6.879559],[107.550272,-6.879568],[107.55028,-6.87958],[107.550285,-6.879588],[107.550293,-6.8796],[107.5503,-6.879611],[107.550302,-6.879614],[107.550311,-6.879629],[107.550313,-6.879631],[107.550315,-6.879634],[107.550315,-6.879635],[107.550316,-6.879636],[107.550322,-6.879645],[107.550324,-6.879647],[107.550327,-6.879653],[107.550331,-6.879659],[107.550333,-6.879661],[107.550346,-6.879681],[107.550347,-6.879682],[107.550364,-6.87971],[107.550371,-6.87972],[107.550393,-6.879752],[107.550405,-6.879772],[107.550413,-6.879783],[107.550413,-6.879784],[107.550419,-6.879792],[107.550421,-6.879796],[107.550422,-6.879797],[107.550424,-6.8798],[107.55043,-6.87981],[107.550436,-6.879818],[107.550445,-6.879832],[107.550447,-6.879836],[107.550451,-6.879841],[107.550451,-6.879842],[107.550452,-6.879843],[107.550453,-6.879845],[107.550455,-6.879847],[107.550457,-6.87985],[107.550458,-6.879852],[107.55046,-6.879855],[107.550461,-6.879856],[107.550464,-6.879862],[107.550466,-6.879864],[107.550469,-6.879868],[107.550475,-6.879878],[107.550584,-6.880088],[107.550587,-6.880094],[107.550588,-6.880097],[107.55059,-6.8801],[107.550704,-6.880298],[107.550911,-6.880613],[107.550926,-6.880637],[107.550936,-6.880651],[107.550941,-6.880659],[107.551169,-6.881],[107.551196,-6.881041],[107.551238,-6.881104],[107.551257,-6.881131],[107.551265,-6.881142],[107.551315,-6.881211],[107.551321,-6.881222],[107.551405,-6.881364],[107.551423,-6.881394],[107.551462,-6.881461],[107.551509,-6.881541],[107.551512,-6.881545],[107.551515,-6.881551],[107.551521,-6.88156],[107.551536,-6.881587],[107.551537,-6.881589],[107.551538,-6.88159],[107.551539,-6.881592],[107.551539,-6.881593],[107.551541,-6.881595],[107.551542,-6.881597],[107.551542,-6.881598],[107.551543,-6.881598],[107.551543,-6.8816],[107.551544,-6.8816],[107.551544,-6.881601],[107.551547,-6.881607],[107.551548,-6.881608],[107.551566,-6.881638],[107.55157,-6.881645],[107.55157,-6.881647],[107.551575,-6.881655],[107.551577,-6.881658],[107.551578,-6.881659],[107.551584,-6.881671],[107.551586,-6.881673],[107.551588,-6.881678],[107.551596,-6.881691],[107.551599,-6.881696],[107.551607,-6.88171],[107.551612,-6.881718],[107.551618,-6.881729],[107.551621,-6.881734],[107.551623,-6.881738],[107.551631,-6.881752],[107.551638,-6.881764],[107.551644,-6.881774],[107.551646,-6.881778],[107.551653,-6.88179],[107.551656,-6.881795],[107.55166,-6.881803],[107.551669,-6.881818],[107.551676,-6.88183],[107.551688,-6.88185],[107.551692,-6.881858],[107.551705,-6.88188],[107.551709,-6.881887],[107.55171,-6.881888],[107.551721,-6.881907],[107.551721,-6.881908],[107.551732,-6.881926],[107.551734,-6.88193],[107.551739,-6.881939],[107.551748,-6.881955],[107.551751,-6.881961],[107.551762,-6.881979],[107.551765,-6.881983],[107.551765,-6.881984],[107.551768,-6.88199],[107.551769,-6.881991],[107.551771,-6.881995],[107.551776,-6.882002],[107.551776,-6.882003],[107.551778,-6.882007],[107.551785,-6.882018],[107.551789,-6.882026],[107.551791,-6.882028],[107.551791,-6.88203],[107.551794,-6.882035],[107.551799,-6.882042],[107.551799,-6.882043],[107.551803,-6.882051],[107.551804,-6.882052],[107.551806,-6.882055],[107.551808,-6.882059],[107.551811,-6.882063],[107.551812,-6.882065],[107.551812,-6.882066],[107.551813,-6.882066],[107.551813,-6.882068],[107.551815,-6.88207],[107.551815,-6.882071],[107.551817,-6.882075],[107.551818,-6.882075],[107.551818,-6.882077],[107.551819,-6.882077],[107.551819,-6.882078],[107.551821,-6.88208],[107.551821,-6.882081],[107.551823,-6.882083],[107.551823,-6.882084],[107.551824,-6.882084],[107.551824,-6.882086],[107.551826,-6.882087],[107.551826,-6.882088],[107.551827,-6.882089],[107.551827,-6.88209],[107.551828,-6.882091],[107.551832,-6.882097],[107.551836,-6.882104],[107.551838,-6.882107],[107.551845,-6.882117],[107.551847,-6.882121],[107.55185,-6.882125],[107.551858,-6.882136],[107.551864,-6.882146],[107.551871,-6.882157],[107.551873,-6.882159],[107.55188,-6.88217],[107.551886,-6.882179],[107.551895,-6.882193],[107.551896,-6.882195],[107.551907,-6.882211],[107.55191,-6.882216],[107.551918,-6.882229],[107.551924,-6.882237],[107.551931,-6.882247],[107.551935,-6.882254],[107.551943,-6.882265],[107.551969,-6.882306],[107.551995,-6.882346],[107.552007,-6.882363],[107.552017,-6.882379],[107.552019,-6.882381],[107.552036,-6.882407],[107.552043,-6.882418],[107.552047,-6.882424],[107.55205,-6.882428],[107.552052,-6.882432],[107.552059,-6.882443],[107.552065,-6.88245],[107.552069,-6.882457],[107.552069,-6.882458],[107.55207,-6.882458],[107.55207,-6.882459],[107.55208,-6.882476],[107.552091,-6.882495],[107.552122,-6.882548],[107.552178,-6.882645],[107.552214,-6.882707],[107.552225,-6.882725],[107.552291,-6.88284],[107.552407,-6.883072],[107.552429,-6.883115],[107.552499,-6.883223],[107.552551,-6.883302],[107.552564,-6.883316],[107.552584,-6.883338],[107.552597,-6.883351],[107.552604,-6.883359],[107.55261,-6.883367],[107.552642,-6.883409],[107.552674,-6.88346],[107.552764,-6.883606],[107.55279,-6.883648],[107.552807,-6.883676],[107.552812,-6.883684],[107.552822,-6.883699],[107.552863,-6.883767],[107.552889,-6.883811],[107.55289,-6.883814],[107.552892,-6.883817],[107.552892,-6.883818],[107.552893,-6.883819],[107.552893,-6.88382],[107.552894,-6.88382],[107.552894,-6.883822],[107.552895,-6.883822],[107.552895,-6.883824],[107.552897,-6.883826],[107.552898,-6.883828],[107.552899,-6.883829],[107.5529,-6.883832],[107.552901,-6.883833],[107.552901,-6.883834],[107.552902,-6.883836],[107.552908,-6.883846],[107.55291,-6.883849],[107.552914,-6.883856],[107.552916,-6.883861],[107.552919,-6.883866],[107.552922,-6.88387],[107.552926,-6.883879],[107.552927,-6.88388],[107.552928,-6.883882],[107.55293,-6.883885],[107.552932,-6.883889],[107.552933,-6.883889],[107.552934,-6.883891],[107.552934,-6.883892],[107.552935,-6.883892],[107.552935,-6.883893],[107.552936,-6.883895],[107.552937,-6.883896],[107.552937,-6.883897],[107.552938,-6.883897],[107.552992,-6.883979],[107.553039,-6.884049],[107.553063,-6.884093],[107.553133,-6.884222],[107.553175,-6.884299],[107.553245,-6.884427],[107.553251,-6.884433],[107.553269,-6.884449],[107.553275,-6.884455],[107.553282,-6.884467],[107.553298,-6.884495],[107.553355,-6.884592],[107.553422,-6.884705],[107.553422,-6.884706],[107.553423,-6.884706],[107.553423,-6.884708],[107.553424,-6.884708],[107.553424,-6.884709],[107.553425,-6.884711],[107.553426,-6.884712],[107.553429,-6.884718],[107.55343,-6.884718],[107.55343,-6.884719],[107.553431,-6.884721],[107.553433,-6.884723],[107.553433,-6.884725],[107.553435,-6.884727],[107.553435,-6.884728],[107.553438,-6.884732],[107.553438,-6.884733],[107.553441,-6.884737],[107.553441,-6.884738],[107.553444,-6.884742],[107.553444,-6.884743],[107.553447,-6.884749],[107.553449,-6.884752],[107.553452,-6.884756],[107.553453,-6.884758],[107.553456,-6.884763],[107.553457,-6.884764],[107.55346,-6.884769],[107.55346,-6.884771],[107.553463,-6.884775],[107.553464,-6.884776],[107.553464,-6.884777],[107.553465,-6.884778],[107.553465,-6.884779],[107.553466,-6.884781],[107.553468,-6.884783],[107.553468,-6.884784],[107.55347,-6.884786],[107.553471,-6.884789],[107.553472,-6.88479],[107.553478,-6.8848],[107.553478,-6.884801],[107.55348,-6.884804],[107.553487,-6.884815],[107.553493,-6.884826],[107.553501,-6.88484],[107.553508,-6.884852],[107.55351,-6.884855],[107.55352,-6.884871],[107.553521,-6.884874],[107.553529,-6.884887],[107.553533,-6.884893],[107.55354,-6.884906],[107.553543,-6.884911],[107.55355,-6.884924],[107.553554,-6.88493],[107.55356,-6.88494],[107.553565,-6.884948],[107.55357,-6.884958],[107.553574,-6.884964],[107.553581,-6.884976],[107.553583,-6.884978],[107.553589,-6.88499],[107.553594,-6.884998],[107.5536,-6.885009],[107.553601,-6.88501],[107.553611,-6.885027],[107.553612,-6.885029],[107.55362,-6.885042],[107.553621,-6.885044],[107.553622,-6.885045],[107.553622,-6.885046],[107.553623,-6.885047],[107.553625,-6.885051],[107.553626,-6.885052],[107.553628,-6.885055],[107.553628,-6.885056],[107.553629,-6.885058],[107.553631,-6.88506],[107.553632,-6.885062],[107.553633,-6.885065],[107.553634,-6.885066],[107.553636,-6.885069],[107.553638,-6.885073],[107.553639,-6.885074],[107.55364,-6.885077],[107.553641,-6.885078],[107.553641,-6.885079],[107.553642,-6.885079],[107.553642,-6.88508],[107.553643,-6.885081],[107.553643,-6.885082],[107.553644,-6.885082],[107.553644,-6.885083],[107.553645,-6.885084],[107.553645,-6.885085],[107.553647,-6.885087],[107.553647,-6.885088],[107.553648,-6.885089],[107.553648,-6.88509],[107.553649,-6.885091],[107.553649,-6.885092],[107.55365,-6.885093],[107.55365,-6.885094],[107.553651,-6.885094],[107.553651,-6.885096],[107.553652,-6.885096],[107.553652,-6.885097],[107.553653,-6.885098],[107.553682,-6.885147],[107.553771,-6.8853],[107.553859,-6.885443],[107.553889,-6.885493],[107.55396,-6.885609],[107.554008,-6.885687],[107.554103,-6.885852],[107.55413,-6.885899],[107.554136,-6.885908],[107.554211,-6.886014],[107.554237,-6.886051],[107.554252,-6.886071],[107.554263,-6.886089],[107.554272,-6.886104],[107.554297,-6.886145],[107.554336,-6.886207],[107.554393,-6.886299],[107.55442,-6.886342],[107.55447,-6.886432],[107.554521,-6.886524],[107.554546,-6.886569],[107.554572,-6.886616],[107.554593,-6.886653],[107.554595,-6.886657],[107.554609,-6.886682],[107.554611,-6.886684],[107.55462,-6.886709],[107.554622,-6.886715],[107.554622,-6.886716],[107.554626,-6.886725],[107.554647,-6.886761],[107.554649,-6.886763],[107.554661,-6.886783],[107.554672,-6.886803],[107.554714,-6.886872],[107.554856,-6.887108],[107.554859,-6.887112],[107.554979,-6.887312],[107.555023,-6.887385],[107.555062,-6.887451],[107.555079,-6.887477],[107.555176,-6.887637],[107.55519,-6.887661],[107.555215,-6.88771],[107.555216,-6.887713],[107.555241,-6.887762],[107.555247,-6.887775],[107.555259,-6.887798],[107.555262,-6.887802],[107.555267,-6.88781],[107.555274,-6.88782],[107.555389,-6.887991],[107.555427,-6.888051],[107.555468,-6.888116],[107.555516,-6.888193],[107.555555,-6.888254],[107.555699,-6.888481],[107.555733,-6.888534],[107.555753,-6.888566],[107.55587,-6.888751],[107.555889,-6.888781],[107.555892,-6.888786],[107.555913,-6.888819],[107.555913,-6.88882],[107.555961,-6.888896],[107.555963,-6.8889],[107.555966,-6.888905],[107.555971,-6.888913],[107.555972,-6.888915],[107.556021,-6.888993],[107.556028,-6.889005],[107.55603,-6.889007],[107.556056,-6.889048],[107.556087,-6.889096],[107.556119,-6.889146],[107.556159,-6.889208],[107.556228,-6.889319],[107.556239,-6.889334],[107.556243,-6.889341],[107.556317,-6.889446],[107.556332,-6.889467],[107.556342,-6.889482],[107.556396,-6.889558],[107.556408,-6.889574],[107.556433,-6.889611],[107.556455,-6.889642],[107.55646,-6.889638],[107.556583,-6.889539],[107.556629,-6.889503],[107.55681,-6.889407],[107.55691,-6.88937],[107.557014,-6.889331],[107.557166,-6.889279],[107.557172,-6.889269],[107.557205,-6.889212],[107.557213,-6.889208],[107.557264,-6.889186],[107.55727,-6.889183],[107.557343,-6.88915],[107.557433,-6.889165],[107.557561,-6.889165],[107.557671,-6.88915],[107.55772,-6.889144],[107.557814,-6.889131],[107.557852,-6.889117],[107.557947,-6.889046],[107.558271,-6.889222],[107.558285,-6.88897],[107.558298,-6.888829],[107.558304,-6.88876],[107.558342,-6.888646],[107.558389,-6.888556],[107.558413,-6.888508],[107.558433,-6.888466],[107.55845,-6.888429],[107.558518,-6.888285],[107.55852,-6.888279],[107.558557,-6.888176],[107.558564,-6.888157],[107.558571,-6.888098],[107.558566,-6.888049],[107.558566,-6.888047],[107.558559,-6.887998],[107.558562,-6.887952],[107.558581,-6.887906],[107.558612,-6.887836],[107.558619,-6.887821],[107.55864,-6.887782],[107.558649,-6.887767],[107.558672,-6.887721],[107.558703,-6.887726],[107.558714,-6.887721],[107.558732,-6.887705],[107.558742,-6.887692],[107.558747,-6.887668],[107.558754,-6.887632],[107.558755,-6.887626],[107.558775,-6.887537],[107.558785,-6.887489],[107.558803,-6.887408],[107.558814,-6.887349],[107.55883,-6.887221],[107.55884,-6.887158],[107.558857,-6.887109],[107.558885,-6.887072],[107.558886,-6.88707],[107.558893,-6.887066],[107.558906,-6.887026],[107.558914,-6.886993],[107.558927,-6.886944],[107.558961,-6.886883],[107.559028,-6.886816],[107.55909,-6.886735],[107.559113,-6.886733],[107.559125,-6.886738],[107.559158,-6.886752],[107.559304,-6.886824],[107.559309,-6.886835],[107.559311,-6.886839],[107.559398,-6.88688],[107.559413,-6.88689],[107.559432,-6.886903],[107.55947,-6.886878],[107.559493,-6.88687],[107.559516,-6.886854],[107.559536,-6.886833],[107.559547,-6.886809],[107.559548,-6.88679],[107.55956,-6.886739],[107.559572,-6.886717],[107.55959,-6.886698],[107.5596,-6.88668],[107.559607,-6.886651],[107.559613,-6.886628],[107.559635,-6.886608],[107.559648,-6.886596],[107.559673,-6.886569],[107.559711,-6.886506],[107.559739,-6.886471],[107.559773,-6.886438],[107.559799,-6.886399],[107.559817,-6.886382],[107.559828,-6.886366],[107.559844,-6.88635],[107.559861,-6.886338],[107.559867,-6.886328],[107.559872,-6.886312],[107.559872,-6.886311],[107.559882,-6.886293],[107.559899,-6.886276],[107.559918,-6.886261],[107.559933,-6.886243],[107.559946,-6.886218],[107.559946,-6.886217],[107.559953,-6.886196],[107.559954,-6.886163],[107.559955,-6.886152],[107.559979,-6.886114],[107.559987,-6.886102],[107.55997,-6.886048],[107.559962,-6.886024],[107.559975,-6.885944],[107.559981,-6.885905],[107.559971,-6.885902],[107.55997,-6.8859],[107.55996,-6.88589],[107.559955,-6.88587],[107.559956,-6.885832],[107.559959,-6.885796],[107.559968,-6.885762],[107.559993,-6.885692],[107.560015,-6.885637],[107.560025,-6.885621],[107.560033,-6.885608],[107.560043,-6.885583],[107.560046,-6.885573],[107.560055,-6.88555],[107.560059,-6.88554],[107.560069,-6.885519],[107.5601,-6.885478],[107.560112,-6.88546],[107.560112,-6.885459],[107.560119,-6.885452],[107.560142,-6.885419],[107.560146,-6.885396],[107.560137,-6.88537],[107.560124,-6.885349],[107.560121,-6.885343],[107.560107,-6.885316],[107.560107,-6.885315],[107.560104,-6.885241],[107.560099,-6.885231],[107.560088,-6.885206],[107.56008,-6.885179],[107.560077,-6.885165],[107.560077,-6.88516],[107.560074,-6.885138],[107.560069,-6.885122],[107.560066,-6.885113],[107.56006,-6.885083],[107.560057,-6.885061],[107.560052,-6.885045],[107.560057,-6.885037],[107.560071,-6.885029],[107.560095,-6.885023],[107.560096,-6.885023],[107.560115,-6.885021],[107.560135,-6.885016],[107.560156,-6.884995],[107.56018,-6.884979],[107.560193,-6.884965],[107.560201,-6.884953],[107.560215,-6.884952],[107.560244,-6.884948],[107.560259,-6.884936],[107.560298,-6.884901],[107.560331,-6.884865],[107.560345,-6.884844],[107.560366,-6.884834],[107.560376,-6.884831],[107.560385,-6.884811],[107.560393,-6.884796],[107.560395,-6.884772],[107.560386,-6.884745],[107.560381,-6.884721],[107.560382,-6.884707],[107.560382,-6.884686],[107.560385,-6.88465],[107.560399,-6.884613],[107.560412,-6.884584],[107.560429,-6.884553],[107.560441,-6.884528],[107.560457,-6.884534],[107.560459,-6.884534],[107.560472,-6.884537],[107.560487,-6.884539],[107.560503,-6.884501],[107.560521,-6.884455],[107.560536,-6.884437],[107.560552,-6.884418],[107.560563,-6.884399],[107.560569,-6.88438],[107.56059,-6.884355],[107.560656,-6.884281],[107.560673,-6.884163],[107.560698,-6.884036],[107.560709,-6.883978],[107.560649,-6.883828],[107.560559,-6.883668],[107.560529,-6.883488],[107.560542,-6.88345],[107.560549,-6.883428],[107.560569,-6.883348],[107.560594,-6.883295],[107.560597,-6.883289],[107.560612,-6.883255],[107.560696,-6.883072],[107.560739,-6.882978],[107.560789,-6.882818],[107.560802,-6.882788],[107.560889,-6.882578],[107.560969,-6.882488],[107.560984,-6.882484],[107.561011,-6.882475],[107.561316,-6.88238],[107.561419,-6.882348],[107.561516,-6.8823],[107.561519,-6.882298],[107.561569,-6.881998],[107.561646,-6.881835],[107.561649,-6.881828],[107.561689,-6.881668],[107.561692,-6.881636],[107.561704,-6.88148],[107.561706,-6.881451],[107.561707,-6.881435],[107.561715,-6.881437],[107.5624,-6.881618],[107.562426,-6.88159],[107.562434,-6.881582],[107.562631,-6.881403],[107.562686,-6.881341],[107.562787,-6.881227],[107.562964,-6.881029],[107.563139,-6.880833],[107.56335,-6.880574],[107.563378,-6.880542],[107.563442,-6.880469],[107.56367,-6.880196],[107.563673,-6.880191],[107.563698,-6.880151],[107.563722,-6.880112],[107.563723,-6.88011],[107.563798,-6.879982],[107.563892,-6.879823],[107.56403,-6.879592],[107.564044,-6.879574],[107.564084,-6.879522],[107.564099,-6.879503],[107.564124,-6.879471],[107.564171,-6.87939],[107.564203,-6.879333],[107.56425,-6.879288],[107.564256,-6.879281],[107.56427,-6.879265],[107.56427,-6.879264],[107.564281,-6.879252],[107.564283,-6.87925],[107.564299,-6.87923],[107.564334,-6.87919],[107.564349,-6.879173],[107.564369,-6.879149],[107.564372,-6.879146],[107.564395,-6.879119],[107.564398,-6.879115],[107.564405,-6.879107],[107.564412,-6.879098],[107.564418,-6.879092],[107.564419,-6.87909],[107.564422,-6.879087],[107.564426,-6.879082],[107.564433,-6.879075],[107.564434,-6.879073],[107.56444,-6.879066],[107.564444,-6.879062],[107.564444,-6.879061],[107.564445,-6.879061],[107.564445,-6.87906],[107.56451,-6.878964],[107.564519,-6.878934],[107.564544,-6.878841],[107.564553,-6.87881],[107.564558,-6.878792],[107.564536,-6.87873],[107.564513,-6.878566],[107.564504,-6.878503],[107.564499,-6.878471],[107.564483,-6.878364],[107.564458,-6.878191],[107.564455,-6.87817],[107.564483,-6.878084],[107.564488,-6.878068],[107.564517,-6.877978],[107.56453,-6.87794],[107.564581,-6.877782],[107.56459,-6.877757],[107.564597,-6.877737],[107.564597,-6.877735],[107.564555,-6.877722],[107.56455,-6.87772],[107.564515,-6.877709],[107.564497,-6.877703],[107.564495,-6.877702],[107.564491,-6.877701],[107.564485,-6.877699],[107.564483,-6.877698],[107.56448,-6.877698],[107.564442,-6.877691],[107.564465,-6.877617],[107.564591,-6.877211],[107.564628,-6.87709],[107.564654,-6.877098],[107.564855,-6.877159],[107.564875,-6.877165],[107.564914,-6.877177],[107.565301,-6.877293],[107.565357,-6.877012],[107.565364,-6.876975],[107.565368,-6.876954],[107.565394,-6.87696],[107.565657,-6.877019],[107.565692,-6.876987],[107.565712,-6.876991],[107.565773,-6.876738],[107.565785,-6.876691],[107.56575,-6.876684],[107.565576,-6.876648],[107.565549,-6.876657],[107.565513,-6.876647],[107.565435,-6.876628],[107.565385,-6.876612],[107.565425,-6.876516],[107.565473,-6.876389],[107.565446,-6.876374],[107.565446,-6.876372],[107.565526,-6.876061],[107.565527,-6.876058],[107.565546,-6.875992],[107.56555,-6.875976],[107.565558,-6.875951],[107.565524,-6.875946],[107.565452,-6.875937],[107.565389,-6.875925],[107.565303,-6.875909],[107.565287,-6.875906],[107.565147,-6.87588],[107.565039,-6.875854],[107.56503,-6.875851],[107.564988,-6.875782],[107.564952,-6.875742],[107.564597,-6.875571],[107.564644,-6.875373],[107.56465,-6.875346],[107.564685,-6.875195],[107.564757,-6.874959],[107.564766,-6.874928],[107.564688,-6.874871],[107.56462,-6.874821],[107.564547,-6.874781],[107.564416,-6.874708],[107.564407,-6.874703],[107.564295,-6.874641],[107.564278,-6.874631],[107.56411,-6.874561],[107.564038,-6.874533],[107.563942,-6.874496],[107.56384,-6.87446],[107.563924,-6.874261],[107.56397,-6.874136],[107.563975,-6.874121],[107.56398,-6.874108],[107.56398,-6.874107],[107.563974,-6.874105],[107.563842,-6.874055],[107.563806,-6.874041],[107.563606,-6.873966],[107.563569,-6.873952],[107.563521,-6.873933],[107.56344,-6.873903],[107.563457,-6.873864],[107.563475,-6.873822],[107.563548,-6.87365],[107.563542,-6.873647],[107.563519,-6.873635],[107.563499,-6.873625],[107.563418,-6.873584],[107.563373,-6.873532],[107.563372,-6.873532],[107.563344,-6.873499],[107.56334,-6.873495],[107.56334,-6.873494],[107.563329,-6.873482],[107.563323,-6.873476],[107.563322,-6.873474],[107.563302,-6.873464],[107.563286,-6.873455],[107.563285,-6.873455],[107.56328,-6.873452],[107.563278,-6.873452],[107.563278,-6.873451],[107.563277,-6.873451],[107.563185,-6.873416],[107.562867,-6.873295],[107.562816,-6.87327],[107.562717,-6.873221],[107.562576,-6.873162],[107.562568,-6.873158],[107.562535,-6.873138],[107.562526,-6.873132],[107.562473,-6.873093],[107.562417,-6.873017],[107.562407,-6.872981],[107.562245,-6.872987],[107.562029,-6.872976],[107.561864,-6.87297],[107.56182,-6.872972],[107.561815,-6.872948],[107.561811,-6.872923],[107.561809,-6.872912],[107.561791,-6.872811],[107.56177,-6.872694],[107.561747,-6.872564],[107.561743,-6.872552],[107.561667,-6.872311],[107.561664,-6.872162],[107.561663,-6.872158],[107.561663,-6.872139],[107.561664,-6.872133],[107.561666,-6.872126],[107.561696,-6.871984],[107.5617,-6.871967],[107.56181,-6.871994],[107.561891,-6.872014],[107.562026,-6.872047],[107.562044,-6.872037],[107.56205,-6.872034],[107.562074,-6.87202],[107.562076,-6.872001],[107.56208,-6.871961],[107.562082,-6.871946],[107.5621,-6.87181],[107.562105,-6.871767],[107.562108,-6.87175],[107.562106,-6.871679],[107.562106,-6.871664],[107.562105,-6.871632],[107.562042,-6.8713],[107.562005,-6.871106],[107.561992,-6.871035],[107.561981,-6.870977],[107.562,-6.870915],[107.562018,-6.870856],[107.562065,-6.870841],[107.562271,-6.870775],[107.562319,-6.870688],[107.562332,-6.870605],[107.562335,-6.870583],[107.562337,-6.870564],[107.562362,-6.870466],[107.562371,-6.870439],[107.562414,-6.870308],[107.562466,-6.870191],[107.562578,-6.870041],[107.562696,-6.869879],[107.562717,-6.869849],[107.562775,-6.869764],[107.562836,-6.869675],[107.562861,-6.86964],[107.562934,-6.869537],[107.562984,-6.869467],[107.562999,-6.869447],[107.562999,-6.869358],[107.562961,-6.869328],[107.562926,-6.869244],[107.562908,-6.869201],[107.562872,-6.869127],[107.562855,-6.869091],[107.562842,-6.869035],[107.562824,-6.868952],[107.562815,-6.868911],[107.562855,-6.868802],[107.562858,-6.868793],[107.562859,-6.868792],[107.562863,-6.868787],[107.562879,-6.868771],[107.562891,-6.868758],[107.562913,-6.868734],[107.562938,-6.868707],[107.562963,-6.8687],[107.562971,-6.868698],[107.563022,-6.868685],[107.563101,-6.868647],[107.563107,-6.868638],[107.56311,-6.868633],[107.563147,-6.868572],[107.563169,-6.868537],[107.563175,-6.868516],[107.563198,-6.868432],[107.563228,-6.868323],[107.563254,-6.868221],[107.563271,-6.868153],[107.56328,-6.86812],[107.563282,-6.868111],[107.563294,-6.868064],[107.563351,-6.867977],[107.563379,-6.867935],[107.563387,-6.867931],[107.563452,-6.867904],[107.563465,-6.867898],[107.563485,-6.86789],[107.56363,-6.867888],[107.563713,-6.867875],[107.563722,-6.867874],[107.563766,-6.867867],[107.563848,-6.867815],[107.563866,-6.867804],[107.563908,-6.867777],[107.563923,-6.867762],[107.563947,-6.867737],[107.563984,-6.8677],[107.564008,-6.867675],[107.56401,-6.867672],[107.564058,-6.867623],[107.564107,-6.867516],[107.564115,-6.867497],[107.564135,-6.867431],[107.564136,-6.86743],[107.56416,-6.86735],[107.564196,-6.867339],[107.564263,-6.867318],[107.564318,-6.867286],[107.564327,-6.86728],[107.564438,-6.867215],[107.564439,-6.867214],[107.564468,-6.867169],[107.564484,-6.867145],[107.564508,-6.86711],[107.564524,-6.867085],[107.56456,-6.867032],[107.564603,-6.866999],[107.564607,-6.866996],[107.564629,-6.86698],[107.564657,-6.866959],[107.564674,-6.866946],[107.564687,-6.866936],[107.564689,-6.866935],[107.564694,-6.866931],[107.564702,-6.866925],[107.564703,-6.866924],[107.564705,-6.866923],[107.564705,-6.866922],[107.564706,-6.866922],[107.564886,-6.86679],[107.564891,-6.866786],[107.564985,-6.866702],[107.564995,-6.866692],[107.565043,-6.866649],[107.565186,-6.866506],[107.565228,-6.866463],[107.565244,-6.866444],[107.56545,-6.866201],[107.565524,-6.866114],[107.565543,-6.866092],[107.565571,-6.866059],[107.565646,-6.866004],[107.565745,-6.86593],[107.565746,-6.865929],[107.565797,-6.865831],[107.565808,-6.86581],[107.565816,-6.865794],[107.565818,-6.865771],[107.565818,-6.86577],[107.565819,-6.865753],[107.565824,-6.865672],[107.565812,-6.865578],[107.565801,-6.865491],[107.565797,-6.865451],[107.56579,-6.865398],[107.565773,-6.865258],[107.565773,-6.865256],[107.565797,-6.865173],[107.565806,-6.865141],[107.565797,-6.865136],[107.565741,-6.865105],[107.565555,-6.865],[107.565539,-6.86499],[107.565534,-6.864988],[107.565322,-6.864868],[107.565253,-6.864811],[107.565216,-6.864792],[107.565162,-6.86476],[107.565062,-6.864702],[107.564921,-6.864903],[107.564932,-6.864928],[107.564891,-6.86499],[107.564835,-6.865074],[107.564815,-6.865102],[107.564785,-6.865148],[107.564772,-6.865168],[107.564744,-6.865208],[107.564711,-6.865258],[107.564664,-6.865327],[107.564499,-6.865535],[107.564324,-6.865777],[107.564306,-6.865803],[107.564277,-6.865784],[107.564206,-6.865738],[107.564145,-6.86583],[107.564119,-6.865868],[107.564036,-6.865993],[107.564034,-6.865996],[107.564024,-6.865986],[107.563995,-6.86596],[107.563957,-6.865913],[107.563941,-6.865847],[107.563939,-6.865841],[107.563929,-6.865805],[107.563913,-6.865756],[107.563889,-6.865726],[107.563868,-6.865701],[107.563819,-6.865702],[107.563799,-6.865688],[107.563563,-6.86552],[107.563474,-6.865448],[107.563318,-6.865317],[107.563295,-6.865347],[107.563285,-6.86533],[107.563193,-6.865256],[107.563184,-6.865265],[107.563176,-6.865258],[107.563165,-6.86525],[107.563107,-6.865205],[107.563052,-6.865163],[107.562868,-6.865003],[107.562881,-6.864982],[107.562843,-6.864951],[107.562832,-6.864963],[107.56283,-6.864962],[107.562777,-6.864914],[107.562765,-6.864908],[107.562729,-6.864889],[107.562698,-6.864864],[107.562673,-6.864807],[107.562581,-6.864758],[107.562571,-6.864752],[107.562532,-6.864728],[107.562499,-6.864709],[107.562493,-6.864706],[107.562604,-6.864551],[107.56266,-6.864475],[107.562779,-6.864264],[107.562881,-6.864102],[107.562917,-6.864048],[107.563005,-6.863912],[107.563299,-6.863462],[107.56347,-6.863201],[107.563598,-6.863005],[107.563574,-6.86299],[107.563245,-6.862783],[107.56301,-6.862636],[107.562775,-6.86249],[107.562546,-6.862341],[107.562323,-6.862175],[107.561987,-6.861905],[107.561974,-6.861894],[107.561859,-6.861819],[107.561801,-6.861757],[107.561779,-6.86171],[107.561754,-6.861658],[107.56172,-6.861621],[107.561668,-6.861608],[107.561554,-6.861621],[107.561479,-6.86165],[107.561443,-6.861651],[107.561391,-6.861652],[107.561298,-6.861641],[107.561263,-6.861637],[107.561171,-6.861661],[107.561048,-6.861701],[107.561044,-6.861703],[107.561022,-6.861748],[107.560931,-6.86189],[107.560918,-6.861911],[107.560849,-6.862024],[107.560812,-6.862107],[107.560811,-6.8623],[107.560813,-6.862312],[107.560827,-6.862413],[107.560866,-6.862514],[107.560908,-6.862582],[107.56096,-6.862632],[107.561113,-6.862678],[107.561284,-6.862727],[107.561416,-6.8628],[107.56148,-6.862852],[107.561532,-6.862915],[107.56154,-6.862953],[107.561546,-6.862984],[107.561555,-6.863025],[107.561561,-6.8631],[107.561543,-6.863148],[107.561512,-6.863176],[107.561496,-6.863194],[107.561419,-6.863278],[107.561412,-6.863288],[107.561279,-6.863468],[107.561277,-6.863472],[107.561273,-6.863478],[107.561259,-6.86349],[107.561183,-6.863525],[107.56112,-6.863554],[107.561095,-6.863565],[107.561055,-6.863611],[107.561053,-6.863614],[107.561019,-6.863658],[107.561006,-6.863704],[107.561005,-6.863705],[107.560993,-6.86374],[107.560995,-6.863772],[107.561016,-6.863809],[107.561017,-6.86381],[107.561037,-6.863842],[107.561041,-6.863856],[107.561051,-6.863919],[107.561053,-6.863929],[107.561054,-6.863936],[107.561049,-6.863981],[107.561034,-6.864017],[107.561025,-6.864038],[107.561018,-6.864054],[107.561018,-6.864055],[107.561007,-6.864079],[107.560983,-6.864127],[107.560971,-6.864195],[107.560953,-6.864258],[107.560931,-6.864307],[107.560886,-6.864336],[107.56084,-6.864363],[107.5607,-6.864419],[107.560688,-6.864424],[107.560566,-6.864442],[107.560474,-6.864435],[107.560442,-6.864433],[107.560437,-6.864431],[107.56042,-6.864427],[107.560368,-6.864412],[107.5603,-6.864389],[107.560295,-6.864387],[107.560261,-6.864375],[107.560256,-6.864373],[107.560245,-6.86437],[107.560199,-6.864357],[107.560159,-6.864346],[107.56013,-6.864336],[107.560123,-6.864333],[107.56012,-6.864332],[107.560119,-6.864332],[107.560112,-6.86433],[107.560078,-6.864319],[107.560069,-6.864316],[107.560069,-6.864315],[107.560052,-6.86431],[107.560049,-6.864309],[107.560042,-6.864306],[107.559971,-6.864276],[107.559885,-6.864255],[107.559816,-6.864247],[107.559802,-6.864245],[107.559754,-6.864239],[107.559719,-6.864244],[107.559632,-6.864258],[107.559529,-6.864263],[107.559523,-6.864269],[107.559519,-6.864268],[107.559475,-6.864288],[107.559429,-6.864308],[107.559319,-6.864408],[107.559265,-6.864517],[107.559199,-6.864648],[107.559171,-6.864743],[107.559147,-6.864821],[107.559146,-6.864825],[107.559139,-6.864848],[107.559146,-6.864994],[107.559149,-6.865068],[107.559069,-6.865268],[107.559042,-6.86529],[107.558974,-6.865344],[107.558969,-6.865348],[107.558931,-6.865367],[107.558679,-6.865488],[107.558671,-6.865489],[107.558617,-6.865495],[107.558589,-6.865498],[107.55855,-6.865541],[107.558459,-6.865638],[107.558431,-6.865723],[107.558414,-6.865775],[107.558409,-6.865788],[107.558379,-6.865978],[107.558386,-6.865999],[107.558432,-6.866146],[107.558439,-6.866166],[107.558449,-6.866198],[107.558432,-6.86628],[107.558419,-6.866338],[107.558367,-6.866471],[107.558345,-6.866529],[107.558336,-6.866565],[107.558284,-6.86661],[107.558179,-6.86664],[107.558057,-6.86664],[107.557963,-6.866595],[107.557898,-6.866514],[107.557883,-6.866498],[107.557826,-6.866433],[107.557818,-6.866424],[107.557796,-6.866421],[107.557696,-6.866435],[107.557647,-6.8665],[107.557627,-6.866512],[107.557601,-6.866528],[107.557547,-6.866653],[107.557514,-6.866718],[107.557506,-6.866734],[107.557506,-6.866735],[107.557505,-6.866735],[107.557494,-6.866757],[107.557493,-6.86676],[107.557481,-6.866849],[107.557483,-6.86688],[107.557489,-6.866964],[107.557482,-6.86709],[107.557507,-6.867169],[107.557514,-6.867193],[107.557541,-6.867308],[107.557543,-6.867317],[107.557562,-6.867407],[107.557568,-6.867432],[107.557587,-6.867504],[107.557619,-6.867582],[107.557669,-6.867626],[107.557715,-6.867621],[107.55778,-6.867635],[107.557785,-6.867638],[107.557792,-6.867645],[107.557829,-6.867688],[107.55782,-6.867759],[107.557809,-6.867848],[107.557809,-6.867849],[107.557798,-6.867868],[107.557792,-6.86788],[107.55777,-6.867921],[107.557755,-6.867947],[107.557755,-6.867951],[107.557751,-6.867954],[107.557749,-6.867958],[107.557741,-6.867964],[107.557636,-6.868069],[107.557591,-6.868109],[107.557439,-6.868247],[107.557407,-6.868275],[107.557272,-6.868384],[107.557171,-6.868427],[107.557127,-6.86841],[107.55709,-6.868394],[107.557068,-6.868337],[107.557049,-6.868311],[107.557008,-6.868294],[107.556931,-6.868283],[107.556855,-6.86824],[107.556778,-6.868176],[107.556691,-6.868105],[107.556683,-6.8681],[107.556669,-6.86809],[107.556635,-6.868067],[107.556581,-6.86803],[107.556561,-6.868017],[107.556463,-6.867941],[107.556391,-6.86787],[107.556319,-6.867848],[107.556273,-6.867834],[107.556236,-6.867829],[107.556223,-6.867839],[107.556196,-6.867862],[107.556185,-6.867864],[107.556155,-6.867887],[107.556117,-6.867916],[107.556106,-6.867924],[107.556094,-6.867939],[107.556049,-6.867996],[107.556039,-6.868029],[107.556028,-6.868064],[107.556026,-6.86807],[107.556017,-6.868156],[107.556039,-6.868304],[107.55604,-6.868457],[107.556098,-6.868631],[107.556113,-6.868674],[107.556139,-6.868739],[107.556166,-6.868803],[107.55619,-6.868877],[107.556191,-6.868903],[107.556193,-6.868944],[107.556194,-6.868976],[107.556183,-6.869001],[107.556182,-6.869002],[107.556079,-6.869118],[107.555926,-6.869162],[107.555925,-6.869162],[107.555924,-6.869163],[107.555923,-6.869163],[107.555922,-6.869164],[107.555919,-6.869165],[107.555918,-6.869165],[107.555907,-6.869169],[107.555883,-6.869177],[107.555832,-6.869195],[107.555756,-6.869222],[107.555708,-6.869239],[107.555698,-6.869242],[107.555647,-6.86926],[107.555607,-6.869276],[107.555498,-6.869316],[107.555479,-6.869324],[107.555462,-6.86934],[107.555431,-6.86937],[107.555337,-6.869433],[107.555217,-6.869513],[107.555168,-6.869546],[107.555114,-6.869582],[107.554969,-6.869679],[107.554946,-6.869694],[107.554936,-6.869701],[107.554935,-6.869702],[107.554871,-6.869744],[107.55478,-6.869825],[107.554713,-6.869885],[107.554701,-6.869895],[107.554686,-6.869909],[107.554651,-6.869947],[107.554627,-6.869972],[107.554602,-6.87],[107.554504,-6.870105],[107.554497,-6.870109],[107.554461,-6.87013],[107.554444,-6.87014],[107.554431,-6.870148],[107.55441,-6.87016],[107.554408,-6.870162],[107.554406,-6.870163],[107.554406,-6.870164],[107.554404,-6.870165],[107.554404,-6.870166],[107.554401,-6.870168],[107.554399,-6.87017],[107.55439,-6.870178],[107.554389,-6.870179],[107.554388,-6.870179],[107.554386,-6.870181],[107.554382,-6.870184],[107.554376,-6.87019],[107.55437,-6.870195],[107.554367,-6.870197],[107.554366,-6.870198],[107.554359,-6.870204],[107.554358,-6.870205],[107.554351,-6.870211],[107.554348,-6.870214],[107.554347,-6.870214],[107.554347,-6.870215],[107.554346,-6.870215],[107.554346,-6.870216],[107.554344,-6.870217],[107.554341,-6.870226],[107.554338,-6.870233],[107.554337,-6.870236],[107.554312,-6.870307],[107.554304,-6.870345],[107.554295,-6.870393],[107.554281,-6.870404],[107.554255,-6.870423],[107.554238,-6.870436],[107.554191,-6.870449],[107.554174,-6.870454],[107.554087,-6.870479],[107.554023,-6.870531],[107.553949,-6.87054],[107.553946,-6.87054],[107.553941,-6.870541],[107.553937,-6.870541],[107.553929,-6.87054],[107.553903,-6.870536],[107.553821,-6.870522],[107.553801,-6.870519],[107.553646,-6.870493],[107.553632,-6.870491],[107.55361,-6.870492],[107.553552,-6.870493],[107.553471,-6.870494],[107.553416,-6.870489],[107.553414,-6.870489],[107.553329,-6.87048],[107.55326,-6.870493],[107.553252,-6.870499],[107.55323,-6.870513],[107.553227,-6.870515],[107.553224,-6.870518],[107.553223,-6.87052],[107.55322,-6.870524],[107.553196,-6.87056],[107.553179,-6.87062],[107.553155,-6.870689],[107.553096,-6.870853],[107.553106,-6.870892],[107.553139,-6.870974],[107.553149,-6.871026],[107.553149,-6.871095],[107.55315,-6.871164],[107.553131,-6.871259],[107.553062,-6.871375],[107.553019,-6.87142],[107.552971,-6.87147],[107.552906,-6.87151],[107.552845,-6.871513],[107.552798,-6.871511],[107.552794,-6.871511],[107.552793,-6.87151],[107.552787,-6.871508],[107.552782,-6.871506],[107.55278,-6.871505],[107.552779,-6.871504],[107.552777,-6.871504],[107.552763,-6.871498],[107.552759,-6.871496],[107.55274,-6.871488],[107.55273,-6.871484],[107.552628,-6.871433],[107.552616,-6.871426],[107.552604,-6.87142],[107.552574,-6.871406],[107.552551,-6.871394],[107.552504,-6.871371],[107.552495,-6.871366],[107.552467,-6.871347],[107.552441,-6.87133],[107.552407,-6.871306],[107.552388,-6.871293],[107.55237,-6.871281],[107.552348,-6.871266],[107.552333,-6.871255],[107.552312,-6.871247],[107.552277,-6.871232],[107.552251,-6.871221],[107.55215,-6.871222],[107.552105,-6.871239],[107.552078,-6.871263],[107.552049,-6.871288],[107.552022,-6.871312],[107.552003,-6.871328],[107.552001,-6.871329],[107.551984,-6.871396],[107.551987,-6.871444],[107.551992,-6.871517],[107.551994,-6.871553],[107.551995,-6.87156],[107.551996,-6.871572],[107.551997,-6.871582],[107.551998,-6.871591],[107.551998,-6.871594],[107.552001,-6.871633],[107.552004,-6.871666],[107.552008,-6.871713],[107.551999,-6.871756],[107.551994,-6.87178],[107.551972,-6.871833],[107.551972,-6.871834],[107.551958,-6.871842],[107.55193,-6.871857],[107.551913,-6.871863],[107.551876,-6.871877],[107.551864,-6.871888],[107.551841,-6.871912],[107.551829,-6.871923],[107.551828,-6.871924],[107.551823,-6.871937],[107.551821,-6.871942],[107.55182,-6.871944],[107.551819,-6.871945],[107.551819,-6.871947],[107.551818,-6.871947],[107.551818,-6.871948],[107.551801,-6.871988],[107.551785,-6.872024],[107.551753,-6.8721],[107.551753,-6.872101],[107.551752,-6.872102],[107.551752,-6.872103],[107.551751,-6.872104],[107.551751,-6.872105],[107.55175,-6.872106],[107.55175,-6.872108],[107.551749,-6.872108],[107.551749,-6.87211],[107.551745,-6.87212],[107.55174,-6.87213],[107.551738,-6.872136],[107.551722,-6.872172],[107.551719,-6.872179],[107.551715,-6.87219],[107.551712,-6.872196],[107.551707,-6.872207],[107.551704,-6.872215],[107.551701,-6.872222],[107.551697,-6.872231],[107.551697,-6.872232],[107.551695,-6.872235],[107.551694,-6.872238],[107.551693,-6.87224],[107.551693,-6.872241],[107.551692,-6.872242],[107.551692,-6.872244],[107.551691,-6.872245],[107.551691,-6.872246],[107.55169,-6.872249],[107.551689,-6.87225],[107.551689,-6.872251],[107.551688,-6.872252],[107.551687,-6.872256],[107.551686,-6.872257],[107.551684,-6.872264],[107.551683,-6.872266],[107.551679,-6.872276],[107.551678,-6.872276],[107.551667,-6.872303],[107.551667,-6.872304],[107.551666,-6.872307],[107.551664,-6.872311],[107.551664,-6.872312],[107.551661,-6.872319],[107.551661,-6.87232],[107.551658,-6.872327],[107.551657,-6.872328],[107.551654,-6.872334],[107.551651,-6.872338],[107.551651,-6.87234],[107.551648,-6.872344],[107.551646,-6.872348],[107.551642,-6.872354],[107.551641,-6.872356],[107.551637,-6.872362],[107.551634,-6.872368],[107.551631,-6.872373],[107.551625,-6.872382],[107.551625,-6.872383],[107.551621,-6.87239],[107.551615,-6.8724],[107.551611,-6.872406],[107.551608,-6.872411],[107.551606,-6.872415],[107.551601,-6.872423],[107.5516,-6.872425],[107.551594,-6.872435],[107.551592,-6.872438],[107.551588,-6.872445],[107.551588,-6.872446],[107.551586,-6.872448],[107.551584,-6.872454],[107.551581,-6.87246],[107.551578,-6.872465],[107.551577,-6.872469],[107.551574,-6.872475],[107.551572,-6.87248],[107.551569,-6.872485],[107.551569,-6.872486],[107.551568,-6.872488],[107.551567,-6.872489],[107.551567,-6.87249],[107.551566,-6.872491],[107.551566,-6.872492],[107.551565,-6.872493],[107.551565,-6.872495],[107.551564,-6.872495],[107.551564,-6.872497],[107.551563,-6.872497],[107.551548,-6.87253],[107.551527,-6.872565],[107.551527,-6.872566],[107.551526,-6.872567],[107.551526,-6.872568],[107.551525,-6.872568],[107.551525,-6.872569],[107.551524,-6.87257],[107.551524,-6.872571],[107.551523,-6.872572],[107.551523,-6.872573],[107.551522,-6.872573],[107.551521,-6.872576],[107.551519,-6.872578],[107.551518,-6.87258],[107.551518,-6.872581],[107.551517,-6.872582],[107.551514,-6.872588],[107.551511,-6.872593],[107.551507,-6.872599],[107.551504,-6.872604],[107.551502,-6.872608],[107.5515,-6.872611],[107.551497,-6.872616],[107.551493,-6.872624],[107.55149,-6.872628],[107.55149,-6.872629],[107.551489,-6.872629],[107.551489,-6.87263],[107.551479,-6.87264],[107.551478,-6.87264],[107.551477,-6.872642],[107.551473,-6.872646],[107.551471,-6.872647],[107.551471,-6.872648],[107.55147,-6.872648],[107.55147,-6.872649],[107.551469,-6.87265],[107.551468,-6.87265],[107.551468,-6.872651],[107.551445,-6.872673],[107.551434,-6.872684],[107.551421,-6.872696],[107.551398,-6.872719],[107.551393,-6.872723],[107.55138,-6.872736],[107.551378,-6.872737],[107.551371,-6.872743],[107.551369,-6.872745],[107.551364,-6.872749],[107.55136,-6.872752],[107.551359,-6.872752],[107.551357,-6.872754],[107.551355,-6.872755],[107.551353,-6.872758],[107.551349,-6.87276],[107.551344,-6.872765],[107.551343,-6.872765],[107.551342,-6.872766],[107.551339,-6.872768],[107.551338,-6.872769],[107.551329,-6.872776],[107.551324,-6.87278],[107.551316,-6.872787],[107.551315,-6.872787],[107.551311,-6.872791],[107.551307,-6.872793],[107.551306,-6.872794],[107.5513,-6.872799],[107.551295,-6.872803],[107.551283,-6.872807],[107.551282,-6.872807],[107.55128,-6.872808],[107.551278,-6.872808],[107.551277,-6.872809],[107.551274,-6.872809],[107.551243,-6.87282],[107.55124,-6.872821],[107.551238,-6.872821],[107.55123,-6.872824],[107.551225,-6.872825],[107.551224,-6.872826],[107.551214,-6.872828],[107.551213,-6.872828],[107.551209,-6.872829],[107.551206,-6.87283],[107.551204,-6.87283],[107.551203,-6.872831],[107.551202,-6.872831],[107.551165,-6.872839],[107.551159,-6.872838],[107.55112,-6.872829],[107.551108,-6.872826],[107.551069,-6.872817],[107.551036,-6.87281],[107.551009,-6.872804],[107.550968,-6.872796],[107.550955,-6.872793],[107.550911,-6.872785],[107.550897,-6.872783],[107.550883,-6.87278],[107.550863,-6.872773],[107.550845,-6.872767],[107.550823,-6.872758],[107.550796,-6.872749],[107.55077,-6.872739],[107.550748,-6.872725],[107.550708,-6.8727],[107.550676,-6.872679],[107.550647,-6.872661],[107.55063,-6.87265],[107.550611,-6.872634],[107.550599,-6.872625],[107.550561,-6.872594],[107.550521,-6.872568],[107.550485,-6.872546],[107.550458,-6.872529],[107.55044,-6.872517],[107.550415,-6.872502],[107.550389,-6.872487],[107.55036,-6.872469],[107.550339,-6.872457],[107.550325,-6.872448],[107.550316,-6.872442],[107.550307,-6.872435],[107.550282,-6.872418],[107.550255,-6.872398],[107.550249,-6.872394],[107.550218,-6.872373],[107.550207,-6.872365],[107.550191,-6.872354],[107.550165,-6.872335],[107.550135,-6.872323],[107.550106,-6.872311],[107.550085,-6.872303],[107.550044,-6.872306],[107.550029,-6.872311],[107.550015,-6.872317],[107.550008,-6.872319],[107.550005,-6.872321],[107.549981,-6.87233],[107.549978,-6.872331],[107.549976,-6.872332],[107.549975,-6.872332],[107.549954,-6.872341],[107.54993,-6.87236],[107.549923,-6.872365],[107.549921,-6.872367],[107.549905,-6.87238],[107.549899,-6.872384],[107.549886,-6.872394],[107.549876,-6.872404],[107.549836,-6.872442],[107.549819,-6.872458],[107.549814,-6.872469],[107.549804,-6.872492],[107.549809,-6.872522],[107.549814,-6.872551],[107.549824,-6.87257],[107.549834,-6.872588],[107.549852,-6.872623],[107.549875,-6.872667],[107.549884,-6.872682],[107.549899,-6.872744],[107.5499,-6.872745],[107.549887,-6.87281],[107.549857,-6.872868],[107.549841,-6.872897],[107.549808,-6.87296],[107.549773,-6.873016],[107.549717,-6.873107],[107.549697,-6.873132],[107.549674,-6.873162],[107.549661,-6.873178],[107.549646,-6.873198],[107.549625,-6.873225],[107.549613,-6.873236],[107.549584,-6.873262],[107.549582,-6.873263],[107.549561,-6.873282],[107.549545,-6.873301],[107.54954,-6.873307],[107.549512,-6.873341],[107.549506,-6.873347],[107.549457,-6.873406],[107.549438,-6.873428],[107.549394,-6.873477],[107.549356,-6.873519],[107.549344,-6.873532],[107.549287,-6.873579],[107.549277,-6.873587],[107.54926,-6.873601],[107.549254,-6.873605],[107.549221,-6.873621],[107.549187,-6.873637],[107.54918,-6.873643],[107.549162,-6.873657],[107.54915,-6.873667],[107.54914,-6.873675],[107.549101,-6.87372],[107.549101,-6.873721],[107.5491,-6.873721],[107.5491,-6.873723],[107.549099,-6.873724],[107.549099,-6.873725],[107.549098,-6.873726],[107.549095,-6.873732],[107.549095,-6.873734],[107.549093,-6.873737],[107.549091,-6.873741],[107.54909,-6.873744],[107.549088,-6.873748],[107.549086,-6.873753],[107.549085,-6.873754],[107.549081,-6.873764],[107.549078,-6.87377],[107.549076,-6.873776],[107.549074,-6.87378],[107.549071,-6.873785],[107.549071,-6.873786],[107.54907,-6.873787],[107.549069,-6.873789],[107.549069,-6.873791],[107.549068,-6.873793],[107.549067,-6.873794],[107.549067,-6.873795],[107.549066,-6.873796],[107.549066,-6.873798],[107.549065,-6.873799],[107.549064,-6.873801],[107.549063,-6.873802],[107.549063,-6.873804],[107.549062,-6.873806],[107.549061,-6.873807],[107.549061,-6.873809],[107.54906,-6.873809],[107.54906,-6.873811],[107.549059,-6.873812],[107.549059,-6.873813],[107.549058,-6.873814],[107.549058,-6.873815],[107.549057,-6.873816],[107.549057,-6.873817],[107.549051,-6.873829],[107.549051,-6.87383],[107.549048,-6.873836],[107.549047,-6.873837],[107.549046,-6.873839],[107.549046,-6.87384],[107.549044,-6.873843],[107.549044,-6.873844],[107.549039,-6.873854],[107.549037,-6.873859],[107.549031,-6.873871],[107.549029,-6.873874],[107.549029,-6.873876],[107.549026,-6.87388],[107.549026,-6.873882],[107.549025,-6.873883],[107.549025,-6.873884],[107.549024,-6.873884],[107.549024,-6.873886],[107.549023,-6.873886],[107.549023,-6.873887],[107.549001,-6.873931],[107.548992,-6.87395],[107.548979,-6.873978],[107.548966,-6.874003],[107.548932,-6.874039],[107.548906,-6.874066],[107.548896,-6.874076],[107.548827,-6.874116],[107.548796,-6.874134],[107.548796,-6.874135],[107.548719,-6.874188],[107.548699,-6.874231],[107.548707,-6.874276],[107.548709,-6.874291],[107.548719,-6.874407],[107.548707,-6.874461],[107.548677,-6.874492],[107.548623,-6.87449],[107.54858,-6.8745],[107.548561,-6.874504],[107.548523,-6.874526],[107.548488,-6.874574],[107.548459,-6.874719],[107.548446,-6.874755],[107.548411,-6.874851],[107.548381,-6.874888],[107.548358,-6.874916],[107.548327,-6.874927],[107.548285,-6.874916],[107.548247,-6.874879],[107.548182,-6.874805],[107.548109,-6.874719],[107.547985,-6.874619],[107.547934,-6.874594],[107.54791,-6.874582],[107.547907,-6.874581],[107.547863,-6.874573],[107.547845,-6.87457],[107.547749,-6.874569],[107.54766,-6.874585],[107.547594,-6.874601],[107.547566,-6.874623],[107.54755,-6.874649],[107.547543,-6.874662],[107.547476,-6.874743],[107.547374,-6.874811],[107.547336,-6.874848],[107.547289,-6.87496],[107.547278,-6.874992],[107.547231,-6.875136],[107.547203,-6.875271],[107.547211,-6.875325],[107.547269,-6.875374],[107.547363,-6.875421],[107.547418,-6.875459],[107.547438,-6.875473],[107.547465,-6.875509],[107.547467,-6.875574],[107.547434,-6.875782],[107.547406,-6.875913],[107.547353,-6.875984],[107.547271,-6.876063],[107.547227,-6.876143],[107.54714,-6.876344],[107.54708,-6.876477],[107.547076,-6.876496],[107.547073,-6.876514],[107.547068,-6.876536],[107.547057,-6.876592]]]}},{"type":"Feature","properties":{"wilayah_id":12,"kelurahan":"Pasirkaliki","kecamatan":"Cimahi Utara","jumlah_rw":14},"geometry":{"type":"Polygon","coordinates":[[[107.558413,-6.888508],[107.558922,-6.888427],[107.559041,-6.888351],[107.55914,-6.888401],[107.559632,-6.888351],[107.560103,-6.888303],[107.560607,-6.888251],[107.561178,-6.888227],[107.561601,-6.88819],[107.56163,-6.888118],[107.561749,-6.888142],[107.561815,-6.888168],[107.561983,-6.888198],[107.5621,-6.888245],[107.562239,-6.888294],[107.562282,-6.88836],[107.562706,-6.888424],[107.562792,-6.888403],[107.562839,-6.88837],[107.56292,-6.88826],[107.563072,-6.88827],[107.563162,-6.888281],[107.563601,-6.888337],[107.564462,-6.888503],[107.564771,-6.88857],[107.564885,-6.888589],[107.564941,-6.888657],[107.565007,-6.888699],[107.565071,-6.888746],[107.565161,-6.888802],[107.565212,-6.888835],[107.565791,-6.888934],[107.566005,-6.888971],[107.566501,-6.889065],[107.566623,-6.889086],[107.567156,-6.889185],[107.568132,-6.889365],[107.568871,-6.889455],[107.569427,-6.889557],[107.569908,-6.88962],[107.570136,-6.889663],[107.570299,-6.889695],[107.570727,-6.889778],[107.57131,-6.889909],[107.571488,-6.889955],[107.571858,-6.890052],[107.572096,-6.890111],[107.572357,-6.890178],[107.572562,-6.890259],[107.573114,-6.890478],[107.573399,-6.890575],[107.573949,-6.890735],[107.574604,-6.890876],[107.57524,-6.890895],[107.575618,-6.890907],[107.576138,-6.891012],[107.576186,-6.891021],[107.576167,-6.890913],[107.57616,-6.890881],[107.576136,-6.890741],[107.57613,-6.890721],[107.576076,-6.890544],[107.576046,-6.890464],[107.575946,-6.890294],[107.575665,-6.890005],[107.575662,-6.890002],[107.575501,-6.889878],[107.575297,-6.889731],[107.57513,-6.889455],[107.57506,-6.889243],[107.574948,-6.888976],[107.574768,-6.888615],[107.574665,-6.888405],[107.574651,-6.888376],[107.574577,-6.888352],[107.574565,-6.888348],[107.574405,-6.888294],[107.574302,-6.888193],[107.574086,-6.887917],[107.573923,-6.887739],[107.573881,-6.887692],[107.57381,-6.887583],[107.573811,-6.887564],[107.573661,-6.887194],[107.573635,-6.88713],[107.573562,-6.886941],[107.573488,-6.88684],[107.573418,-6.886797],[107.573291,-6.886801],[107.573163,-6.886753],[107.573012,-6.886709],[107.57301,-6.886707],[107.572823,-6.886563],[107.572654,-6.886428],[107.572603,-6.886405],[107.572569,-6.88639],[107.572464,-6.886382],[107.572401,-6.886378],[107.57231,-6.886333],[107.572252,-6.886263],[107.572258,-6.886019],[107.572277,-6.885908],[107.572307,-6.885738],[107.572332,-6.885457],[107.572318,-6.885262],[107.572256,-6.885145],[107.571938,-6.885041],[107.571822,-6.884991],[107.57182,-6.884989],[107.57177,-6.884931],[107.571738,-6.884668],[107.571724,-6.884583],[107.571634,-6.884434],[107.57159,-6.884289],[107.571579,-6.884198],[107.571586,-6.884102],[107.571634,-6.884003],[107.57172,-6.883876],[107.571743,-6.883831],[107.571791,-6.883739],[107.57188,-6.883357],[107.571888,-6.883275],[107.571893,-6.883207],[107.57187,-6.883154],[107.571828,-6.88306],[107.571744,-6.88287],[107.57173,-6.882842],[107.571619,-6.88261],[107.571606,-6.882481],[107.571594,-6.882356],[107.571584,-6.88225],[107.571573,-6.882138],[107.570793,-6.882414],[107.570665,-6.882393],[107.570524,-6.882755],[107.570516,-6.882776],[107.570471,-6.882676],[107.570437,-6.8826],[107.57037,-6.882489],[107.570165,-6.882182],[107.570086,-6.882062],[107.570022,-6.881966],[107.569905,-6.881772],[107.569896,-6.881762],[107.569765,-6.881617],[107.569761,-6.881522],[107.569895,-6.881226],[107.56999,-6.880978],[107.570156,-6.880547],[107.570184,-6.880433],[107.570184,-6.880409],[107.569998,-6.880254],[107.569978,-6.880217],[107.569807,-6.879897],[107.569686,-6.879754],[107.569523,-6.879644],[107.569517,-6.879643],[107.569474,-6.879637],[107.569487,-6.879629],[107.569604,-6.879501],[107.56966,-6.879424],[107.569636,-6.879398],[107.569554,-6.879309],[107.569525,-6.879256],[107.569478,-6.879149],[107.56958,-6.879109],[107.569682,-6.879068],[107.569844,-6.879011],[107.56992,-6.878973],[107.569975,-6.878942],[107.570034,-6.8789],[107.57012,-6.878821],[107.570184,-6.878759],[107.57027,-6.878671],[107.57033,-6.8786],[107.570387,-6.878516],[107.570403,-6.878466],[107.570418,-6.878388],[107.570479,-6.877815],[107.57018,-6.877786],[107.570213,-6.877505],[107.569994,-6.877484],[107.569899,-6.877474],[107.569561,-6.877441],[107.569501,-6.877446],[107.569328,-6.877429],[107.569337,-6.877346],[107.569118,-6.877265],[107.569075,-6.87724],[107.568959,-6.877172],[107.568295,-6.87706],[107.567824,-6.876927],[107.56771,-6.876906],[107.567615,-6.876877],[107.567424,-6.876832],[107.567357,-6.876821],[107.567336,-6.876818],[107.567337,-6.876771],[107.567339,-6.876699],[107.567229,-6.876646],[107.567153,-6.876556],[107.567098,-6.876501],[107.567005,-6.876473],[107.566894,-6.876413],[107.566848,-6.876394],[107.56684,-6.876391],[107.566777,-6.876365],[107.566725,-6.876354],[107.566689,-6.876351],[107.566606,-6.876344],[107.566487,-6.876304],[107.56602,-6.876104],[107.565922,-6.876068],[107.565618,-6.875959],[107.565558,-6.875951],[107.56555,-6.875976],[107.565546,-6.875992],[107.565527,-6.876058],[107.565526,-6.876061],[107.565446,-6.876372],[107.565446,-6.876374],[107.565473,-6.876389],[107.565425,-6.876516],[107.565385,-6.876612],[107.565435,-6.876628],[107.565513,-6.876647],[107.565549,-6.876657],[107.565576,-6.876648],[107.56575,-6.876684],[107.565785,-6.876691],[107.565773,-6.876738],[107.565712,-6.876991],[107.565692,-6.876987],[107.565657,-6.877019],[107.565394,-6.87696],[107.565368,-6.876954],[107.565364,-6.876975],[107.565357,-6.877012],[107.565301,-6.877293],[107.564914,-6.877177],[107.564875,-6.877165],[107.564855,-6.877159],[107.564654,-6.877098],[107.564628,-6.87709],[107.564591,-6.877211],[107.564465,-6.877617],[107.564442,-6.877691],[107.56448,-6.877698],[107.564483,-6.877698],[107.564485,-6.877699],[107.564491,-6.877701],[107.564495,-6.877702],[107.564497,-6.877703],[107.564515,-6.877709],[107.56455,-6.87772],[107.564555,-6.877722],[107.564597,-6.877735],[107.564597,-6.877737],[107.56459,-6.877757],[107.564581,-6.877782],[107.56453,-6.87794],[107.564517,-6.877978],[107.564488,-6.878068],[107.564483,-6.878084],[107.564455,-6.87817],[107.564458,-6.878191],[107.564483,-6.878364],[107.564499,-6.878471],[107.564504,-6.878503],[107.564513,-6.878566],[107.564536,-6.87873],[107.564558,-6.878792],[107.564553,-6.87881],[107.564544,-6.878841],[107.564519,-6.878934],[107.56451,-6.878964],[107.564445,-6.87906],[107.564445,-6.879061],[107.564444,-6.879061],[107.564444,-6.879062],[107.56444,-6.879066],[107.564434,-6.879073],[107.564433,-6.879075],[107.564426,-6.879082],[107.564422,-6.879087],[107.564419,-6.87909],[107.564418,-6.879092],[107.564412,-6.879098],[107.564405,-6.879107],[107.564398,-6.879115],[107.564395,-6.879119],[107.564372,-6.879146],[107.564369,-6.879149],[107.564349,-6.879173],[107.564334,-6.87919],[107.564299,-6.87923],[107.564283,-6.87925],[107.564281,-6.879252],[107.56427,-6.879264],[107.56427,-6.879265],[107.564256,-6.879281],[107.56425,-6.879288],[107.564203,-6.879333],[107.564171,-6.87939],[107.564124,-6.879471],[107.564099,-6.879503],[107.564084,-6.879522],[107.564044,-6.879574],[107.56403,-6.879592],[107.563892,-6.879823],[107.563798,-6.879982],[107.563723,-6.88011],[107.563722,-6.880112],[107.563698,-6.880151],[107.563673,-6.880191],[107.56367,-6.880196],[107.563442,-6.880469],[107.563378,-6.880542],[107.56335,-6.880574],[107.563139,-6.880833],[107.562964,-6.881029],[107.562787,-6.881227],[107.562686,-6.881341],[107.562631,-6.881403],[107.562434,-6.881582],[107.562426,-6.88159],[107.5624,-6.881618],[107.561715,-6.881437],[107.561707,-6.881435],[107.561706,-6.881451],[107.561704,-6.88148],[107.561692,-6.881636],[107.561689,-6.881668],[107.561649,-6.881828],[107.561646,-6.881835],[107.561569,-6.881998],[107.561519,-6.882298],[107.561516,-6.8823],[107.561419,-6.882348],[107.561316,-6.88238],[107.561011,-6.882475],[107.560984,-6.882484],[107.560969,-6.882488],[107.560889,-6.882578],[107.560802,-6.882788],[107.560789,-6.882818],[107.560739,-6.882978],[107.560696,-6.883072],[107.560612,-6.883255],[107.560597,-6.883289],[107.560594,-6.883295],[107.560569,-6.883348],[107.560549,-6.883428],[107.560542,-6.88345],[107.560529,-6.883488],[107.560559,-6.883668],[107.560649,-6.883828],[107.560709,-6.883978],[107.560698,-6.884036],[107.560673,-6.884163],[107.560656,-6.884281],[107.56059,-6.884355],[107.560569,-6.88438],[107.560563,-6.884399],[107.560552,-6.884418],[107.560536,-6.884437],[107.560521,-6.884455],[107.560503,-6.884501],[107.560487,-6.884539],[107.560472,-6.884537],[107.560459,-6.884534],[107.560457,-6.884534],[107.560441,-6.884528],[107.560429,-6.884553],[107.560412,-6.884584],[107.560399,-6.884613],[107.560385,-6.88465],[107.560382,-6.884686],[107.560382,-6.884707],[107.560381,-6.884721],[107.560386,-6.884745],[107.560395,-6.884772],[107.560393,-6.884796],[107.560385,-6.884811],[107.560376,-6.884831],[107.560366,-6.884834],[107.560345,-6.884844],[107.560331,-6.884865],[107.560298,-6.884901],[107.560259,-6.884936],[107.560244,-6.884948],[107.560215,-6.884952],[107.560201,-6.884953],[107.560193,-6.884965],[107.56018,-6.884979],[107.560156,-6.884995],[107.560135,-6.885016],[107.560115,-6.885021],[107.560096,-6.885023],[107.560095,-6.885023],[107.560071,-6.885029],[107.560057,-6.885037],[107.560052,-6.885045],[107.560057,-6.885061],[107.56006,-6.885083],[107.560066,-6.885113],[107.560069,-6.885122],[107.560074,-6.885138],[107.560077,-6.88516],[107.560077,-6.885165],[107.56008,-6.885179],[107.560088,-6.885206],[107.560099,-6.885231],[107.560104,-6.885241],[107.560107,-6.885315],[107.560107,-6.885316],[107.560121,-6.885343],[107.560124,-6.885349],[107.560137,-6.88537],[107.560146,-6.885396],[107.560142,-6.885419],[107.560119,-6.885452],[107.560112,-6.885459],[107.560112,-6.88546],[107.5601,-6.885478],[107.560069,-6.885519],[107.560059,-6.88554],[107.560055,-6.88555],[107.560046,-6.885573],[107.560043,-6.885583],[107.560033,-6.885608],[107.560025,-6.885621],[107.560015,-6.885637],[107.559993,-6.885692],[107.559968,-6.885762],[107.559959,-6.885796],[107.559956,-6.885832],[107.559955,-6.88587],[107.55996,-6.88589],[107.55997,-6.8859],[107.559971,-6.885902],[107.559981,-6.885905],[107.559975,-6.885944],[107.559962,-6.886024],[107.55997,-6.886048],[107.559987,-6.886102],[107.559979,-6.886114],[107.559955,-6.886152],[107.559954,-6.886163],[107.559953,-6.886196],[107.559946,-6.886217],[107.559946,-6.886218],[107.559933,-6.886243],[107.559918,-6.886261],[107.559899,-6.886276],[107.559882,-6.886293],[107.559872,-6.886311],[107.559872,-6.886312],[107.559867,-6.886328],[107.559861,-6.886338],[107.559844,-6.88635],[107.559828,-6.886366],[107.559817,-6.886382],[107.559799,-6.886399],[107.559773,-6.886438],[107.559739,-6.886471],[107.559711,-6.886506],[107.559673,-6.886569],[107.559648,-6.886596],[107.559635,-6.886608],[107.559613,-6.886628],[107.559607,-6.886651],[107.5596,-6.88668],[107.55959,-6.886698],[107.559572,-6.886717],[107.55956,-6.886739],[107.559548,-6.88679],[107.559547,-6.886809],[107.559536,-6.886833],[107.559516,-6.886854],[107.559493,-6.88687],[107.55947,-6.886878],[107.559432,-6.886903],[107.559413,-6.88689],[107.559398,-6.88688],[107.559311,-6.886839],[107.559309,-6.886835],[107.559304,-6.886824],[107.559158,-6.886752],[107.559125,-6.886738],[107.559113,-6.886733],[107.55909,-6.886735],[107.559028,-6.886816],[107.558961,-6.886883],[107.558927,-6.886944],[107.558914,-6.886993],[107.558906,-6.887026],[107.558893,-6.887066],[107.558886,-6.88707],[107.558885,-6.887072],[107.558857,-6.887109],[107.55884,-6.887158],[107.55883,-6.887221],[107.558814,-6.887349],[107.558803,-6.887408],[107.558785,-6.887489],[107.558775,-6.887537],[107.558755,-6.887626],[107.558754,-6.887632],[107.558747,-6.887668],[107.558742,-6.887692],[107.558732,-6.887705],[107.558714,-6.887721],[107.558703,-6.887726],[107.558672,-6.887721],[107.558649,-6.887767],[107.55864,-6.887782],[107.558619,-6.887821],[107.558612,-6.887836],[107.558581,-6.887906],[107.558562,-6.887952],[107.558559,-6.887998],[107.558566,-6.888047],[107.558566,-6.888049],[107.558571,-6.888098],[107.558564,-6.888157],[107.558557,-6.888176],[107.55852,-6.888279],[107.558518,-6.888285],[107.55845,-6.888429],[107.558433,-6.888466],[107.558413,-6.888508]]]}}]}